Meta_1;25930;0.0;0.0;22518;6484.361443882535;0.24852307196782536;0;0.0
Meta_2;25930;0.0;0.05555555555555555;22518;6484.361443882535;0.24852307196782536;0;0.0
Meta_3;25930;0.0;0.1111111111111111;22518;6484.361443882535;0.24852307196782536;0;0.0
Meta_4;25930;0.0;0.16666666666666666;22518;6484.361443882535;0.24852307196782536;0;0.0
Meta_5;25930;0.0;0.2222222222222222;22518;6484.361443882535;0.24852307196782536;0;0.0
Meta_6;25930;0.0;0.2777777777777778;22914;15784.496119092595;0.2777395094946787;0;0.0
Meta_7;25930;0.0;0.3333333333333333;23317;26840.306525462136;0.3333125150758621;0;0.0
Meta_8;25930;0.0;0.38888888888888884;23356;27875.91255694169;0.3399346342395189;0;0.0
Meta_9;25930;0.0;0.4444444444444444;23356;27875.91255694169;0.3399346342395189;0;0.0
Meta_10;25930;0.0;0.5;23356;27875.91255694169;0.3399346342395189;0;0.0
Meta_11;25930;12698.779928549078;0.0;22649;12695.843495871013;0.2496622086199287;0;0.0
Meta_12;25930;12698.779928549078;0.05555555555555555;22649;12695.843495871013;0.2496622086199287;0;0.0
Meta_13;25930;12698.779928549078;0.1111111111111111;22649;12695.843495871013;0.2496622086199287;0;0.0
Meta_14;25930;12698.779928549078;0.16666666666666666;22649;12695.843495871013;0.2496622086199287;0;0.0
Meta_15;25930;12698.779928549078;0.2222222222222222;22649;12695.843495871013;0.2496622086199287;0;0.0
Meta_16;25930;12698.779928549078;0.2777777777777778;22914;15784.496119092595;0.2777395094946787;0;0.0
Meta_17;25930;12698.779928549078;0.3333333333333333;23317;26840.306525462136;0.33331251507586207;0;0.0
Meta_18;25930;12698.779928549078;0.38888888888888884;23356;27875.91255694169;0.3399346342395189;0;0.0
Meta_19;25930;12698.779928549078;0.4444444444444444;23356;27875.91255694169;0.3399346342395189;0;0.0
Meta_20;25930;12698.779928549078;0.5;23356;27875.91255694169;0.3399346342395189;0;0.0
Meta_21;25930;25397.559857098156;0.0;22751;17488.324235776592;0.252133774014365;0;1.2064301715678105E-7
Meta_22;25930;25397.559857098156;0.05555555555555555;22751;17488.324235776592;0.252133774014365;0;1.2403505146129423E-7
Meta_23;25930;25397.559857098156;0.1111111111111111;22751;17488.324235776592;0.252133774014365;0;1.3546103775957206E-7
Meta_24;25930;25397.559857098156;0.16666666666666666;22751;17488.324235776592;0.252133774014365;0;1.6003084264877488E-7
Meta_25;25930;25397.559857098156;0.2222222222222222;22750;17429.68443577659;0.2521030780801135;0;0.0
Meta_26;25930;25397.559857098156;0.2777777777777778;23084;25440.425576962487;0.2777548133775315;0;0.0
Meta_27;25930;25397.559857098156;0.3333333333333333;23317;26840.306525462136;0.333312515075862;0;0.0
Meta_28;25930;25397.559857098156;0.38888888888888884;23356;27875.91255694169;0.3399346342395189;0;0.0
Meta_29;25930;25397.559857098156;0.4444444444444444;23356;27875.91255694169;0.3399346342395189;0;0.0
Meta_30;25930;25397.559857098156;0.5;23356;27875.91255694169;0.3399346342395189;0;0.0
Meta_31;25930;38096.33978564724;0.0;22751;17488.324235776592;0.252133774014365;0;0.0
Meta_32;25930;38096.33978564724;0.05555555555555555;22751;17488.324235776592;0.252133774014365;0;0.0
Meta_33;25930;38096.33978564724;0.1111111111111111;22751;17488.324235776592;0.252133774014365;0;0.0
Meta_34;25930;38096.33978564724;0.16666666666666666;22751;17488.324235776592;0.252133774014365;0;0.0
Meta_35;25930;38096.33978564724;0.2222222222222222;22750;17429.68443577659;0.2521030780801135;0;0.0
Meta_36;25930;38096.33978564724;0.2777777777777778;23215;37001.41249937586;0.27774552085592846;0;0.0
Meta_37;25930;38096.33978564724;0.3333333333333333;23514;38110.79423754504;0.3332693693651562;0;0.0
Meta_38;25930;38096.33978564724;0.38888888888888884;23531;38137.87755694169;0.3382103696386231;0;0.0
Meta_39;25930;38096.33978564724;0.4444444444444444;23531;38137.87755694169;0.33821036963861867;0;0.0
Meta_40;25930;38096.33978564724;0.5;23531;38137.87755694169;0.33821036963861867;0;0.0
Meta_41;25930;50795.11971419631;0.0;22750;17429.68443577659;0.2521030780801135;0;2.9245217039451315E-7
Meta_42;25930;50795.11971419631;0.05555555555555555;22750;17429.68443577659;0.2521030780801135;0;3.006748431055821E-7
Meta_43;25930;50795.11971419631;0.1111111111111111;22750;17429.68443577659;0.2521030780801135;0;3.2837272018482094E-7
Meta_44;25930;50795.11971419631;0.16666666666666666;22750;17429.68443577659;0.2521030780801135;0;3.8793269724456784E-7
Meta_45;25930;50795.11971419631;0.2222222222222222;22752;17515.68038156358;0.2521646010409936;0;0.0
Meta_46;25930;50795.11971419631;0.2777777777777778;23215;37095.26346201489;0.27774777356752856;0;0.0
Meta_47;25930;50795.11971419631;0.3333333333333333;23700;50800.96532768667;0.3332557422626967;0;0.0
Meta_48;25930;50795.11971419631;0.38888888888888884;23747;50804.074356941695;0.3445183615189231;0;0.0
Meta_49;25930;50795.11971419631;0.4444444444444444;23747;50804.074356941695;0.3445183615189231;0;0.0
Meta_50;25930;50795.11971419631;0.5;23747;50804.074356941695;0.3445183615189231;0;0.0
Meta_51;25930;63493.89964274539;0.0;22750;17429.68443577659;0.2521030780801135;0;2.9245217039451315E-7
Meta_52;25930;63493.89964274539;0.05555555555555555;22750;17429.68443577659;0.2521030780801135;0;3.006748431055821E-7
Meta_53;25930;63493.89964274539;0.1111111111111111;22750;17429.68443577659;0.2521030780801135;0;3.2837272018482094E-7
Meta_54;25930;63493.89964274539;0.16666666666666666;22750;17429.68443577659;0.2521030780801135;0;3.8793269724456784E-7
Meta_55;25930;63493.89964274539;0.2222222222222222;22752;17515.68038156358;0.2521646010409936;0;0.0
Meta_56;25930;63493.89964274539;0.2777777777777778;23215;36938.84519094984;0.27774648766216975;0;0.0
Meta_57;25930;63493.89964274539;0.3333333333333333;23783;60986.28994389855;0.33332684202212864;0;0.0
Meta_58;25930;63493.89964274539;0.38888888888888884;23964;63528.91095694169;0.35974505112918936;0;0.0
Meta_59;25930;63493.89964274539;0.4444444444444444;23964;63528.91095694169;0.35974505112918936;0;0.0
Meta_60;25930;63493.89964274539;0.5;23964;63528.91095694169;0.35974505112918936;0;0.0
Meta_61;25930;76192.67957129447;0.0;22750;17429.68443577659;0.2521030780801135;0;2.9245217039451315E-7
Meta_62;25930;76192.67957129447;0.05555555555555555;22750;17429.68443577659;0.2521030780801135;0;3.006748431055821E-7
Meta_63;25930;76192.67957129447;0.1111111111111111;22750;17429.68443577659;0.2521030780801135;0;3.2837272018482094E-7
Meta_64;25930;76192.67957129447;0.16666666666666666;22750;17429.68443577659;0.2521030780801135;0;3.8793269724456784E-7
Meta_65;25930;76192.67957129447;0.2222222222222222;22752;17515.68038156358;0.2521646010409936;0;0.0
Meta_66;25930;76192.67957129447;0.2777777777777778;23215;36938.84519094984;0.27774648766216975;0;0.0
Meta_67;25930;76192.67957129447;0.3333333333333333;23783;61048.857252324575;0.33333006455135605;0;0.0
Meta_68;25930;76192.67957129447;0.38888888888888884;24180;76195.1077569417;0.3826986023873788;0;0.0
Meta_69;25930;76192.67957129447;0.4444444444444444;24180;76195.1077569417;0.3826986023873788;0;0.0
Meta_70;25930;76192.67957129447;0.5;24180;76195.1077569417;0.3826986023873788;0;0.0
Meta_71;25930;88891.45949984355;0.0;22751;17488.324235776592;0.252133774014365;0;6.566006713980272E-7
Meta_72;25930;88891.45949984355;0.05555555555555555;22751;17488.324235776592;0.252133774014365;0;0.0
Meta_73;25930;88891.45949984355;0.1111111111111111;22751;17488.324235776592;0.252133774014365;0;0.0
Meta_74;25930;88891.45949984355;0.16666666666666666;22751;17488.324235776592;0.252133774014365;0;0.0
Meta_75;25930;88891.45949984355;0.2222222222222222;22751;17488.324235776592;0.252133774014365;0;0.0
Meta_76;25930;88891.45949984355;0.2777777777777778;23215;36970.12884516285;0.2777457573976149;0;0.0
Meta_77;25930;88891.45949984355;0.3333333333333333;23783;60892.43898125952;0.33332509367927177;0;0.0
Meta_78;25930;88891.45949984355;0.38888888888888884;24229;80319.80412546213;0.3888716832991423;0;0.0
Meta_79;25930;88891.45949984355;0.4444444444444444;24312;83935.56135694169;0.4000000000000001;0;0.0
Meta_80;25930;88891.45949984355;0.5;24312;83935.56135694169;0.4000000000000001;0;0.0
Meta_81;25930;101590.23942839263;0.0;22751;17488.324235776592;0.252133774014365;0;6.566006713980272E-7
Meta_82;25930;101590.23942839263;0.05555555555555555;22751;17488.324235776592;0.252133774014365;0;0.0
Meta_83;25930;101590.23942839263;0.1111111111111111;22751;17488.324235776592;0.252133774014365;0;0.0
Meta_84;25930;101590.23942839263;0.16666666666666666;22751;17488.324235776592;0.252133774014365;0;0.0
Meta_85;25930;101590.23942839263;0.2222222222222222;22751;17488.324235776592;0.252133774014365;0;0.0
Meta_86;25930;101590.23942839263;0.2777777777777778;23215;36970.12884516285;0.2777457573976149;0;0.0
Meta_87;25930;101590.23942839263;0.3333333333333333;23783;60892.43898125952;0.33332509367927177;0;0.0
Meta_88;25930;101590.23942839263;0.38888888888888884;24229;80319.80412546213;0.3888716832991423;0;0.0
Meta_89;25930;101590.23942839263;0.4444444444444444;24312;83935.56135694169;0.4000000000000001;0;0.0
Meta_90;25930;101590.23942839263;0.5;24312;83935.56135694169;0.4000000000000001;0;0.0
Meta_91;25930;114289.0193569417;0.0;22751;17488.324235776592;0.252133774014365;0;6.566006713980272E-7
Meta_92;25930;114289.0193569417;0.05555555555555555;22751;17488.324235776592;0.252133774014365;0;0.0
Meta_93;25930;114289.0193569417;0.1111111111111111;22751;17488.324235776592;0.252133774014365;0;0.0
Meta_94;25930;114289.0193569417;0.16666666666666666;22751;17488.324235776592;0.252133774014365;0;0.0
Meta_95;25930;114289.0193569417;0.2222222222222222;22751;17488.324235776592;0.252133774014365;0;0.0
Meta_96;25930;114289.0193569417;0.2777777777777778;23215;36970.12884516285;0.2777457573976149;0;0.0
Meta_97;25930;114289.0193569417;0.3333333333333333;23783;60892.43898125952;0.33332509367927177;0;0.0
Meta_98;25930;114289.0193569417;0.38888888888888884;24229;80319.80412546213;0.3888716832991423;0;0.0
Meta_99;25930;114289.0193569417;0.4444444444444444;24312;83935.56135694169;0.4000000000000001;0;0.0
Meta_100;25930;114289.0193569417;0.5;24312;83935.56135694169;0.4000000000000001;0;0.0
Meta_101;25530;0.0;0.0;22518;6484.361443882535;0.24852307196782536;0;0.0
Meta_102;25530;0.0;0.05555555555555555;22518;6484.361443882535;0.24852307196782536;0;0.0
Meta_103;25530;0.0;0.1111111111111111;22518;6484.361443882535;0.24852307196782536;0;0.0
Meta_104;25530;0.0;0.16666666666666666;22518;6484.361443882535;0.24852307196782536;0;0.0
Meta_105;25530;0.0;0.2222222222222222;22518;6484.361443882535;0.24852307196782536;0;0.0
Meta_106;25530;0.0;0.2777777777777778;22914;15784.496119092595;0.2777395094946787;0;0.0
Meta_107;25530;0.0;0.3333333333333333;23317;26840.306525462136;0.3333125150758621;0;0.0
Meta_108;25530;0.0;0.38888888888888884;23356;27875.91255694169;0.3399346342395189;0;0.0
Meta_109;25530;0.0;0.4444444444444444;23356;27875.91255694169;0.3399346342395189;0;0.0
Meta_110;25530;0.0;0.5;23356;27875.91255694169;0.3399346342395189;0;0.0
Meta_111;25530;12698.779928549078;0.0;22649;12695.843495871013;0.2496622086199287;0;0.0
Meta_112;25530;12698.779928549078;0.05555555555555555;22649;12695.843495871013;0.2496622086199287;0;0.0
Meta_113;25530;12698.779928549078;0.1111111111111111;22649;12695.843495871013;0.2496622086199287;0;0.0
Meta_114;25530;12698.779928549078;0.16666666666666666;22649;12695.843495871013;0.2496622086199287;0;0.0
Meta_115;25530;12698.779928549078;0.2222222222222222;22649;12695.843495871013;0.2496622086199287;0;0.0
Meta_116;25530;12698.779928549078;0.2777777777777778;22914;15784.496119092595;0.2777395094946787;0;0.0
Meta_117;25530;12698.779928549078;0.3333333333333333;23317;26840.306525462136;0.33331251507586207;0;0.0
Meta_118;25530;12698.779928549078;0.38888888888888884;23356;27875.91255694169;0.3399346342395189;0;0.0
Meta_119;25530;12698.779928549078;0.4444444444444444;23356;27875.91255694169;0.3399346342395189;0;0.0
Meta_120;25530;12698.779928549078;0.5;23356;27875.91255694169;0.3399346342395189;0;0.0
Meta_121;25530;25397.559857098156;0.0;22751;17488.324235776592;0.252133774014365;0;1.2765793148999168E-7
Meta_122;25530;25397.559857098156;0.05555555555555555;22751;17488.324235776592;0.252133774014365;0;1.3146211998719847E-7
Meta_123;25530;25397.559857098156;0.1111111111111111;22751;17488.324235776592;0.252133774014365;0;1.443686141210498E-7
Meta_124;25530;25397.559857098156;0.16666666666666666;22751;17488.324235776592;0.252133774014365;0;1.726128265393212E-7
Meta_125;25530;25397.559857098156;0.2222222222222222;22750;17429.68443577659;0.2521030780801135;0;0.0
Meta_126;25530;25397.559857098156;0.2777777777777778;23084;25440.425576962487;0.2777548133775315;0;0.0
Meta_127;25530;25397.559857098156;0.3333333333333333;23317;26840.306525462136;0.33331251507586207;0;0.0
Meta_128;25530;25397.559857098156;0.38888888888888884;23356;27875.91255694169;0.3399346342395189;0;0.0
Meta_129;25530;25397.559857098156;0.4444444444444444;23356;27875.91255694169;0.3399346342395189;0;0.0
Meta_130;25530;25397.559857098156;0.5;23356;27875.91255694169;0.3399346342395189;0;0.0
Meta_131;25530;38096.33978564724;0.0;22751;17488.324235776592;0.252133774014365;0;0.0
Meta_132;25530;38096.33978564724;0.05555555555555555;22751;17488.324235776592;0.252133774014365;0;0.0
Meta_133;25530;38096.33978564724;0.1111111111111111;22751;17488.324235776592;0.252133774014365;0;0.0
Meta_134;25530;38096.33978564724;0.16666666666666666;22751;17488.324235776592;0.252133774014365;0;0.0
Meta_135;25530;38096.33978564724;0.2222222222222222;22750;17429.68443577659;0.2521030780801135;0;0.0
Meta_136;25530;38096.33978564724;0.2777777777777778;23215;37001.41249937586;0.27774552085592846;0;0.0
Meta_137;25530;38096.33978564724;0.3333333333333333;23514;38110.79423754504;0.3332693693651562;0;0.0
Meta_138;25530;38096.33978564724;0.38888888888888884;23531;38137.87755694169;0.3382103696386231;0;0.0
Meta_139;25530;38096.33978564724;0.4444444444444444;23531;38137.87755694169;0.33821036963861867;0;0.0
Meta_140;25530;38096.33978564724;0.5;23531;38137.87755694169;0.33821036963861867;0;0.0
Meta_141;25530;50795.11971419631;0.0;22750;17429.68443577659;0.2521030780801135;0;3.0945711150790263E-7
Meta_142;25530;50795.11971419631;0.05555555555555555;22750;17429.68443577659;0.2521030780801135;0;3.1867889323692496E-7
Meta_143;25530;50795.11971419631;0.1111111111111111;22750;17429.68443577659;0.2521030780801135;0;3.499656888222832E-7
Meta_144;25530;50795.11971419631;0.16666666666666666;22750;17429.68443577659;0.2521030780801135;0;4.1843284710083533E-7
Meta_145;25530;50795.11971419631;0.2222222222222222;22752;17515.68038156358;0.2521646010409936;0;0.0
Meta_146;25530;50795.11971419631;0.2777777777777778;23215;37095.26346201489;0.27774777356752856;0;0.0
Meta_147;25530;50795.11971419631;0.3333333333333333;23700;50800.96532768667;0.3332557422626967;0;0.0
Meta_148;25530;50795.11971419631;0.38888888888888884;23747;50804.074356941695;0.3445183615189231;0;0.0
Meta_149;25530;50795.11971419631;0.4444444444444444;23747;50804.074356941695;0.3445183615189231;0;0.0
Meta_150;25530;50795.11971419631;0.5;23747;50804.074356941695;0.3445183615189231;0;0.0
Meta_151;25530;63493.89964274539;0.0;22750;17429.68443577659;0.2521030780801135;0;3.0945711150790263E-7
Meta_152;25530;63493.89964274539;0.05555555555555555;22750;17429.68443577659;0.2521030780801135;0;3.1867889323692496E-7
Meta_153;25530;63493.89964274539;0.1111111111111111;22750;17429.68443577659;0.2521030780801135;0;3.499656888222832E-7
Meta_154;25530;63493.89964274539;0.16666666666666666;22750;17429.68443577659;0.2521030780801135;0;4.1843284710083533E-7
Meta_155;25530;63493.89964274539;0.2222222222222222;22752;17515.68038156358;0.2521646010409936;0;0.0
Meta_156;25530;63493.89964274539;0.2777777777777778;23215;36938.84519094984;0.27774648766216975;0;0.0
Meta_157;25530;63493.89964274539;0.3333333333333333;23783;60986.28994389855;0.33332684202212864;0;0.0
Meta_158;25530;63493.89964274539;0.38888888888888884;23964;63528.91095694169;0.35974505112918936;0;0.0
Meta_159;25530;63493.89964274539;0.4444444444444444;23964;63528.91095694169;0.35974505112918936;0;0.0
Meta_160;25530;63493.89964274539;0.5;23964;63528.91095694169;0.35974505112918936;0;0.0
Meta_161;25530;76192.67957129447;0.0;22750;17429.68443577659;0.2521030780801135;0;3.0945711150790263E-7
Meta_162;25530;76192.67957129447;0.05555555555555555;22750;17429.68443577659;0.2521030780801135;0;3.1867889323692496E-7
Meta_163;25530;76192.67957129447;0.1111111111111111;22750;17429.68443577659;0.2521030780801135;0;3.499656888222832E-7
Meta_164;25530;76192.67957129447;0.16666666666666666;22750;17429.68443577659;0.2521030780801135;0;4.1843284710083533E-7
Meta_165;25530;76192.67957129447;0.2222222222222222;22752;17515.68038156358;0.2521646010409936;0;0.0
Meta_166;25530;76192.67957129447;0.2777777777777778;23215;36938.84519094984;0.27774648766216975;0;0.0
Meta_167;25530;76192.67957129447;0.3333333333333333;23783;61048.857252324575;0.33333006455135605;0;0.0
Meta_168;25530;76192.67957129447;0.38888888888888884;24180;76195.1077569417;0.3826986023873788;0;0.0
Meta_169;25530;76192.67957129447;0.4444444444444444;24180;76195.1077569417;0.3826986023873788;0;0.0
Meta_170;25530;76192.67957129447;0.5;24180;76195.1077569417;0.3826986023873788;0;0.0
Meta_171;25530;88891.45949984355;0.0;22751;17488.324235776592;0.252133774014365;0;0.0
Meta_172;25530;88891.45949984355;0.05555555555555555;22751;17488.324235776592;0.252133774014365;0;0.0
Meta_173;25530;88891.45949984355;0.1111111111111111;22751;17488.324235776592;0.252133774014365;0;0.0
Meta_174;25530;88891.45949984355;0.16666666666666666;22751;17488.324235776592;0.252133774014365;0;0.0
Meta_175;25530;88891.45949984355;0.2222222222222222;22751;17488.324235776592;0.252133774014365;0;0.0
Meta_176;25530;88891.45949984355;0.2777777777777778;23215;36970.12884516285;0.2777457573976149;0;0.0
Meta_177;25530;88891.45949984355;0.3333333333333333;23783;60892.43898125952;0.33332509367927177;0;0.0
Meta_178;25530;88891.45949984355;0.38888888888888884;24229;80319.80412546213;0.3888716832991423;0;0.0
Meta_179;25530;88891.45949984355;0.4444444444444444;24312;83935.56135694169;0.4000000000000001;0;0.0
Meta_180;25530;88891.45949984355;0.5;24312;83935.56135694169;0.4000000000000001;0;0.0
Meta_181;25530;101590.23942839263;0.0;22751;17488.324235776592;0.252133774014365;0;0.0
Meta_182;25530;101590.23942839263;0.05555555555555555;22751;17488.324235776592;0.252133774014365;0;0.0
Meta_183;25530;101590.23942839263;0.1111111111111111;22751;17488.324235776592;0.252133774014365;0;0.0
Meta_184;25530;101590.23942839263;0.16666666666666666;22751;17488.324235776592;0.252133774014365;0;0.0
Meta_185;25530;101590.23942839263;0.2222222222222222;22751;17488.324235776592;0.252133774014365;0;0.0
Meta_186;25530;101590.23942839263;0.2777777777777778;23215;36970.12884516285;0.2777457573976149;0;0.0
Meta_187;25530;101590.23942839263;0.3333333333333333;23783;60892.43898125952;0.33332509367927177;0;0.0
Meta_188;25530;101590.23942839263;0.38888888888888884;24229;80319.80412546213;0.3888716832991423;0;0.0
Meta_189;25530;101590.23942839263;0.4444444444444444;24312;83935.56135694169;0.4000000000000001;0;0.0
Meta_190;25530;101590.23942839263;0.5;24312;83935.56135694169;0.4000000000000001;0;0.0
Meta_191;25530;114289.0193569417;0.0;22751;17488.324235776592;0.252133774014365;0;0.0
Meta_192;25530;114289.0193569417;0.05555555555555555;22751;17488.324235776592;0.252133774014365;0;0.0
Meta_193;25530;114289.0193569417;0.1111111111111111;22751;17488.324235776592;0.252133774014365;0;0.0
Meta_194;25530;114289.0193569417;0.16666666666666666;22751;17488.324235776592;0.252133774014365;0;0.0
Meta_195;25530;114289.0193569417;0.2222222222222222;22751;17488.324235776592;0.252133774014365;0;0.0
Meta_196;25530;114289.0193569417;0.2777777777777778;23215;36970.12884516285;0.2777457573976149;0;0.0
Meta_197;25530;114289.0193569417;0.3333333333333333;23783;60892.43898125952;0.33332509367927177;0;0.0
Meta_198;25530;114289.0193569417;0.38888888888888884;24229;80319.80412546213;0.3888716832991423;0;0.0
Meta_199;25530;114289.0193569417;0.4444444444444444;24312;83935.56135694169;0.4000000000000001;0;0.0
Meta_200;25530;114289.0193569417;0.5;24312;83935.56135694169;0.4000000000000001;0;0.0
Meta_201;25131;0.0;0.0;22518;6484.361443882535;0.24852307196782536;0;0.0
Meta_202;25131;0.0;0.05555555555555555;22518;6484.361443882535;0.24852307196782536;0;0.0
Meta_203;25131;0.0;0.1111111111111111;22518;6484.361443882535;0.24852307196782536;0;0.0
Meta_204;25131;0.0;0.16666666666666666;22518;6484.361443882535;0.24852307196782536;0;0.0
Meta_205;25131;0.0;0.2222222222222222;22518;6484.361443882535;0.24852307196782536;0;0.0
Meta_206;25131;0.0;0.2777777777777778;22914;15784.496119092595;0.2777395094946787;0;0.0
Meta_207;25131;0.0;0.3333333333333333;23317;26840.306525462136;0.3333125150758621;0;0.0
Meta_208;25131;0.0;0.38888888888888884;23356;27875.91255694169;0.3399346342395189;0;0.0
Meta_209;25131;0.0;0.4444444444444444;23356;27875.91255694169;0.3399346342395189;0;0.0
Meta_210;25131;0.0;0.5;23356;27875.91255694169;0.3399346342395189;0;0.0
Meta_211;25131;12698.779928549078;0.0;22649;12695.843495871013;0.2496622086199287;0;0.0
Meta_212;25131;12698.779928549078;0.05555555555555555;22649;12695.843495871013;0.2496622086199287;0;0.0
Meta_213;25131;12698.779928549078;0.1111111111111111;22649;12695.843495871013;0.2496622086199287;0;0.0
Meta_214;25131;12698.779928549078;0.16666666666666666;22649;12695.843495871013;0.2496622086199287;0;0.0
Meta_215;25131;12698.779928549078;0.2222222222222222;22649;12695.843495871013;0.2496622086199287;0;0.0
Meta_216;25131;12698.779928549078;0.2777777777777778;22914;15784.496119092595;0.2777395094946787;0;0.0
Meta_217;25131;12698.779928549078;0.3333333333333333;23317;26840.306525462136;0.333312515075862;0;0.0
Meta_218;25131;12698.779928549078;0.38888888888888884;23356;27875.91255694169;0.3399346342395189;0;0.0
Meta_219;25131;12698.779928549078;0.4444444444444444;23356;27875.91255694169;0.3399346342395189;0;0.0
Meta_220;25131;12698.779928549078;0.5;23356;27875.91255694169;0.3399346342395189;0;0.0
Meta_221;25131;25397.559857098156;0.0;22751;17488.324235776592;0.252133774014365;0;1.3551807141961626E-7
Meta_222;25131;25397.559857098156;0.05555555555555555;22751;17488.324235776592;0.252133774014365;0;1.398130248472391E-7
Meta_223;25131;25397.559857098156;0.1111111111111111;22751;17488.324235776592;0.252133774014365;0;1.5450293856786315E-7
Meta_224;25131;25397.559857098156;0.16666666666666666;22751;17488.324235776592;0.252133774014365;0;1.8730212451203498E-7
Meta_225;25131;25397.559857098156;0.2222222222222222;22750;17429.68443577659;0.2521030780801135;0;0.0
Meta_226;25131;25397.559857098156;0.2777777777777778;23084;25440.425576962487;0.2777548133775315;0;0.0
Meta_227;25131;25397.559857098156;0.3333333333333333;23317;26840.306525462136;0.333312515075862;0;0.0
Meta_228;25131;25397.559857098156;0.38888888888888884;23356;27875.91255694169;0.3399346342395189;0;0.0
Meta_229;25131;25397.559857098156;0.4444444444444444;23356;27875.91255694169;0.3399346342395189;0;0.0
Meta_230;25131;25397.559857098156;0.5;23356;27875.91255694169;0.3399346342395189;0;0.0
Meta_231;25131;38096.33978564724;0.0;22751;17488.324235776592;0.252133774014365;0;0.0
Meta_232;25131;38096.33978564724;0.05555555555555555;22751;17488.324235776592;0.252133774014365;0;0.0
Meta_233;25131;38096.33978564724;0.1111111111111111;22751;17488.324235776592;0.252133774014365;0;0.0
Meta_234;25131;38096.33978564724;0.16666666666666666;22751;17488.324235776592;0.252133774014365;0;0.0
Meta_235;25131;38096.33978564724;0.2222222222222222;22750;17429.68443577659;0.2521030780801135;0;0.0
Meta_236;25131;38096.33978564724;0.2777777777777778;23215;37001.41249937586;0.27774552085592846;0;0.0
Meta_237;25131;38096.33978564724;0.3333333333333333;23514;38110.79423754504;0.3332693693651562;0;0.0
Meta_238;25131;38096.33978564724;0.38888888888888884;23531;38137.87755694169;0.3382103696386231;0;0.0
Meta_239;25131;38096.33978564724;0.4444444444444444;23531;38137.87755694169;0.33821036963861867;0;0.0
Meta_240;25131;38096.33978564724;0.5;23531;38137.87755694169;0.33821036963861867;0;0.0
Meta_241;25131;50795.11971419631;0.0;22750;17429.68443577659;0.2521030780801135;0;3.2851097619975066E-7
Meta_242;25131;50795.11971419631;0.05555555555555555;22750;17429.68443577659;0.2521030780801135;0;3.389224270870613E-7
Meta_243;25131;50795.11971419631;0.1111111111111111;22750;17429.68443577659;0.2521030780801135;0;3.7453243354199594E-7
Meta_244;25131;50795.11971419631;0.16666666666666666;22750;17429.68443577659;0.2521030780801135;0;4.5404136598844535E-7
Meta_245;25131;50795.11971419631;0.2222222222222222;22752;17515.68038156358;0.2521646010409936;0;0.0
Meta_246;25131;50795.11971419631;0.2777777777777778;23215;37095.26346201489;0.27774777356752856;0;0.0
Meta_247;25131;50795.11971419631;0.3333333333333333;23700;50800.96532768667;0.3332557422626967;0;0.0
Meta_248;25131;50795.11971419631;0.38888888888888884;23747;50804.074356941695;0.3445183615189231;0;0.0
Meta_249;25131;50795.11971419631;0.4444444444444444;23747;50804.074356941695;0.3445183615189231;0;0.0
Meta_250;25131;50795.11971419631;0.5;23747;50804.074356941695;0.3445183615189231;0;0.0
Meta_251;25131;63493.89964274539;0.0;22750;17429.68443577659;0.2521030780801135;0;3.2851097619975066E-7
Meta_252;25131;63493.89964274539;0.05555555555555555;22750;17429.68443577659;0.2521030780801135;0;3.389224270870613E-7
Meta_253;25131;63493.89964274539;0.1111111111111111;22750;17429.68443577659;0.2521030780801135;0;3.7453243354199594E-7
Meta_254;25131;63493.89964274539;0.16666666666666666;22750;17429.68443577659;0.2521030780801135;0;4.5404136598844535E-7
Meta_255;25131;63493.89964274539;0.2222222222222222;22752;17515.68038156358;0.2521646010409936;0;0.0
Meta_256;25131;63493.89964274539;0.2777777777777778;23215;36938.84519094984;0.27774648766216975;0;0.0
Meta_257;25131;63493.89964274539;0.3333333333333333;23783;60986.28994389855;0.33332684202212864;0;0.0
Meta_258;25131;63493.89964274539;0.38888888888888884;23964;63528.91095694169;0.35974505112918936;0;0.0
Meta_259;25131;63493.89964274539;0.4444444444444444;23964;63528.91095694169;0.35974505112918936;0;0.0
Meta_260;25131;63493.89964274539;0.5;23964;63528.91095694169;0.35974505112918936;0;0.0
Meta_261;25131;76192.67957129447;0.0;22750;17429.68443577659;0.2521030780801135;0;3.2851097619975066E-7
Meta_262;25131;76192.67957129447;0.05555555555555555;22750;17429.68443577659;0.2521030780801135;0;3.389224270870613E-7
Meta_263;25131;76192.67957129447;0.1111111111111111;22750;17429.68443577659;0.2521030780801135;0;3.7453243354199594E-7
Meta_264;25131;76192.67957129447;0.16666666666666666;22750;17429.68443577659;0.2521030780801135;0;4.5404136598844535E-7
Meta_265;25131;76192.67957129447;0.2222222222222222;22752;17515.68038156358;0.2521646010409936;0;0.0
Meta_266;25131;76192.67957129447;0.2777777777777778;23215;36938.84519094984;0.27774648766216975;0;0.0
Meta_267;25131;76192.67957129447;0.3333333333333333;23783;61048.857252324575;0.33333006455135605;0;0.0
Meta_268;25131;76192.67957129447;0.38888888888888884;24180;76195.1077569417;0.3826986023873788;0;0.0
Meta_269;25131;76192.67957129447;0.4444444444444444;24180;76195.1077569417;0.3826986023873788;0;0.0
Meta_270;25131;76192.67957129447;0.5;24180;76195.1077569417;0.3826986023873788;0;0.0
Meta_271;25131;88891.45949984355;0.0;22751;17488.324235776592;0.252133774014365;0;0.0
Meta_272;25131;88891.45949984355;0.05555555555555555;22751;17488.324235776592;0.252133774014365;0;0.0
Meta_273;25131;88891.45949984355;0.1111111111111111;22751;17488.324235776592;0.252133774014365;0;0.0
Meta_274;25131;88891.45949984355;0.16666666666666666;22751;17488.324235776592;0.252133774014365;0;0.0
Meta_275;25131;88891.45949984355;0.2222222222222222;22751;17488.324235776592;0.252133774014365;0;0.0
Meta_276;25131;88891.45949984355;0.2777777777777778;23215;36970.12884516285;0.2777457573976149;0;0.0
Meta_277;25131;88891.45949984355;0.3333333333333333;23783;60892.43898125952;0.33332509367927177;0;0.0
Meta_278;25131;88891.45949984355;0.38888888888888884;24229;80319.80412546213;0.3888716832991423;0;0.0
Meta_279;25131;88891.45949984355;0.4444444444444444;24312;83935.56135694169;0.4000000000000001;0;0.0
Meta_280;25131;88891.45949984355;0.5;24312;83935.56135694169;0.4000000000000001;0;0.0
Meta_281;25131;101590.23942839263;0.0;22751;17488.324235776592;0.252133774014365;0;0.0
Meta_282;25131;101590.23942839263;0.05555555555555555;22751;17488.324235776592;0.252133774014365;0;0.0
Meta_283;25131;101590.23942839263;0.1111111111111111;22751;17488.324235776592;0.252133774014365;0;0.0
Meta_284;25131;101590.23942839263;0.16666666666666666;22751;17488.324235776592;0.252133774014365;0;0.0
Meta_285;25131;101590.23942839263;0.2222222222222222;22751;17488.324235776592;0.252133774014365;0;0.0
Meta_286;25131;101590.23942839263;0.2777777777777778;23215;36970.12884516285;0.2777457573976149;0;0.0
Meta_287;25131;101590.23942839263;0.3333333333333333;23783;60892.43898125952;0.33332509367927177;0;0.0
Meta_288;25131;101590.23942839263;0.38888888888888884;24229;80319.80412546213;0.3888716832991423;0;0.0
Meta_289;25131;101590.23942839263;0.4444444444444444;24312;83935.56135694169;0.4000000000000001;0;0.0
Meta_290;25131;101590.23942839263;0.5;24312;83935.56135694169;0.4000000000000001;0;0.0
Meta_291;25131;114289.0193569417;0.0;22751;17488.324235776592;0.252133774014365;0;0.0
Meta_292;25131;114289.0193569417;0.05555555555555555;22751;17488.324235776592;0.252133774014365;0;0.0
Meta_293;25131;114289.0193569417;0.1111111111111111;22751;17488.324235776592;0.252133774014365;0;0.0
Meta_294;25131;114289.0193569417;0.16666666666666666;22751;17488.324235776592;0.252133774014365;0;0.0
Meta_295;25131;114289.0193569417;0.2222222222222222;22751;17488.324235776592;0.252133774014365;0;0.0
Meta_296;25131;114289.0193569417;0.2777777777777778;23215;36970.12884516285;0.2777457573976149;0;0.0
Meta_297;25131;114289.0193569417;0.3333333333333333;23783;60892.43898125952;0.33332509367927177;0;0.0
Meta_298;25131;114289.0193569417;0.38888888888888884;24229;80319.80412546213;0.3888716832991423;0;0.0
Meta_299;25131;114289.0193569417;0.4444444444444444;24312;83935.56135694169;0.4000000000000001;0;0.0
Meta_300;25131;114289.0193569417;0.5;24312;83935.56135694169;0.4000000000000001;0;0.0
Meta_301;24732;0.0;0.0;22518;6484.361443882535;0.24852307196782536;0;0.0
Meta_302;24732;0.0;0.05555555555555555;22518;6484.361443882535;0.24852307196782536;0;0.0
Meta_303;24732;0.0;0.1111111111111111;22518;6484.361443882535;0.24852307196782536;0;0.0
Meta_304;24732;0.0;0.16666666666666666;22518;6484.361443882535;0.24852307196782536;0;0.0
Meta_305;24732;0.0;0.2222222222222222;22518;6484.361443882535;0.24852307196782536;0;0.0
Meta_306;24732;0.0;0.2777777777777778;22914;15784.496119092595;0.2777395094946787;0;0.0
Meta_307;24732;0.0;0.3333333333333333;23317;26840.306525462136;0.3333125150758621;0;0.0
Meta_308;24732;0.0;0.38888888888888884;23356;27875.91255694169;0.3399346342395189;0;0.0
Meta_309;24732;0.0;0.4444444444444444;23356;27875.91255694169;0.3399346342395189;0;0.0
Meta_310;24732;0.0;0.5;23356;27875.91255694169;0.3399346342395189;0;0.0
Meta_311;24732;12698.779928549078;0.0;22649;12695.843495871013;0.2496622086199287;0;0.0
Meta_312;24732;12698.779928549078;0.05555555555555555;22649;12695.843495871013;0.2496622086199287;0;0.0
Meta_313;24732;12698.779928549078;0.1111111111111111;22649;12695.843495871013;0.2496622086199287;0;0.0
Meta_314;24732;12698.779928549078;0.16666666666666666;22649;12695.843495871013;0.2496622086199287;0;0.0
Meta_315;24732;12698.779928549078;0.2222222222222222;22649;12695.843495871013;0.2496622086199287;0;0.0
Meta_316;24732;12698.779928549078;0.2777777777777778;22914;15784.496119092595;0.2777395094946787;0;0.0
Meta_317;24732;12698.779928549078;0.3333333333333333;23317;26840.306525462136;0.333312515075862;0;0.0
Meta_318;24732;12698.779928549078;0.38888888888888884;23356;27875.91255694169;0.3399346342395189;0;0.0
Meta_319;24732;12698.779928549078;0.4444444444444444;23356;27875.91255694169;0.3399346342395189;0;0.0
Meta_320;24732;12698.779928549078;0.5;23356;27875.91255694169;0.3399346342395189;0;0.0
Meta_321;24732;25397.559857098156;0.0;22751;17488.324235776592;0.252133774014365;0;1.4440964628160314E-7
Meta_322;24732;25397.559857098156;0.05555555555555555;22751;17488.324235776592;0.252133774014365;0;1.4929685024436355E-7
Meta_323;24732;25397.559857098156;0.1111111111111111;22751;17488.324235776592;0.252133774014365;0;1.6616749086295075E-7
Meta_324;24732;25397.559857098156;0.16666666666666666;22751;17488.324235776592;0.252133774014365;0;2.0472408006258996E-7
Meta_325;24732;25397.559857098156;0.2222222222222222;22750;17429.68443577659;0.2521030780801135;0;0.0
Meta_326;24732;25397.559857098156;0.2777777777777778;23084;25440.425576962487;0.2777548133775315;0;0.0
Meta_327;24732;25397.559857098156;0.3333333333333333;23317;26840.306525462136;0.333312515075862;0;0.0
Meta_328;24732;25397.559857098156;0.38888888888888884;23356;27875.91255694169;0.3399346342395189;0;0.0
Meta_329;24732;25397.559857098156;0.4444444444444444;23356;27875.91255694169;0.3399346342395189;0;0.0
Meta_330;24732;25397.559857098156;0.5;23356;27875.91255694169;0.3399346342395189;0;0.0
Meta_331;24732;38096.33978564724;0.0;22751;17488.324235776592;0.252133774014365;0;0.0
Meta_332;24732;38096.33978564724;0.05555555555555555;22751;17488.324235776592;0.252133774014365;0;0.0
Meta_333;24732;38096.33978564724;0.1111111111111111;22751;17488.324235776592;0.252133774014365;0;0.0
Meta_334;24732;38096.33978564724;0.16666666666666666;22751;17488.324235776592;0.252133774014365;0;0.0
Meta_335;24732;38096.33978564724;0.2222222222222222;22750;17429.68443577659;0.2521030780801135;0;0.0
Meta_336;24732;38096.33978564724;0.2777777777777778;23215;37001.41249937586;0.27774552085592846;0;0.0
Meta_337;24732;38096.33978564724;0.3333333333333333;23514;38110.79423754504;0.3332693693651562;0;0.0
Meta_338;24732;38096.33978564724;0.38888888888888884;23531;38137.87755694169;0.3382103696386231;0;0.0
Meta_339;24732;38096.33978564724;0.4444444444444444;23531;38137.87755694169;0.33821036963861867;0;0.0
Meta_340;24732;38096.33978564724;0.5;23531;38137.87755694169;0.33821036963861867;0;0.0
Meta_341;24732;50795.11971419631;0.0;22750;17429.68443577659;0.2521030780801135;0;3.500651554040047E-7
Meta_342;24732;50795.11971419631;0.05555555555555555;22750;17429.68443577659;0.2521030780801135;0;3.619122885315902E-7
Meta_343;24732;50795.11971419631;0.1111111111111111;22750;17429.68443577659;0.2521030780801135;0;4.0280862528359063E-7
Meta_344;24732;50795.11971419631;0.16666666666666666;22750;17429.68443577659;0.2521030780801135;0;4.962741590232649E-7
Meta_345;24732;50795.11971419631;0.2222222222222222;22752;17515.68038156358;0.2521646010409936;0;0.0
Meta_346;24732;50795.11971419631;0.2777777777777778;23215;37095.26346201489;0.27774777356752856;0;0.0
Meta_347;24732;50795.11971419631;0.3333333333333333;23700;50800.96532768667;0.3332557422626967;0;0.0
Meta_348;24732;50795.11971419631;0.38888888888888884;23747;50804.074356941695;0.3445183615189231;0;0.0
Meta_349;24732;50795.11971419631;0.4444444444444444;23747;50804.074356941695;0.3445183615189231;0;0.0
Meta_350;24732;50795.11971419631;0.5;23747;50804.074356941695;0.3445183615189231;0;0.0
Meta_351;24732;63493.89964274539;0.0;22750;17429.68443577659;0.2521030780801135;0;3.500651554040047E-7
Meta_352;24732;63493.89964274539;0.05555555555555555;22750;17429.68443577659;0.2521030780801135;0;3.619122885315902E-7
Meta_353;24732;63493.89964274539;0.1111111111111111;22750;17429.68443577659;0.2521030780801135;0;4.0280862528359063E-7
Meta_354;24732;63493.89964274539;0.16666666666666666;22750;17429.68443577659;0.2521030780801135;0;4.962741590232649E-7
Meta_355;24732;63493.89964274539;0.2222222222222222;22752;17515.68038156358;0.2521646010409936;0;0.0
Meta_356;24732;63493.89964274539;0.2777777777777778;23215;36938.84519094984;0.27774648766216975;0;0.0
Meta_357;24732;63493.89964274539;0.3333333333333333;23783;60986.28994389855;0.33332684202212864;0;0.0
Meta_358;24732;63493.89964274539;0.38888888888888884;23964;63528.91095694169;0.35974505112918936;0;0.0
Meta_359;24732;63493.89964274539;0.4444444444444444;23964;63528.91095694169;0.35974505112918936;0;0.0
Meta_360;24732;63493.89964274539;0.5;23964;63528.91095694169;0.35974505112918936;0;0.0
Meta_361;24732;76192.67957129447;0.0;22750;17429.68443577659;0.2521030780801135;0;3.500651554040047E-7
Meta_362;24732;76192.67957129447;0.05555555555555555;22750;17429.68443577659;0.2521030780801135;0;3.619122885315902E-7
Meta_363;24732;76192.67957129447;0.1111111111111111;22750;17429.68443577659;0.2521030780801135;0;4.0280862528359063E-7
Meta_364;24732;76192.67957129447;0.16666666666666666;22750;17429.68443577659;0.2521030780801135;0;4.962741590232649E-7
Meta_365;24732;76192.67957129447;0.2222222222222222;22752;17515.68038156358;0.2521646010409936;0;0.0
Meta_366;24732;76192.67957129447;0.2777777777777778;23215;36938.84519094984;0.27774648766216975;0;0.0
Meta_367;24732;76192.67957129447;0.3333333333333333;23783;61048.857252324575;0.33333006455135605;0;0.0
Meta_368;24732;76192.67957129447;0.38888888888888884;24180;76195.1077569417;0.3826986023873788;0;0.0
Meta_369;24732;76192.67957129447;0.4444444444444444;24180;76195.1077569417;0.3826986023873788;0;0.0
Meta_370;24732;76192.67957129447;0.5;24180;76195.1077569417;0.3826986023873788;0;0.0
Meta_371;24732;88891.45949984355;0.0;22751;17488.324235776592;0.252133774014365;0;0.0
Meta_372;24732;88891.45949984355;0.05555555555555555;22751;17488.324235776592;0.252133774014365;0;0.0
Meta_373;24732;88891.45949984355;0.1111111111111111;22751;17488.324235776592;0.252133774014365;0;0.0
Meta_374;24732;88891.45949984355;0.16666666666666666;22751;17488.324235776592;0.252133774014365;0;0.0
Meta_375;24732;88891.45949984355;0.2222222222222222;22751;17488.324235776592;0.252133774014365;0;0.0
Meta_376;24732;88891.45949984355;0.2777777777777778;23215;36970.12884516285;0.2777457573976149;0;0.0
Meta_377;24732;88891.45949984355;0.3333333333333333;23783;60892.43898125952;0.33332509367927177;0;0.0
Meta_378;24732;88891.45949984355;0.38888888888888884;24229;80319.80412546213;0.3888716832991423;0;0.0
Meta_379;24732;88891.45949984355;0.4444444444444444;24312;83935.56135694169;0.4000000000000001;0;0.0
Meta_380;24732;88891.45949984355;0.5;24312;83935.56135694169;0.4000000000000001;0;0.0
Meta_381;24732;101590.23942839263;0.0;22751;17488.324235776592;0.252133774014365;0;0.0
Meta_382;24732;101590.23942839263;0.05555555555555555;22751;17488.324235776592;0.252133774014365;0;0.0
Meta_383;24732;101590.23942839263;0.1111111111111111;22751;17488.324235776592;0.252133774014365;0;0.0
Meta_384;24732;101590.23942839263;0.16666666666666666;22751;17488.324235776592;0.252133774014365;0;0.0
Meta_385;24732;101590.23942839263;0.2222222222222222;22751;17488.324235776592;0.252133774014365;0;0.0
Meta_386;24732;101590.23942839263;0.2777777777777778;23215;36970.12884516285;0.2777457573976149;0;0.0
Meta_387;24732;101590.23942839263;0.3333333333333333;23783;60892.43898125952;0.33332509367927177;0;0.0
Meta_388;24732;101590.23942839263;0.38888888888888884;24229;80319.80412546213;0.3888716832991423;0;0.0
Meta_389;24732;101590.23942839263;0.4444444444444444;24312;83935.56135694169;0.4000000000000001;0;0.0
Meta_390;24732;101590.23942839263;0.5;24312;83935.56135694169;0.4000000000000001;0;0.0
Meta_391;24732;114289.0193569417;0.0;22751;17488.324235776592;0.252133774014365;0;0.0
Meta_392;24732;114289.0193569417;0.05555555555555555;22751;17488.324235776592;0.252133774014365;0;0.0
Meta_393;24732;114289.0193569417;0.1111111111111111;22751;17488.324235776592;0.252133774014365;0;0.0
Meta_394;24732;114289.0193569417;0.16666666666666666;22751;17488.324235776592;0.252133774014365;0;0.0
Meta_395;24732;114289.0193569417;0.2222222222222222;22751;17488.324235776592;0.252133774014365;0;0.0
Meta_396;24732;114289.0193569417;0.2777777777777778;23215;36970.12884516285;0.2777457573976149;0;0.0
Meta_397;24732;114289.0193569417;0.3333333333333333;23783;60892.43898125952;0.33332509367927177;0;0.0
Meta_398;24732;114289.0193569417;0.38888888888888884;24229;80319.80412546213;0.3888716832991423;0;0.0
Meta_399;24732;114289.0193569417;0.4444444444444444;24312;83935.56135694169;0.4000000000000001;0;0.0
Meta_400;24732;114289.0193569417;0.5;24312;83935.56135694169;0.4000000000000001;0;0.0
Meta_401;24333;0.0;0.0;22518;6484.361443882535;0.24852307196782536;0;0.0
Meta_402;24333;0.0;0.05555555555555555;22518;6484.361443882535;0.24852307196782536;0;0.0
Meta_403;24333;0.0;0.1111111111111111;22518;6484.361443882535;0.24852307196782536;0;0.0
Meta_404;24333;0.0;0.16666666666666666;22518;6484.361443882535;0.24852307196782536;0;0.0
Meta_405;24333;0.0;0.2222222222222222;22518;6484.361443882535;0.24852307196782536;0;0.0
Meta_406;24333;0.0;0.2777777777777778;22914;15784.496119092595;0.2777395094946787;0;0.0
Meta_407;24333;0.0;0.3333333333333333;23317;26840.306525462136;0.3333125150758621;0;0.0
Meta_408;24333;0.0;0.38888888888888884;23356;27875.91255694169;0.3399346342395189;0;0.0
Meta_409;24333;0.0;0.4444444444444444;23356;27875.91255694169;0.3399346342395189;0;0.0
Meta_410;24333;0.0;0.5;23356;27875.91255694169;0.3399346342395189;0;0.0
Meta_411;24333;12698.779928549078;0.0;22649;12695.843495871013;0.2496622086199287;0;0.0
Meta_412;24333;12698.779928549078;0.05555555555555555;22649;12695.843495871013;0.2496622086199287;0;0.0
Meta_413;24333;12698.779928549078;0.1111111111111111;22649;12695.843495871013;0.2496622086199287;0;0.0
Meta_414;24333;12698.779928549078;0.16666666666666666;22649;12695.843495871013;0.2496622086199287;0;0.0
Meta_415;24333;12698.779928549078;0.2222222222222222;22649;12695.843495871013;0.2496622086199287;0;0.0
Meta_416;24333;12698.779928549078;0.2777777777777778;22914;15784.496119092595;0.2777395094946787;0;0.0
Meta_417;24333;12698.779928549078;0.3333333333333333;23317;26840.306525462136;0.33331251507586207;0;0.0
Meta_418;24333;12698.779928549078;0.38888888888888884;23356;27875.91255694169;0.3399346342395189;0;0.0
Meta_419;24333;12698.779928549078;0.4444444444444444;23356;27875.91255694169;0.3399346342395189;0;0.0
Meta_420;24333;12698.779928549078;0.5;23356;27875.91255694169;0.3399346342395189;0;0.0
Meta_421;24333;25397.559857098156;0.0;22751;17488.324235776592;0.252133774014365;0;1.5454993457522687E-7
Meta_422;24333;25397.559857098156;0.05555555555555555;22751;17488.324235776592;0.252133774014365;0;1.601609179383904E-7
Meta_423;24333;25397.559857098156;0.1111111111111111;22751;17488.324235776592;0.252133774014365;0;1.7973715848989724E-7
Meta_424;24333;25397.559857098156;0.16666666666666666;22751;17488.324235776592;0.252133774014365;0;2.2571943169442759E-7
Meta_425;24333;25397.559857098156;0.2222222222222222;22750;17429.68443577659;0.2521030780801135;0;0.0
Meta_426;24333;25397.559857098156;0.2777777777777778;23084;25440.425576962487;0.2777548133775315;0;0.0
Meta_427;24333;25397.559857098156;0.3333333333333333;23317;26840.306525462136;0.333312515075862;0;0.0
Meta_428;24333;25397.559857098156;0.38888888888888884;23356;27875.91255694169;0.3399346342395189;0;0.0
Meta_429;24333;25397.559857098156;0.4444444444444444;23356;27875.91255694169;0.3399346342395189;0;0.0
Meta_430;24333;25397.559857098156;0.5;23356;27875.91255694169;0.3399346342395189;0;0.0
Meta_431;24333;38096.33978564724;0.0;22751;17488.324235776592;0.252133774014365;0;0.0
Meta_432;24333;38096.33978564724;0.05555555555555555;22751;17488.324235776592;0.252133774014365;0;0.0
Meta_433;24333;38096.33978564724;0.1111111111111111;22751;17488.324235776592;0.252133774014365;0;0.0
Meta_434;24333;38096.33978564724;0.16666666666666666;22751;17488.324235776592;0.252133774014365;0;0.0
Meta_435;24333;38096.33978564724;0.2222222222222222;22750;17429.68443577659;0.2521030780801135;0;0.0
Meta_436;24333;38096.33978564724;0.2777777777777778;23215;37001.41249937586;0.27774552085592846;0;0.0
Meta_437;24333;38096.33978564724;0.3333333333333333;23514;38110.79423754504;0.3332693693651562;0;0.0
Meta_438;24333;38096.33978564724;0.38888888888888884;23531;38137.87755694169;0.3382103696386231;0;0.0
Meta_439;24333;38096.33978564724;0.4444444444444444;23531;38137.87755694169;0.33821036963861867;0;0.0
Meta_440;24333;38096.33978564724;0.5;23531;38137.87755694169;0.33821036963861867;0;0.0
Meta_441;24333;50795.11971419631;0.0;22750;17429.68443577659;0.2521030780801135;0;3.7464635760117793E-7
Meta_442;24333;50795.11971419631;0.05555555555555555;22750;17429.68443577659;0.2521030780801135;0;3.8824801453994755E-7
Meta_443;24333;50795.11971419631;0.1111111111111111;22750;17429.68443577659;0.2521030780801135;0;4.3570303263412624E-7
Meta_444;24333;50795.11971419631;0.16666666666666666;22750;17429.68443577659;0.2521030780801135;0;5.471692723215818E-7
Meta_445;24333;50795.11971419631;0.2222222222222222;22752;17515.68038156358;0.2521646010409936;0;0.0
Meta_446;24333;50795.11971419631;0.2777777777777778;23215;37095.26346201489;0.27774777356752856;0;0.0
Meta_447;24333;50795.11971419631;0.3333333333333333;23700;50800.96532768667;0.3332557422626967;0;0.0
Meta_448;24333;50795.11971419631;0.38888888888888884;23747;50804.074356941695;0.3445183615189231;0;0.0
Meta_449;24333;50795.11971419631;0.4444444444444444;23747;50804.074356941695;0.3445183615189231;0;0.0
Meta_450;24333;50795.11971419631;0.5;23747;50804.074356941695;0.3445183615189231;0;0.0
Meta_451;24333;63493.89964274539;0.0;22750;17429.68443577659;0.2521030780801135;0;3.7464635760117793E-7
Meta_452;24333;63493.89964274539;0.05555555555555555;22750;17429.68443577659;0.2521030780801135;0;3.8824801453994755E-7
Meta_453;24333;63493.89964274539;0.1111111111111111;22750;17429.68443577659;0.2521030780801135;0;4.3570303263412624E-7
Meta_454;24333;63493.89964274539;0.16666666666666666;22750;17429.68443577659;0.2521030780801135;0;5.471692723215818E-7
Meta_455;24333;63493.89964274539;0.2222222222222222;22752;17515.68038156358;0.2521646010409936;0;0.0
Meta_456;24333;63493.89964274539;0.2777777777777778;23215;36938.84519094984;0.27774648766216975;0;0.0
Meta_457;24333;63493.89964274539;0.3333333333333333;23783;60986.28994389855;0.33332684202212864;0;0.0
Meta_458;24333;63493.89964274539;0.38888888888888884;23964;63528.91095694169;0.35974505112918936;0;0.0
Meta_459;24333;63493.89964274539;0.4444444444444444;23964;63528.91095694169;0.35974505112918936;0;0.0
Meta_460;24333;63493.89964274539;0.5;23964;63528.91095694169;0.35974505112918936;0;0.0
Meta_461;24333;76192.67957129447;0.0;22750;17429.68443577659;0.2521030780801135;0;3.7464635760117793E-7
Meta_462;24333;76192.67957129447;0.05555555555555555;22750;17429.68443577659;0.2521030780801135;0;3.8824801453994755E-7
Meta_463;24333;76192.67957129447;0.1111111111111111;22750;17429.68443577659;0.2521030780801135;0;4.3570303263412624E-7
Meta_464;24333;76192.67957129447;0.16666666666666666;22750;17429.68443577659;0.2521030780801135;0;5.471692723215818E-7
Meta_465;24333;76192.67957129447;0.2222222222222222;22752;17515.68038156358;0.2521646010409936;0;0.0
Meta_466;24333;76192.67957129447;0.2777777777777778;23215;36938.84519094984;0.27774648766216975;0;0.0
Meta_467;24333;76192.67957129447;0.3333333333333333;23783;61048.857252324575;0.33333006455135605;0;0.0
Meta_468;24333;76192.67957129447;0.38888888888888884;24180;76195.1077569417;0.3826986023873788;0;0.0
Meta_469;24333;76192.67957129447;0.4444444444444444;24180;76195.1077569417;0.3826986023873788;0;0.0
Meta_470;24333;76192.67957129447;0.5;24180;76195.1077569417;0.3826986023873788;0;0.0
Meta_471;24333;88891.45949984355;0.0;22751;17488.324235776592;0.252133774014365;0;0.0
Meta_472;24333;88891.45949984355;0.05555555555555555;22751;17488.324235776592;0.252133774014365;0;0.0
Meta_473;24333;88891.45949984355;0.1111111111111111;22751;17488.324235776592;0.252133774014365;0;0.0
Meta_474;24333;88891.45949984355;0.16666666666666666;22751;17488.324235776592;0.252133774014365;0;0.0
Meta_475;24333;88891.45949984355;0.2222222222222222;22751;17488.324235776592;0.252133774014365;0;0.0
Meta_476;24333;88891.45949984355;0.2777777777777778;23215;36970.12884516285;0.2777457573976149;0;0.0
Meta_477;24333;88891.45949984355;0.3333333333333333;23783;60892.43898125952;0.33332509367927177;0;0.0
Meta_478;24333;88891.45949984355;0.38888888888888884;24229;80319.80412546213;0.3888716832991423;0;0.0
Meta_479;24333;88891.45949984355;0.4444444444444444;24312;83935.56135694169;0.4000000000000001;0;0.0
Meta_480;24333;88891.45949984355;0.5;24312;83935.56135694169;0.4000000000000001;0;0.0
Meta_481;24333;101590.23942839263;0.0;22751;17488.324235776592;0.252133774014365;0;0.0
Meta_482;24333;101590.23942839263;0.05555555555555555;22751;17488.324235776592;0.252133774014365;0;0.0
Meta_483;24333;101590.23942839263;0.1111111111111111;22751;17488.324235776592;0.252133774014365;0;0.0
Meta_484;24333;101590.23942839263;0.16666666666666666;22751;17488.324235776592;0.252133774014365;0;0.0
Meta_485;24333;101590.23942839263;0.2222222222222222;22751;17488.324235776592;0.252133774014365;0;0.0
Meta_486;24333;101590.23942839263;0.2777777777777778;23215;36970.12884516285;0.2777457573976149;0;0.0
Meta_487;24333;101590.23942839263;0.3333333333333333;23783;60892.43898125952;0.33332509367927177;0;0.0
Meta_488;24333;101590.23942839263;0.38888888888888884;24229;80319.80412546213;0.3888716832991423;0;0.0
Meta_489;24333;101590.23942839263;0.4444444444444444;24312;83935.56135694169;0.4000000000000001;0;0.0
Meta_490;24333;101590.23942839263;0.5;24312;83935.56135694169;0.4000000000000001;0;0.0
Meta_491;24333;114289.0193569417;0.0;22751;17488.324235776592;0.252133774014365;0;0.0
Meta_492;24333;114289.0193569417;0.05555555555555555;22751;17488.324235776592;0.252133774014365;0;0.0
Meta_493;24333;114289.0193569417;0.1111111111111111;22751;17488.324235776592;0.252133774014365;0;0.0
Meta_494;24333;114289.0193569417;0.16666666666666666;22751;17488.324235776592;0.252133774014365;0;0.0
Meta_495;24333;114289.0193569417;0.2222222222222222;22751;17488.324235776592;0.252133774014365;0;0.0
Meta_496;24333;114289.0193569417;0.2777777777777778;23215;36970.12884516285;0.2777457573976149;0;0.0
Meta_497;24333;114289.0193569417;0.3333333333333333;23783;60892.43898125952;0.33332509367927177;0;0.0
Meta_498;24333;114289.0193569417;0.38888888888888884;24229;80319.80412546213;0.3888716832991423;0;0.0
Meta_500;24333;114289.0193569417;0.5;24312;83935.56135694169;0.4000000000000001;0;0.0
Meta_499;24333;114289.0193569417;0.4444444444444444;24312;83935.56135694169;0.4000000000000001;0;0.0
Meta_501;23933;0.0;0.0;22516;6398.365498095545;0.24851763939336116;0;0.0
Meta_502;23933;0.0;0.05555555555555555;22516;6398.365498095545;0.24851763939336116;0;0.0
Meta_504;23933;0.0;0.16666666666666666;22516;6398.365498095545;0.24851763939336116;0;0.0
Meta_503;23933;0.0;0.1111111111111111;22516;6398.365498095545;0.24851763939336116;0;0.0
Meta_506;23933;0.0;0.2777777777777778;22914;15784.496119092595;0.2777395094946787;0;4.7080603402686204E-7
Meta_505;23933;0.0;0.2222222222222222;22516;6398.365498095545;0.24851763939336116;0;0.0
Meta_508;23933;0.0;0.38888888888888884;23356;27875.91255694169;0.3399346342395189;0;0.0
Meta_507;23933;0.0;0.3333333333333333;23317;26840.306525462136;0.33331251507586207;0;0.0
Meta_509;23933;0.0;0.4444444444444444;23356;27875.91255694169;0.3399346342395189;0;0.0
Meta_510;23933;0.0;0.5;23356;27875.91255694169;0.3399346342395189;0;0.0
Meta_511;23933;12698.779928549078;0.0;22649;12695.843495871013;0.2496622086199287;0;0.0
Meta_512;23933;12698.779928549078;0.05555555555555555;22649;12695.843495871013;0.2496622086199287;0;0.0
Meta_513;23933;12698.779928549078;0.1111111111111111;22649;12695.843495871013;0.2496622086199287;0;0.0
Meta_514;23933;12698.779928549078;0.16666666666666666;22649;12695.843495871013;0.2496622086199287;0;0.0
Meta_516;23933;12698.779928549078;0.2777777777777778;22914;15784.496119092595;0.2777395094946787;0;0.0
Meta_515;23933;12698.779928549078;0.2222222222222222;22649;12695.843495871013;0.2496622086199287;0;0.0
Meta_517;23933;12698.779928549078;0.3333333333333333;23317;26840.306525462136;0.33331251507586207;0;0.0
Meta_518;23933;12698.779928549078;0.38888888888888884;23356;27875.91255694169;0.3399346342395189;0;0.0
Meta_519;23933;12698.779928549078;0.4444444444444444;23356;27875.91255694169;0.3399346342395189;0;0.0
Meta_520;23933;12698.779928549078;0.5;23356;27875.91255694169;0.3399346342395189;0;0.0
Meta_521;23933;25397.559857098156;0.0;22752;17484.39672735057;0.2521650096912748;0;0.0
Meta_522;23933;25397.559857098156;0.05555555555555555;22752;17484.39672735057;0.2521650096912748;0;0.0
Meta_523;23933;25397.559857098156;0.1111111111111111;22752;17484.39672735057;0.2521650096912748;0;0.0
Meta_524;23933;25397.559857098156;0.16666666666666666;22752;17484.39672735057;0.2521650096912748;0;0.0
Meta_526;23933;25397.559857098156;0.2777777777777778;23084;25440.425576962487;0.2777548133775315;0;0.0
Meta_525;23933;25397.559857098156;0.2222222222222222;22752;17484.39672735057;0.2521650096912748;0;0.0
Meta_528;23933;25397.559857098156;0.38888888888888884;23356;27875.91255694169;0.3399346342395189;0;0.0
Meta_527;23933;25397.559857098156;0.3333333333333333;23317;26840.306525462136;0.33331251507586207;0;0.0
Meta_530;23933;25397.559857098156;0.5;23356;27875.91255694169;0.3399346342395189;0;0.0
Meta_529;23933;25397.559857098156;0.4444444444444444;23356;27875.91255694169;0.3399346342395189;0;0.0
Meta_532;23933;38096.33978564724;0.05555555555555555;22751;17488.324235776592;0.252133774014365;0;0.0
Meta_531;23933;38096.33978564724;0.0;22751;17488.324235776592;0.252133774014365;0;0.0
Meta_533;23933;38096.33978564724;0.1111111111111111;22751;17488.324235776592;0.252133774014365;0;0.0
Meta_534;23933;38096.33978564724;0.16666666666666666;22751;17488.324235776592;0.252133774014365;0;0.0
Meta_535;23933;38096.33978564724;0.2222222222222222;22751;17488.324235776592;0.252133774014365;0;0.0
Meta_536;23933;38096.33978564724;0.2777777777777778;23215;37001.41249937586;0.27774552085592846;0;0.0
Meta_538;23933;38096.33978564724;0.38888888888888884;23531;38137.87755694169;0.33821036963861867;0;0.0
Meta_537;23933;38096.33978564724;0.3333333333333333;23514;38110.79423754504;0.3332693693651562;0;0.0
Meta_539;23933;38096.33978564724;0.4444444444444444;23531;38137.87755694169;0.33821036963861867;0;0.0
Meta_540;23933;38096.33978564724;0.5;23531;38137.87755694169;0.33821036963861867;0;0.0
Meta_541;23933;50795.11971419631;0.0;22751;17488.324235776592;0.252133774014365;0;0.0
Meta_542;23933;50795.11971419631;0.05555555555555555;22751;17488.324235776592;0.252133774014365;0;0.0
Meta_543;23933;50795.11971419631;0.1111111111111111;22751;17488.324235776592;0.252133774014365;0;0.0
Meta_544;23933;50795.11971419631;0.16666666666666666;22751;17488.324235776592;0.252133774014365;0;0.0
Meta_546;23933;50795.11971419631;0.2777777777777778;23215;37189.114424653926;0.2777544696723826;0;0.0
Meta_545;23933;50795.11971419631;0.2222222222222222;22751;17488.324235776592;0.252133774014365;0;0.0
Meta_548;23933;50795.11971419631;0.38888888888888884;23747;50804.074356941695;0.3445183615189231;0;0.0
Meta_547;23933;50795.11971419631;0.3333333333333333;23700;50800.96532768667;0.3332557422626967;0;0.0
Meta_549;23933;50795.11971419631;0.4444444444444444;23747;50804.074356941695;0.3445183615189231;0;0.0
Meta_550;23933;50795.11971419631;0.5;23747;50804.074356941695;0.3445183615189231;0;0.0
Meta_551;23933;63493.89964274539;0.0;22751;17488.324235776592;0.252133774014365;0;0.0
Meta_552;23933;63493.89964274539;0.05555555555555555;22751;17488.324235776592;0.252133774014365;0;0.0
Meta_553;23933;63493.89964274539;0.1111111111111111;22751;17488.324235776592;0.252133774014365;0;0.0
Meta_554;23933;63493.89964274539;0.16666666666666666;22751;17488.324235776592;0.252133774014365;0;0.0
Meta_556;23933;63493.89964274539;0.2777777777777778;23215;37157.830770440916;0.27775174394251917;0;0.0
Meta_555;23933;63493.89964274539;0.2222222222222222;22751;17488.324235776592;0.252133774014365;0;0.0
Meta_558;23933;63493.89964274539;0.38888888888888884;23934;63490.3179386573;0.35401373476515613;0;0.0
Meta_557;23933;63493.89964274539;0.3333333333333333;23783;60955.006289685545;0.3333258478440306;0;0.0
Meta_560;23933;63493.89964274539;0.5;23934;63490.3179386573;0.35401373476515613;0;0.0
Meta_559;23933;63493.89964274539;0.4444444444444444;23934;63490.3179386573;0.35401373476515613;0;0.0
Meta_561;23933;76192.67957129447;0.0;22751;17488.324235776592;0.252133774014365;0;0.0
Meta_562;23933;76192.67957129447;0.05555555555555555;22751;17488.324235776592;0.252133774014365;0;0.0
Meta_563;23933;76192.67957129447;0.1111111111111111;22751;17488.324235776592;0.252133774014365;0;0.0
Meta_564;23933;76192.67957129447;0.16666666666666666;22751;17488.324235776592;0.252133774014365;0;0.0
Meta_566;23933;76192.67957129447;0.2777777777777778;23215;37157.830770440916;0.27775174394251917;0;0.0
Meta_565;23933;76192.67957129447;0.2222222222222222;22751;17488.324235776592;0.252133774014365;0;0.0
Meta_568;23933;76192.67957129447;0.38888888888888884;24028;76166.41595343684;0.36756590917118115;0;0.0
Meta_567;23933;76192.67957129447;0.3333333333333333;23783;60829.8716728335;0.3333259851098645;0;0.0
Meta_569;23933;76192.67957129447;0.4444444444444444;24028;76166.41595343684;0.36756590917118115;0;0.0
Meta_570;23933;76192.67957129447;0.5;24028;76166.41595343684;0.36756590917118115;0;0.0
Meta_571;23933;88891.45949984355;0.0;22750;17429.68443577659;0.2521030780801135;0;0.0
Meta_572;23933;88891.45949984355;0.05555555555555555;22750;17429.68443577659;0.2521030780801135;0;0.0
Meta_573;23933;88891.45949984355;0.1111111111111111;22750;17429.68443577659;0.2521030780801135;0;0.0
Meta_574;23933;88891.45949984355;0.16666666666666666;22750;17429.68443577659;0.2521030780801135;0;0.0
Meta_576;23933;88891.45949984355;0.2777777777777778;23215;37157.830770440916;0.27775174394251917;0;0.0
Meta_575;23933;88891.45949984355;0.2222222222222222;22751;17488.324235776592;0.252133774014365;0;0.0
Meta_578;23933;88891.45949984355;0.38888888888888884;23933;73567.5821036729;0.3590746288946307;0;0.0
Meta_577;23933;88891.45949984355;0.3333333333333333;23783;60736.02071019447;0.33333040771149347;0;0.0
Meta_580;23933;88891.45949984355;0.5;23933;73567.5821036729;0.35907462889463115;0;0.0
Meta_579;23933;88891.45949984355;0.4444444444444444;23933;73567.5821036729;0.35907462889463115;0;0.0
Meta_581;23933;101590.23942839263;0.0;22750;17429.68443577659;0.2521030780801135;0;0.0
Meta_582;23933;101590.23942839263;0.05555555555555555;22750;17429.68443577659;0.2521030780801135;0;0.0
Meta_583;23933;101590.23942839263;0.1111111111111111;22750;17429.68443577659;0.2521030780801135;0;0.0
Meta_584;23933;101590.23942839263;0.16666666666666666;22750;17429.68443577659;0.2521030780801135;0;0.0
Meta_586;23933;101590.23942839263;0.2777777777777778;23215;37157.830770440916;0.27775174394251917;0;0.0
Meta_585;23933;101590.23942839263;0.2222222222222222;22751;17488.324235776592;0.252133774014365;0;0.0
Meta_588;23933;101590.23942839263;0.38888888888888884;23933;73567.5821036729;0.3590746288946307;0;0.0
Meta_587;23933;101590.23942839263;0.3333333333333333;23783;60736.02071019447;0.33333040771149347;0;0.0
Meta_589;23933;101590.23942839263;0.4444444444444444;23933;73567.5821036729;0.35907462889463115;0;0.0
Meta_590;23933;101590.23942839263;0.5;23933;73567.5821036729;0.35907462889463115;0;0.0
Meta_591;23933;114289.0193569417;0.0;22750;17429.68443577659;0.2521030780801135;0;0.0
Meta_592;23933;114289.0193569417;0.05555555555555555;22750;17429.68443577659;0.2521030780801135;0;0.0
Meta_593;23933;114289.0193569417;0.1111111111111111;22750;17429.68443577659;0.2521030780801135;0;0.0
Meta_594;23933;114289.0193569417;0.16666666666666666;22750;17429.68443577659;0.2521030780801135;0;0.0
Meta_596;23933;114289.0193569417;0.2777777777777778;23215;37157.830770440916;0.27775174394251917;0;0.0
Meta_595;23933;114289.0193569417;0.2222222222222222;22751;17488.324235776592;0.252133774014365;0;0.0
Meta_598;23933;114289.0193569417;0.38888888888888884;23933;73567.5821036729;0.3590746288946307;0;0.0
Meta_597;23933;114289.0193569417;0.3333333333333333;23783;60736.02071019447;0.33333040771149347;0;0.0
Meta_600;23933;114289.0193569417;0.5;23933;73567.5821036729;0.35907462889463115;0;0.0
Meta_599;23933;114289.0193569417;0.4444444444444444;23933;73567.5821036729;0.35907462889463115;0;0.0
Meta_601;23534;0.0;0.0;22517;6457.005298095546;0.24850981404502867;0;0.0
Meta_602;23534;0.0;0.05555555555555555;22517;6457.005298095546;0.24850981404502867;0;0.0
Meta_604;23534;0.0;0.16666666666666666;22517;6457.005298095546;0.24850981404502867;0;0.0
Meta_603;23534;0.0;0.1111111111111111;22517;6457.005298095546;0.24850981404502867;0;0.0
Meta_606;23534;0.0;0.2777777777777778;22914;15784.496119092595;0.2777395094946787;0;0.0
Meta_605;23534;0.0;0.2222222222222222;22517;6457.005298095546;0.24850981404502867;0;0.0
Meta_608;23534;0.0;0.38888888888888884;23356;27875.91255694169;0.3399346342395189;0;0.0
Meta_607;23534;0.0;0.3333333333333333;23317;26840.306525462136;0.333312515075862;0;0.0
Meta_609;23534;0.0;0.4444444444444444;23356;27875.91255694169;0.3399346342395189;0;0.0
Meta_610;23534;0.0;0.5;23356;27875.91255694169;0.3399346342395189;0;0.0
Meta_611;23534;12698.779928549078;0.0;22649;12695.843495871013;0.2496622086199287;0;0.0
Meta_612;23534;12698.779928549078;0.05555555555555555;22649;12695.843495871013;0.2496622086199287;0;0.0
Meta_613;23534;12698.779928549078;0.1111111111111111;22649;12695.843495871013;0.2496622086199287;0;0.0
Meta_614;23534;12698.779928549078;0.16666666666666666;22649;12695.843495871013;0.2496622086199287;0;0.0
Meta_616;23534;12698.779928549078;0.2777777777777778;22914;15784.496119092595;0.2777395094946787;0;0.0
Meta_615;23534;12698.779928549078;0.2222222222222222;22649;12695.843495871013;0.2496622086199287;0;0.0
Meta_618;23534;12698.779928549078;0.38888888888888884;23356;27875.91255694169;0.3399346342395189;0;0.0
Meta_617;23534;12698.779928549078;0.3333333333333333;23317;26840.306525462136;0.33331251507586207;0;0.0
Meta_620;23534;12698.779928549078;0.5;23356;27875.91255694169;0.3399346342395189;0;0.0
Meta_619;23534;12698.779928549078;0.4444444444444444;23356;27875.91255694169;0.3399346342395189;0;0.0
Meta_621;23534;25397.559857098156;0.0;22752;17515.68038156358;0.2521646010409936;0;0.0
Meta_622;23534;25397.559857098156;0.05555555555555555;22752;17515.68038156358;0.2521646010409936;0;0.0
Meta_623;23534;25397.559857098156;0.1111111111111111;22752;17515.68038156358;0.2521646010409936;0;0.0
Meta_624;23534;25397.559857098156;0.16666666666666666;22752;17515.68038156358;0.2521646010409936;0;0.0
Meta_626;23534;25397.559857098156;0.2777777777777778;23084;25440.425576962487;0.2777548133775315;0;0.0
Meta_625;23534;25397.559857098156;0.2222222222222222;22752;17515.68038156358;0.2521646010409936;0;0.0
Meta_628;23534;25397.559857098156;0.38888888888888884;23356;27875.91255694169;0.3399346342395189;0;0.0
Meta_627;23534;25397.559857098156;0.3333333333333333;23317;26840.306525462136;0.33331251507586207;0;0.0
Meta_629;23534;25397.559857098156;0.4444444444444444;23356;27875.91255694169;0.3399346342395189;0;0.0
Meta_630;23534;25397.559857098156;0.5;23356;27875.91255694169;0.3399346342395189;0;0.0
Meta_631;23534;38096.33978564724;0.0;22751;17457.04058156358;0.2521339269545796;0;5.265383540005223E-7
Meta_632;23534;38096.33978564724;0.05555555555555555;22751;17457.04058156358;0.2521339269545796;0;5.489152211296984E-7
Meta_634;23534;38096.33978564724;0.16666666666666666;22750;17429.68443577659;0.2521030780801135;0;0.0
Meta_633;23534;38096.33978564724;0.1111111111111111;22751;17457.04058156358;0.2521339269545796;0;6.291250312088498E-7
Meta_636;23534;38096.33978564724;0.2777777777777778;23215;37001.41249937586;0.27774552085592846;0;0.0
Meta_635;23534;38096.33978564724;0.2222222222222222;22750;17429.68443577659;0.2521030780801135;0;0.0
Meta_638;23534;38096.33978564724;0.38888888888888884;23531;38137.87755694169;0.33821036963861867;0;0.0
Meta_637;23534;38096.33978564724;0.3333333333333333;23514;38110.79423754504;0.3332693693651562;0;0.0
Meta_639;23534;38096.33978564724;0.4444444444444444;23531;38137.87755694169;0.33821036963861867;0;0.0
Meta_640;23534;38096.33978564724;0.5;23531;38137.87755694169;0.33821036963861867;0;0.0
Meta_641;23534;50795.11971419631;0.0;22753;17543.03652735057;0.2521956619067704;0;0.0
Meta_642;23534;50795.11971419631;0.05555555555555555;22753;17543.03652735057;0.2521956619067704;0;0.0
Meta_644;23534;50795.11971419631;0.16666666666666666;22753;17543.03652735057;0.2521956619067704;0;0.0
Meta_643;23534;50795.11971419631;0.1111111111111111;22753;17543.03652735057;0.2521956619067704;0;0.0
Meta_646;23534;50795.11971419631;0.2777777777777778;23215;37001.41249937586;0.27774552085592846;0;0.0
Meta_645;23534;50795.11971419631;0.2222222222222222;22753;17543.03652735057;0.2521956619067704;0;0.0
Meta_647;23534;50795.11971419631;0.3333333333333333;23535;50792.04747950709;0.3065011525886957;0;0.0
Meta_648;23534;50795.11971419631;0.38888888888888884;23535;50792.04747950709;0.3065011525886957;0;0.0
Meta_649;23534;50795.11971419631;0.4444444444444444;23535;50792.04747950709;0.3065011525886957;0;0.0
Meta_650;23534;50795.11971419631;0.5;23535;50792.04747950709;0.3065011525886957;0;0.0
Meta_652;23534;63493.89964274539;0.05555555555555555;22753;17543.03652735057;0.2521956619067704;0;0.0
Meta_651;23534;63493.89964274539;0.0;22753;17543.03652735057;0.2521956619067704;0;0.0
Meta_654;23534;63493.89964274539;0.16666666666666666;22753;17543.03652735057;0.2521956619067704;0;0.0
Meta_653;23534;63493.89964274539;0.1111111111111111;22753;17543.03652735057;0.2521956619067704;0;0.0
Meta_656;23534;63493.89964274539;0.2777777777777778;23215;37314.24904150597;0.2777703091711241;0;0.0
Meta_655;23534;63493.89964274539;0.2222222222222222;22753;17543.03652735057;0.2521956619067704;0;0.0
Meta_658;23534;63493.89964274539;0.38888888888888884;23564;63473.164308274;0.33945316364216516;0;0.0
Meta_657;23534;63493.89964274539;0.3333333333333333;23534;61494.98472878291;0.3332436547805154;0;0.0
Meta_659;23534;63493.89964274539;0.4444444444444444;23564;63473.164308274;0.33945316364216516;0;0.0
Meta_660;23534;63493.89964274539;0.5;23564;63473.164308274;0.33945316364216516;0;0.0
Meta_662;23534;76192.67957129447;0.05555555555555555;22753;17543.03652735057;0.2521956619067704;0;0.0
Meta_661;23534;76192.67957129447;0.0;22753;17543.03652735057;0.2521956619067704;0;0.0
Meta_663;23534;76192.67957129447;0.1111111111111111;22753;17543.03652735057;0.2521956619067704;0;0.0
Meta_664;23534;76192.67957129447;0.16666666666666666;22753;17543.03652735057;0.2521956619067704;0;0.0
Meta_666;23534;76192.67957129447;0.2777777777777778;23215;36782.42691988478;0.2777575445995227;0;0.0
Meta_665;23534;76192.67957129447;0.2222222222222222;22753;17543.03652735057;0.2521956619067704;0;0.0
Meta_668;23534;76192.67957129447;0.38888888888888884;24028;76166.41595343684;0.36756590917118115;0;0.0
Meta_667;23534;76192.67957129447;0.3333333333333333;23534;42881.21047204131;0.3191078323096837;0;0.0
Meta_670;23534;76192.67957129447;0.5;24028;76166.41595343684;0.36756590917118115;0;0.0
Meta_669;23534;76192.67957129447;0.4444444444444444;24028;76166.41595343684;0.36756590917118115;0;0.0
Meta_672;23534;88891.45949984355;0.05555555555555555;22753;17543.03652735057;0.25219566190677034;0;0.0
Meta_671;23534;88891.45949984355;0.0;22753;17543.03652735057;0.25219566190677034;0;0.0
Meta_673;23534;88891.45949984355;0.1111111111111111;22753;17543.03652735057;0.25219566190677034;0;0.0
Meta_674;23534;88891.45949984355;0.16666666666666666;22753;17543.03652735057;0.25219566190677034;0;0.0
Meta_675;23534;88891.45949984355;0.2222222222222222;22751;17488.324235776592;0.252133774014365;0;0.0
Meta_676;23534;88891.45949984355;0.2777777777777778;23215;36844.9942283108;0.2777516407409369;0;0.0
Meta_678;23534;88891.45949984355;0.38888888888888884;23534;62652.47993466433;0.33886784199278336;0;0.0
Meta_677;23534;88891.45949984355;0.3333333333333333;23534;61494.98472878291;0.3332436547805154;0;0.0
Meta_679;23534;88891.45949984355;0.4444444444444444;23534;62652.47993466433;0.33886784199278397;0;0.0
Meta_680;23534;88891.45949984355;0.5;23534;62652.47993466433;0.33886784199278397;0;0.0
Meta_682;23534;101590.23942839263;0.05555555555555555;22753;17543.03652735057;0.25219566190677034;0;0.0
Meta_681;23534;101590.23942839263;0.0;22753;17543.03652735057;0.25219566190677034;0;0.0
Meta_683;23534;101590.23942839263;0.1111111111111111;22753;17543.03652735057;0.25219566190677034;0;0.0
Meta_684;23534;101590.23942839263;0.16666666666666666;22753;17543.03652735057;0.25219566190677034;0;0.0
Meta_686;23534;101590.23942839263;0.2777777777777778;23215;36844.9942283108;0.2777516407409369;0;0.0
Meta_685;23534;101590.23942839263;0.2222222222222222;22751;17488.324235776592;0.252133774014365;0;0.0
Meta_688;23534;101590.23942839263;0.38888888888888884;23534;62652.47993466433;0.33886784199278336;0;0.0
Meta_687;23534;101590.23942839263;0.3333333333333333;23534;61494.98472878291;0.3332436547805154;0;0.0
Meta_689;23534;101590.23942839263;0.4444444444444444;23534;62652.47993466433;0.33886784199278397;0;0.0
Meta_690;23534;101590.23942839263;0.5;23534;62652.47993466433;0.33886784199278397;0;0.0
Meta_692;23534;114289.0193569417;0.05555555555555555;22753;17543.03652735057;0.25219566190677034;0;0.0
Meta_691;23534;114289.0193569417;0.0;22753;17543.03652735057;0.25219566190677034;0;0.0
Meta_693;23534;114289.0193569417;0.1111111111111111;22753;17543.03652735057;0.25219566190677034;0;0.0
Meta_694;23534;114289.0193569417;0.16666666666666666;22753;17543.03652735057;0.25219566190677034;0;0.0
Meta_695;23534;114289.0193569417;0.2222222222222222;22751;17488.324235776592;0.252133774014365;0;0.0
Meta_696;23534;114289.0193569417;0.2777777777777778;23215;36844.9942283108;0.2777516407409369;0;0.0
Meta_697;23534;114289.0193569417;0.3333333333333333;23534;61494.98472878291;0.3332436547805154;0;0.0
Meta_698;23534;114289.0193569417;0.38888888888888884;23534;62652.47993466433;0.33886784199278336;0;0.0
Meta_699;23534;114289.0193569417;0.4444444444444444;23534;62652.47993466433;0.33886784199278397;0;0.0
Meta_700;23534;114289.0193569417;0.5;23534;62652.47993466433;0.33886784199278397;0;0.0
Meta_702;23135;0.0;0.05555555555555555;22517;6457.005298095546;0.24850981404502867;0;0.0
Meta_701;23135;0.0;0.0;22517;6457.005298095546;0.24850981404502867;0;0.0
Meta_704;23135;0.0;0.16666666666666666;22517;6457.005298095546;0.24850981404502867;0;0.0
Meta_703;23135;0.0;0.1111111111111111;22517;6457.005298095546;0.24850981404502867;0;0.0
Meta_706;23135;0.0;0.2777777777777778;22914;15784.496119092595;0.2777395094946787;0;0.0
Meta_705;23135;0.0;0.2222222222222222;22517;6457.005298095546;0.24850981404502867;0;0.0
Meta_707;23135;0.0;0.3333333333333333;23135;21830.20433801714;0.3056479540748571;0;0.0
Meta_708;23135;0.0;0.38888888888888884;23135;21830.20433801714;0.3056479540748571;0;0.0
Meta_710;23135;0.0;0.5;23135;21830.20433801714;0.3056479540748571;0;0.0
Meta_709;23135;0.0;0.4444444444444444;23135;21830.20433801714;0.3056479540748571;0;0.0
Meta_712;23135;12698.779928549078;0.05555555555555555;22649;12695.843495871013;0.2496622086199287;0;0.0
Meta_711;23135;12698.779928549078;0.0;22649;12695.843495871013;0.2496622086199287;0;0.0
Meta_713;23135;12698.779928549078;0.1111111111111111;22649;12695.843495871013;0.2496622086199287;0;0.0
Meta_714;23135;12698.779928549078;0.16666666666666666;22649;12695.843495871013;0.2496622086199287;0;0.0
Meta_715;23135;12698.779928549078;0.2222222222222222;22649;12695.843495871013;0.2496622086199287;0;0.0
Meta_716;23135;12698.779928549078;0.2777777777777778;22914;15784.496119092595;0.2777395094946787;0;0.0
Meta_717;23135;12698.779928549078;0.3333333333333333;23135;21830.20433801714;0.3056479540748571;0;0.0
Meta_718;23135;12698.779928549078;0.38888888888888884;23135;21830.20433801714;0.3056479540748571;0;0.0
Meta_719;23135;12698.779928549078;0.4444444444444444;23135;21830.20433801714;0.3056479540748571;0;0.0
Meta_720;23135;12698.779928549078;0.5;23135;21830.20433801714;0.3056479540748571;0;0.0
Meta_721;23135;25397.559857098156;0.0;22751;17457.04058156358;0.2521339269545796;0;0.0
Meta_722;23135;25397.559857098156;0.05555555555555555;22751;17457.04058156358;0.2521339269545796;0;0.0
Meta_724;23135;25397.559857098156;0.16666666666666666;22751;17457.04058156358;0.2521339269545796;0;0.0
Meta_723;23135;25397.559857098156;0.1111111111111111;22751;17457.04058156358;0.2521339269545796;0;0.0
Meta_726;23135;25397.559857098156;0.2777777777777778;23084;25440.425576962487;0.27775481337753155;0;0.0
Meta_725;23135;25397.559857098156;0.2222222222222222;22751;17457.04058156358;0.2521339269545796;0;0.0
Meta_727;23135;25397.559857098156;0.3333333333333333;23135;25396.54091830041;0.2887983203018853;0;0.0
Meta_728;23135;25397.559857098156;0.38888888888888884;23135;25396.54091830041;0.2887983203018853;0;0.0
Meta_729;23135;25397.559857098156;0.4444444444444444;23135;25396.54091830041;0.2887983203018853;0;0.0
Meta_730;23135;25397.559857098156;0.5;23135;25396.54091830041;0.2887983203018853;0;0.0
Meta_731;23135;38096.33978564724;0.0;22751;17457.04058156358;0.2521339269545796;0;0.0
Meta_732;23135;38096.33978564724;0.05555555555555555;22751;17457.04058156358;0.2521339269545796;0;0.0
Meta_734;23135;38096.33978564724;0.16666666666666666;22751;17457.04058156358;0.2521339269545796;0;0.0
Meta_733;23135;38096.33978564724;0.1111111111111111;22751;17457.04058156358;0.2521339269545796;0;0.0
Meta_736;23135;38096.33978564724;0.2777777777777778;23136;38093.777020356894;0.2768837580970316;0;0.0
Meta_735;23135;38096.33978564724;0.2222222222222222;22751;17457.04058156358;0.2521339269545796;0;0.0
Meta_737;23135;38096.33978564724;0.3333333333333333;23136;38093.777020356894;0.2768837580970316;0;0.0
Meta_738;23135;38096.33978564724;0.38888888888888884;23136;38093.777020356894;0.2768837580970316;0;0.0
Meta_739;23135;38096.33978564724;0.4444444444444444;23136;38093.777020356894;0.2768837580970316;0;0.0
Meta_740;23135;38096.33978564724;0.5;23136;38093.777020356894;0.2768837580970316;0;0.0
Meta_741;23135;50795.11971419631;0.0;22751;17457.04058156358;0.2521339269545796;0;0.0
Meta_742;23135;50795.11971419631;0.05555555555555555;22751;17457.04058156358;0.2521339269545796;0;0.0
Meta_744;23135;50795.11971419631;0.16666666666666666;22751;17457.04058156358;0.2521339269545796;0;0.0
Meta_743;23135;50795.11971419631;0.1111111111111111;22751;17457.04058156358;0.2521339269545796;0;0.0
Meta_745;23135;50795.11971419631;0.2222222222222222;22751;17457.04058156358;0.2521339269545796;0;0.0
Meta_746;23135;50795.11971419631;0.2777777777777778;23135;38347.973762487;0.27749829300380546;0;0.0
Meta_747;23135;50795.11971419631;0.3333333333333333;23203;50782.0668;0.3243892035834371;0;0.0
Meta_748;23135;50795.11971419631;0.38888888888888884;23203;50782.0668;0.3243892035834371;0;0.0
Meta_749;23135;50795.11971419631;0.4444444444444444;23203;50782.0668;0.3243892035834371;0;0.0
Meta_750;23135;50795.11971419631;0.5;23203;50782.0668;0.3243892035834371;0;0.0
Meta_752;23135;63493.89964274539;0.05555555555555555;22751;17457.04058156358;0.2521339269545796;0;0.0
Meta_751;23135;63493.89964274539;0.0;22751;17457.04058156358;0.2521339269545796;0;0.0
Meta_753;23135;63493.89964274539;0.1111111111111111;22751;17457.04058156358;0.2521339269545796;0;0.0
Meta_754;23135;63493.89964274539;0.16666666666666666;22751;17457.04058156358;0.2521339269545796;0;0.0
Meta_755;23135;63493.89964274539;0.2222222222222222;22751;17457.04058156358;0.2521339269545796;0;0.0
Meta_756;23135;63493.89964274539;0.2777777777777778;23135;38347.973762487;0.27749829300380546;0;0.0
Meta_758;23135;63493.89964274539;0.38888888888888884;23293;56059.6488;0.339934634239519;0;0.0
Meta_757;23135;63493.89964274539;0.3333333333333333;23272;54327.67453259182;0.3330435740896033;0;0.0
Meta_760;23135;63493.89964274539;0.5;23293;56059.6488;0.339934634239519;0;0.0
Meta_759;23135;63493.89964274539;0.4444444444444444;23293;56059.6488;0.339934634239519;0;0.0
Meta_761;23135;76192.67957129447;0.0;22751;17457.04058156358;0.2521339269545796;0;0.0
Meta_762;23135;76192.67957129447;0.05555555555555555;22751;17457.04058156358;0.2521339269545796;0;0.0
Meta_764;23135;76192.67957129447;0.16666666666666666;22751;17457.04058156358;0.2521339269545796;0;0.0
Meta_763;23135;76192.67957129447;0.1111111111111111;22751;17457.04058156358;0.2521339269545796;0;0.0
Meta_765;23135;76192.67957129447;0.2222222222222222;22751;17457.04058156358;0.2521339269545796;0;0.0
Meta_766;23135;76192.67957129447;0.2777777777777778;23135;38347.973762487;0.27749829300380546;0;0.0
Meta_767;23135;76192.67957129447;0.3333333333333333;23272;54327.67453259182;0.3330435740896033;0;0.0
Meta_768;23135;76192.67957129447;0.38888888888888884;23293;56059.6488;0.339934634239519;0;0.0
Meta_770;23135;76192.67957129447;0.5;23293;56059.6488;0.339934634239519;0;0.0
Meta_769;23135;76192.67957129447;0.4444444444444444;23293;56059.6488;0.339934634239519;0;0.0
Meta_773;23135;88891.45949984355;0.1111111111111111;22751;17488.324235776592;0.252133774014365;0;0.0
Meta_771;23135;88891.45949984355;0.0;22751;17488.324235776592;0.252133774014365;0;0.0
Meta_772;23135;88891.45949984355;0.05555555555555555;22751;17488.324235776592;0.252133774014365;0;0.0
Meta_774;23135;88891.45949984355;0.16666666666666666;22751;17488.324235776592;0.252133774014365;0;0.0
Meta_776;23135;88891.45949984355;0.2777777777777778;23146;38586.32405771786;0.277741435079002;0;0.0
Meta_775;23135;88891.45949984355;0.2222222222222222;22751;17457.04058156358;0.2521339269545796;0;0.0
Meta_777;23135;88891.45949984355;0.3333333333333333;23135;46794.5604;0.31330025634751774;0;0.0
Meta_779;23135;88891.45949984355;0.4444444444444444;23135;46794.5604;0.313300256347518;0;0.0
Meta_778;23135;88891.45949984355;0.38888888888888884;23135;46794.5604;0.31330025634751774;0;0.0
Meta_780;23135;88891.45949984355;0.5;23135;46794.5604;0.313300256347518;0;0.0
Meta_782;23135;101590.23942839263;0.05555555555555555;22751;17488.324235776592;0.252133774014365;0;0.0
Meta_781;23135;101590.23942839263;0.0;22751;17488.324235776592;0.252133774014365;0;0.0
Meta_783;23135;101590.23942839263;0.1111111111111111;22751;17488.324235776592;0.252133774014365;0;0.0
Meta_785;23135;101590.23942839263;0.2222222222222222;22751;17457.04058156358;0.2521339269545796;0;0.0
Meta_784;23135;101590.23942839263;0.16666666666666666;22751;17488.324235776592;0.252133774014365;0;0.0
Meta_788;23135;101590.23942839263;0.38888888888888884;23135;46794.5604;0.31330025634751774;0;0.0
Meta_787;23135;101590.23942839263;0.3333333333333333;23135;46794.5604;0.31330025634751774;0;0.0
Meta_786;23135;101590.23942839263;0.2777777777777778;23146;38586.32405771786;0.277741435079002;0;0.0
Meta_789;23135;101590.23942839263;0.4444444444444444;23135;46794.5604;0.313300256347518;0;0.0
Meta_790;23135;101590.23942839263;0.5;23135;46794.5604;0.313300256347518;0;0.0
Meta_791;23135;114289.0193569417;0.0;22751;17488.324235776592;0.252133774014365;0;0.0
Meta_792;23135;114289.0193569417;0.05555555555555555;22751;17488.324235776592;0.252133774014365;0;0.0
Meta_794;23135;114289.0193569417;0.16666666666666666;22751;17488.324235776592;0.252133774014365;0;0.0
Meta_793;23135;114289.0193569417;0.1111111111111111;22751;17488.324235776592;0.252133774014365;0;0.0
Meta_797;23135;114289.0193569417;0.3333333333333333;23135;46794.5604;0.31330025634751774;0;0.0
Meta_796;23135;114289.0193569417;0.2777777777777778;23146;38586.32405771786;0.277741435079002;0;0.0
Meta_795;23135;114289.0193569417;0.2222222222222222;22751;17457.04058156358;0.2521339269545796;0;0.0
Meta_800;23135;114289.0193569417;0.5;23135;46794.5604;0.313300256347518;0;0.0
Meta_798;23135;114289.0193569417;0.38888888888888884;23135;46794.5604;0.31330025634751774;0;0.0
Meta_799;23135;114289.0193569417;0.4444444444444444;23135;46794.5604;0.313300256347518;0;0.0
Meta_803;22736;0.0;0.1111111111111111;22518;6453.077789669524;0.24854443150706226;0;0.0
Meta_802;22736;0.0;0.05555555555555555;22518;6453.077789669524;0.24854443150706226;0;0.0
Meta_801;22736;0.0;0.0;22518;6453.077789669524;0.24854443150706226;0;0.0
Meta_806;22736;0.0;0.2777777777777778;22736;10915.10216900857;0.2613074173983005;0;0.0
Meta_805;22736;0.0;0.2222222222222222;22516;6429.649152308557;0.24849679655894655;0;0.0
Meta_804;22736;0.0;0.16666666666666666;22518;6453.077789669524;0.24854443150706226;0;0.0
Meta_807;22736;0.0;0.3333333333333333;22736;10915.10216900857;0.2613074173983005;0;0.0
Meta_808;22736;0.0;0.38888888888888884;22736;10915.10216900857;0.2613074173983005;0;0.0
Meta_809;22736;0.0;0.4444444444444444;22736;10915.10216900857;0.2613074173983005;0;0.0
Meta_810;22736;0.0;0.5;22736;10915.10216900857;0.2613074173983005;0;0.0
Meta_811;22736;12698.779928549078;0.0;22649;12695.843495871013;0.2496622086199287;0;0.0
Meta_812;22736;12698.779928549078;0.05555555555555555;22649;12695.843495871013;0.2496622086199287;0;6.340097513399994E-16
Meta_815;22736;12698.779928549078;0.2222222222222222;22649;12695.843495871013;0.2496622086199287;0;0.0
Meta_814;22736;12698.779928549078;0.16666666666666666;22649;12695.843495871013;0.2496622086199287;0;0.0
Meta_813;22736;12698.779928549078;0.1111111111111111;22649;12695.843495871013;0.2496622086199287;0;0.0
Meta_817;22736;12698.779928549078;0.3333333333333333;22736;12698.270459150204;0.256439335133576;0;0.0
Meta_818;22736;12698.779928549078;0.38888888888888884;22736;12698.270459150204;0.256439335133576;0;0.0
Meta_816;22736;12698.779928549078;0.2777777777777778;22736;12698.270459150204;0.256439335133576;0;0.0
Meta_820;22736;12698.779928549078;0.5;22736;12698.270459150204;0.256439335133576;0;0.0
Meta_819;22736;12698.779928549078;0.4444444444444444;22736;12698.270459150204;0.256439335133576;0;0.0
Meta_821;22736;25397.559857098156;0.0;22736;16858.99646948068;0.2516850981560542;0;0.0
Meta_822;22736;25397.559857098156;0.05555555555555555;22736;16858.99646948068;0.2516850981560542;0;0.0
Meta_823;22736;25397.559857098156;0.1111111111111111;22736;16858.99646948068;0.2516850981560542;0;0.0
Meta_824;22736;25397.559857098156;0.16666666666666666;22736;16858.99646948068;0.2516850981560542;0;0.0
Meta_827;22736;25397.559857098156;0.3333333333333333;22770;25391.0334;0.2663845684639768;0;0.0
Meta_825;22736;25397.559857098156;0.2222222222222222;22736;16858.99646948068;0.2516850981560542;0;0.0
Meta_826;22736;25397.559857098156;0.2777777777777778;22770;25391.0334;0.2663845684639768;0;0.0
Meta_828;22736;25397.559857098156;0.38888888888888884;22770;25391.0334;0.2663845684639768;0;0.0
Meta_829;22736;25397.559857098156;0.4444444444444444;22770;25391.0334;0.2663845684639768;0;0.0
Meta_830;22736;25397.559857098156;0.5;22770;25391.0334;0.2663845684639768;0;0.0
Meta_832;22736;38096.33978564724;0.05555555555555555;22736;16858.99646948068;0.2516850981560542;0;0.0
Meta_831;22736;38096.33978564724;0.0;22736;16858.99646948068;0.2516850981560542;0;0.0
Meta_833;22736;38096.33978564724;0.1111111111111111;22736;16858.99646948068;0.2516850981560542;0;0.0
Meta_835;22736;38096.33978564724;0.2222222222222222;22736;16858.99646948068;0.2516850981560542;0;0.0
Meta_836;22736;38096.33978564724;0.2777777777777778;22881;31837.48389157398;0.27776884311336475;0;0.0
Meta_834;22736;38096.33978564724;0.16666666666666666;22736;16858.99646948068;0.2516850981560542;0;0.0
Meta_838;22736;38096.33978564724;0.38888888888888884;22986;38057.2302;0.29131401658408435;0;0.0
Meta_837;22736;38096.33978564724;0.3333333333333333;22986;38057.2302;0.29131401658408435;0;0.0
Meta_839;22736;38096.33978564724;0.4444444444444444;22986;38057.2302;0.29131401658408435;0;0.0
Meta_840;22736;38096.33978564724;0.5;22986;38057.2302;0.29131401658408435;0;0.0
Meta_841;22736;50795.11971419631;0.0;22736;16858.99646948068;0.2516850981560542;0;0.0
Meta_842;22736;50795.11971419631;0.05555555555555555;22736;16858.99646948068;0.2516850981560542;0;0.0
Meta_843;22736;50795.11971419631;0.1111111111111111;22736;16858.99646948068;0.2516850981560542;0;0.0
Meta_845;22736;50795.11971419631;0.2222222222222222;22736;16858.99646948068;0.2516850981560542;0;0.0
Meta_844;22736;50795.11971419631;0.16666666666666666;22736;16858.99646948068;0.2516850981560542;0;0.0
Meta_848;22736;50795.11971419631;0.38888888888888884;23203;50782.0668;0.3243892035834371;0;0.0
Meta_847;22736;50795.11971419631;0.3333333333333333;23203;50782.0668;0.3243892035834371;0;0.0
Meta_846;22736;50795.11971419631;0.2777777777777778;22881;31837.48389157398;0.27776884311336475;0;0.0
Meta_850;22736;50795.11971419631;0.5;23203;50782.0668;0.3243892035834371;0;0.0
Meta_849;22736;50795.11971419631;0.4444444444444444;23203;50782.0668;0.3243892035834371;0;0.0
Meta_851;22736;63493.89964274539;0.0;22736;16858.99646948068;0.2516850981560542;0;0.0
Meta_854;22736;63493.89964274539;0.16666666666666666;22736;16858.99646948068;0.2516850981560542;0;0.0
Meta_852;22736;63493.89964274539;0.05555555555555555;22736;16858.99646948068;0.2516850981560542;0;0.0
Meta_853;22736;63493.89964274539;0.1111111111111111;22736;16858.99646948068;0.2516850981560542;0;0.0
Meta_855;22736;63493.89964274539;0.2222222222222222;22736;16858.99646948068;0.2516850981560542;0;0.0
Meta_857;22736;63493.89964274539;0.3333333333333333;23255;53831.3364;0.3332576374548149;0;0.0
Meta_856;22736;63493.89964274539;0.2777777777777778;22881;31837.48389157398;0.27776884311336475;0;0.0
Meta_859;22736;63493.89964274539;0.4444444444444444;23293;56059.6488;0.339934634239519;0;0.0
Meta_858;22736;63493.89964274539;0.38888888888888884;23293;56059.6488;0.339934634239519;0;0.0
Meta_860;22736;63493.89964274539;0.5;23293;56059.6488;0.339934634239519;0;0.0
Meta_861;22736;76192.67957129447;0.0;22736;16858.99646948068;0.2516850981560542;0;0.0
Meta_862;22736;76192.67957129447;0.05555555555555555;22736;16858.99646948068;0.2516850981560542;0;0.0
Meta_863;22736;76192.67957129447;0.1111111111111111;22736;16858.99646948068;0.2516850981560542;0;0.0
Meta_864;22736;76192.67957129447;0.16666666666666666;22736;16858.99646948068;0.2516850981560542;0;0.0
Meta_865;22736;76192.67957129447;0.2222222222222222;22736;16858.99646948068;0.2516850981560542;0;0.0
Meta_866;22736;76192.67957129447;0.2777777777777778;22881;31837.48389157398;0.27776884311336475;0;0.0
Meta_867;22736;76192.67957129447;0.3333333333333333;23255;53831.3364;0.3332576374548149;0;0.0
Meta_869;22736;76192.67957129447;0.4444444444444444;23293;56059.6488;0.339934634239519;0;0.0
Meta_868;22736;76192.67957129447;0.38888888888888884;23293;56059.6488;0.339934634239519;0;0.0
Meta_870;22736;76192.67957129447;0.5;23293;56059.6488;0.339934634239519;0;0.0
Meta_871;22736;88891.45949984355;0.0;22736;16858.99646948068;0.2516850981560542;0;0.0
Meta_872;22736;88891.45949984355;0.05555555555555555;22736;16858.99646948068;0.2516850981560542;0;0.0
Meta_873;22736;88891.45949984355;0.1111111111111111;22736;16858.99646948068;0.2516850981560542;0;0.0
Meta_874;22736;88891.45949984355;0.16666666666666666;22736;16858.99646948068;0.2516850981560542;0;0.0
Meta_875;22736;88891.45949984355;0.2222222222222222;22736;16858.99646948068;0.2516850981560542;0;0.0
Meta_878;22736;88891.45949984355;0.38888888888888884;22736;23397.2802;0.2633457387884349;0;0.0
Meta_877;22736;88891.45949984355;0.3333333333333333;22736;23397.2802;0.2633457387884349;0;0.0
Meta_876;22736;88891.45949984355;0.2777777777777778;22736;23397.2802;0.26334573878843487;0;0.0
Meta_879;22736;88891.45949984355;0.4444444444444444;22736;23397.2802;0.26334573878843515;0;0.0
Meta_880;22736;88891.45949984355;0.5;22736;23397.2802;0.26334573878843515;0;0.0
Meta_881;22736;101590.23942839263;0.0;22736;16858.99646948068;0.2516850981560542;0;0.0
Meta_883;22736;101590.23942839263;0.1111111111111111;22736;16858.99646948068;0.2516850981560542;0;0.0
Meta_884;22736;101590.23942839263;0.16666666666666666;22736;16858.99646948068;0.2516850981560542;0;0.0
Meta_882;22736;101590.23942839263;0.05555555555555555;22736;16858.99646948068;0.2516850981560542;0;0.0
Meta_886;22736;101590.23942839263;0.2777777777777778;22736;23397.2802;0.26334573878843487;0;0.0
Meta_885;22736;101590.23942839263;0.2222222222222222;22736;16858.99646948068;0.2516850981560542;0;0.0
Meta_887;22736;101590.23942839263;0.3333333333333333;22736;23397.2802;0.2633457387884349;0;0.0
Meta_889;22736;101590.23942839263;0.4444444444444444;22736;23397.2802;0.26334573878843515;0;0.0
Meta_888;22736;101590.23942839263;0.38888888888888884;22736;23397.2802;0.2633457387884349;0;0.0
Meta_890;22736;101590.23942839263;0.5;22736;23397.2802;0.26334573878843515;0;0.0
Meta_892;22736;114289.0193569417;0.05555555555555555;22736;16858.99646948068;0.2516850981560542;0;0.0
Meta_891;22736;114289.0193569417;0.0;22736;16858.99646948068;0.2516850981560542;0;0.0
Meta_893;22736;114289.0193569417;0.1111111111111111;22736;16858.99646948068;0.2516850981560542;0;0.0
Meta_895;22736;114289.0193569417;0.2222222222222222;22736;16858.99646948068;0.2516850981560542;0;0.0
Meta_896;22736;114289.0193569417;0.2777777777777778;22736;23397.2802;0.26334573878843487;0;0.0
Meta_894;22736;114289.0193569417;0.16666666666666666;22736;16858.99646948068;0.2516850981560542;0;0.0
Meta_897;22736;114289.0193569417;0.3333333333333333;22736;23397.2802;0.2633457387884349;0;0.0
Meta_898;22736;114289.0193569417;0.38888888888888884;22736;23397.2802;0.2633457387884349;0;0.0
Meta_899;22736;114289.0193569417;0.4444444444444444;22736;23397.2802;0.26334573878843515;0;0.0
Meta_900;22736;114289.0193569417;0.5;22736;23397.2802;0.26334573878843515;0;0.0
Meta_902;22337;0.0;0.05555555555555555;22337;0.0;0.2494438257849295;0;0.0
Meta_901;22337;0.0;0.0;22337;0.0;0.2494438257849295;0;0.0
Meta_905;22337;0.0;0.2222222222222222;22337;0.0;0.2494438257849295;0;0.0
Meta_903;22337;0.0;0.1111111111111111;22337;0.0;0.2494438257849295;0;0.0
Meta_904;22337;0.0;0.16666666666666666;22337;0.0;0.2494438257849295;0;0.0
Meta_908;22337;0.0;0.38888888888888884;22337;0.0;0.2494438257849295;0;0.0
Meta_907;22337;0.0;0.3333333333333333;22337;0.0;0.2494438257849295;0;0.0
Meta_906;22337;0.0;0.2777777777777778;22337;0.0;0.2494438257849295;0;0.0
Meta_909;22337;0.0;0.4444444444444444;22337;0.0;0.2494438257849295;0;0.0
Meta_910;22337;0.0;0.5;22337;0.0;0.2494438257849295;0;0.0
Meta_911;22337;12698.779928549078;0.0;22489;6473.124571385134;0.24806951954085393;0;0.0
Meta_912;22337;12698.779928549078;0.05555555555555555;22489;6473.124571385134;0.24806951954085393;0;0.0
Meta_914;22337;12698.779928549078;0.16666666666666666;22489;6473.124571385134;0.24806951954085393;0;0.0
Meta_913;22337;12698.779928549078;0.1111111111111111;22489;6473.124571385134;0.24806951954085393;0;0.0
Meta_917;22337;12698.779928549078;0.3333333333333333;22337;0.0;0.2494438257849295;0;0.0
Meta_916;22337;12698.779928549078;0.2777777777777778;22337;0.0;0.2494438257849295;0;0.0
Meta_915;22337;12698.779928549078;0.2222222222222222;22488;6414.484771385134;0.24806952302288535;0;0.0
Meta_919;22337;12698.779928549078;0.4444444444444444;22337;0.0;0.2494438257849295;0;0.0
Meta_918;22337;12698.779928549078;0.38888888888888884;22337;0.0;0.2494438257849295;0;0.0
Meta_920;22337;12698.779928549078;0.5;22337;0.0;0.2494438257849295;0;0.0
Meta_921;22337;25397.559857098156;0.0;22489;6473.124571385134;0.24806951954085393;0;0.0
Meta_923;22337;25397.559857098156;0.1111111111111111;22489;6441.840917172123;0.2480695607981057;0;0.0
Meta_922;22337;25397.559857098156;0.05555555555555555;22489;6473.124571385134;0.24806951954085393;0;0.0
Meta_925;22337;25397.559857098156;0.2222222222222222;22489;6473.124571385134;0.24806951954085393;0;0.0
Meta_926;22337;25397.559857098156;0.2777777777777778;22337;0.0;0.2494438257849295;0;0.0
Meta_924;22337;25397.559857098156;0.16666666666666666;22489;6473.124571385134;0.24806951954085393;0;0.0
Meta_927;22337;25397.559857098156;0.3333333333333333;22337;0.0;0.2494438257849295;0;0.0
Meta_928;22337;25397.559857098156;0.38888888888888884;22337;0.0;0.2494438257849295;0;0.0
Meta_929;22337;25397.559857098156;0.4444444444444444;22337;0.0;0.2494438257849295;0;0.0
Meta_931;22337;38096.33978564724;0.0;22489;6473.124571385134;0.24806951954085393;0;0.0
Meta_930;22337;25397.559857098156;0.5;22337;0.0;0.2494438257849295;0;0.0
Meta_932;22337;38096.33978564724;0.05555555555555555;22489;6473.124571385134;0.24806951954085393;0;0.0
Meta_935;22337;38096.33978564724;0.2222222222222222;22489;6473.124571385134;0.24806951954085393;0;0.0
Meta_933;22337;38096.33978564724;0.1111111111111111;22489;6441.840917172123;0.2480695607981057;0;0.0
Meta_934;22337;38096.33978564724;0.16666666666666666;22489;6473.124571385134;0.24806951954085393;0;0.0
Meta_937;22337;38096.33978564724;0.3333333333333333;22337;0.0;0.2494438257849295;0;0.0
Meta_938;22337;38096.33978564724;0.38888888888888884;22337;0.0;0.2494438257849295;0;0.0
Meta_936;22337;38096.33978564724;0.2777777777777778;22337;0.0;0.2494438257849295;0;0.0
Meta_940;22337;38096.33978564724;0.5;22337;0.0;0.2494438257849295;0;0.0
Meta_939;22337;38096.33978564724;0.4444444444444444;22337;0.0;0.2494438257849295;0;0.0
Meta_941;22337;50795.11971419631;0.0;22489;6473.124571385134;0.24806951954085393;0;0.0
Meta_942;22337;50795.11971419631;0.05555555555555555;22489;6473.124571385134;0.24806951954085393;0;0.0
Meta_944;22337;50795.11971419631;0.16666666666666666;22489;6473.124571385134;0.24806951954085393;0;0.0
Meta_943;22337;50795.11971419631;0.1111111111111111;22489;6441.840917172123;0.2480695607981057;0;0.0
Meta_946;22337;50795.11971419631;0.2777777777777778;22337;0.0;0.2494438257849295;0;0.0
Meta_947;22337;50795.11971419631;0.3333333333333333;22337;0.0;0.2494438257849295;0;0.0
Meta_945;22337;50795.11971419631;0.2222222222222222;22489;6473.124571385134;0.24806951954085393;0;0.0
Meta_948;22337;50795.11971419631;0.38888888888888884;22337;0.0;0.2494438257849295;0;0.0
Meta_949;22337;50795.11971419631;0.4444444444444444;22337;0.0;0.2494438257849295;0;0.0
Meta_950;22337;50795.11971419631;0.5;22337;0.0;0.2494438257849295;0;0.0
Meta_951;22337;63493.89964274539;0.0;22489;6473.124571385134;0.24806951954085393;0;0.0
Meta_952;22337;63493.89964274539;0.05555555555555555;22489;6473.124571385134;0.24806951954085393;0;0.0
Meta_953;22337;63493.89964274539;0.1111111111111111;22489;6441.840917172123;0.2480695607981057;0;0.0
Meta_956;22337;63493.89964274539;0.2777777777777778;22337;0.0;0.2494438257849295;0;0.0
Meta_954;22337;63493.89964274539;0.16666666666666666;22489;6473.124571385134;0.24806951954085393;0;0.0
Meta_955;22337;63493.89964274539;0.2222222222222222;22489;6473.124571385134;0.24806951954085393;0;0.0
Meta_957;22337;63493.89964274539;0.3333333333333333;22337;0.0;0.2494438257849295;0;0.0
Meta_958;22337;63493.89964274539;0.38888888888888884;22337;0.0;0.2494438257849295;0;0.0
Meta_959;22337;63493.89964274539;0.4444444444444444;22337;0.0;0.2494438257849295;0;0.0
Meta_960;22337;63493.89964274539;0.5;22337;0.0;0.2494438257849295;0;0.0
Meta_962;22337;76192.67957129447;0.05555555555555555;22489;6473.124571385134;0.24806951954085393;0;0.0
Meta_961;22337;76192.67957129447;0.0;22489;6473.124571385134;0.24806951954085393;0;0.0
Meta_965;22337;76192.67957129447;0.2222222222222222;22489;6473.124571385134;0.24806951954085393;0;0.0
Meta_963;22337;76192.67957129447;0.1111111111111111;22489;6441.840917172123;0.2480695607981057;0;0.0
Meta_964;22337;76192.67957129447;0.16666666666666666;22489;6473.124571385134;0.24806951954085393;0;0.0
Meta_968;22337;76192.67957129447;0.38888888888888884;22337;0.0;0.2494438257849295;0;0.0
Meta_966;22337;76192.67957129447;0.2777777777777778;22337;0.0;0.2494438257849295;0;0.0
Meta_967;22337;76192.67957129447;0.3333333333333333;22337;0.0;0.2494438257849295;0;0.0
Meta_970;22337;76192.67957129447;0.5;22337;0.0;0.2494438257849295;0;0.0
Meta_969;22337;76192.67957129447;0.4444444444444444;22337;0.0;0.2494438257849295;0;0.0
Meta_971;22337;88891.45949984355;0.0;22488;6414.484771385134;0.24806952302288535;0;0.0
Meta_972;22337;88891.45949984355;0.05555555555555555;22488;6414.484771385134;0.24806952302288535;0;0.0
Meta_974;22337;88891.45949984355;0.16666666666666666;22488;6414.484771385134;0.24806952302288535;0;0.0
Meta_973;22337;88891.45949984355;0.1111111111111111;22488;6414.484771385134;0.24806952302288535;0;0.0
Meta_977;22337;88891.45949984355;0.3333333333333333;22337;0.0;0.2494438257849295;0;0.0
Meta_976;22337;88891.45949984355;0.2777777777777778;22337;0.0;0.2494438257849295;0;0.0
Meta_975;22337;88891.45949984355;0.2222222222222222;22489;6473.124571385134;0.24806951954085393;0;0.0
Meta_979;22337;88891.45949984355;0.4444444444444444;22337;0.0;0.2494438257849295;0;0.0
Meta_980;22337;88891.45949984355;0.5;22337;0.0;0.2494438257849295;0;0.0
Meta_978;22337;88891.45949984355;0.38888888888888884;22337;0.0;0.2494438257849295;0;0.0
Meta_981;22337;101590.23942839263;0.0;22488;6414.484771385134;0.24806952302288535;0;0.0
Meta_982;22337;101590.23942839263;0.05555555555555555;22488;6414.484771385134;0.24806952302288535;0;0.0
Meta_983;22337;101590.23942839263;0.1111111111111111;22488;6414.484771385134;0.24806952302288535;0;0.0
Meta_984;22337;101590.23942839263;0.16666666666666666;22488;6414.484771385134;0.24806952302288535;0;0.0
Meta_985;22337;101590.23942839263;0.2222222222222222;22489;6473.124571385134;0.24806951954085393;0;0.0
Meta_986;22337;101590.23942839263;0.2777777777777778;22337;0.0;0.2494438257849295;0;0.0
Meta_988;22337;101590.23942839263;0.38888888888888884;22337;0.0;0.2494438257849295;0;0.0
Meta_987;22337;101590.23942839263;0.3333333333333333;22337;0.0;0.2494438257849295;0;0.0
Meta_989;22337;101590.23942839263;0.4444444444444444;22337;0.0;0.2494438257849295;0;0.0
Meta_990;22337;101590.23942839263;0.5;22337;0.0;0.2494438257849295;0;0.0
Meta_991;22337;114289.0193569417;0.0;22488;6414.484771385134;0.24806952302288535;0;0.0
Meta_992;22337;114289.0193569417;0.05555555555555555;22488;6414.484771385134;0.24806952302288535;0;0.0
Meta_994;22337;114289.0193569417;0.16666666666666666;22488;6414.484771385134;0.24806952302288535;0;0.0
Meta_993;22337;114289.0193569417;0.1111111111111111;22488;6414.484771385134;0.24806952302288535;0;0.0
Meta_995;22337;114289.0193569417;0.2222222222222222;22489;6473.124571385134;0.24806951954085393;0;0.0
Meta_998;22337;114289.0193569417;0.38888888888888884;22337;0.0;0.2494438257849295;0;0.0
Meta_997;22337;114289.0193569417;0.3333333333333333;22337;0.0;0.2494438257849295;0;0.0
Meta_996;22337;114289.0193569417;0.2777777777777778;22337;0.0;0.2494438257849295;0;0.0
Meta_999;22337;114289.0193569417;0.4444444444444444;22337;0.0;0.2494438257849295;0;0.0
Meta_1000;22337;114289.0193569417;0.5;22337;0.0;0.2494438257849295;0;0.0
