Meta_6;316394;0.0;0.2777777777777778;316394;893472.6827999998;6.8070390501617966E-15;0;2.540154047762561E-16
Meta_5;316394;0.0;0.2222222222222222;316394;893472.6827999998;6.580642880916193E-15;0;2.540154047762561E-16
Meta_8;316394;0.0;0.38888888888888884;316394;893472.6827999998;6.8070390501617966E-15;0;2.540154047762561E-16
Meta_4;316394;0.0;0.16666666666666666;316394;893472.6827999998;6.580642880916193E-15;0;2.540154047762561E-16
Meta_10;316394;0.0;0.5;316394;893472.6827999998;6.8070390501617966E-15;0;2.540154047762561E-16
Meta_9;316394;0.0;0.4444444444444444;316394;893472.6827999998;6.8070390501617966E-15;0;2.540154047762561E-16
Meta_1;316394;0.0;0.0;316394;893472.6827999998;6.580642880916193E-15;0;2.540154047762561E-16
Meta_3;316394;0.0;0.1111111111111111;316394;893472.6827999998;2.5141600671232295E-17;0;0.0
Meta_7;316394;0.0;0.3333333333333333;316394;893472.6827999998;6.8070390501617966E-15;0;2.540154047762561E-16
Meta_2;316394;0.0;0.05555555555555555;316394;893472.6827999998;2.660974472718548E-15;0;1.5240924286575408E-15
Meta_20;316394;490138.8886333334;0.5;316394;893472.6827999998;6.9063935858131846E-15;0;1.1253995001677712E-15
Meta_16;316394;490138.8886333334;0.2777777777777778;316394;893472.6827999998;6.9063935858131846E-15;0;1.1253995001677712E-15
Meta_18;316394;490138.8886333334;0.38888888888888884;316394;893472.6827999998;6.9063935858131846E-15;0;1.1253995001677712E-15
Meta_15;316394;490138.8886333334;0.2222222222222222;316394;893472.6827999998;6.9063935858131846E-15;0;1.1253995001677712E-15
Meta_19;316394;490138.8886333334;0.4444444444444444;316394;893472.6827999998;6.9063935858131846E-15;0;1.1253995001677712E-15
Meta_11;316394;490138.8886333334;0.0;316394;893472.6827999998;5.0623192010410116E-15;0;0.0
Meta_17;316394;490138.8886333334;0.3333333333333333;316394;893472.6827999998;6.9063935858131846E-15;0;1.1253995001677712E-15
Meta_12;316394;490138.8886333334;0.05555555555555555;316394;893472.6827999998;2.6866244364918956E-15;0;2.8134987504194483E-15
Meta_14;316394;490138.8886333334;0.16666666666666666;316394;893472.6827999998;6.9063935858131846E-15;0;1.1253995001677712E-15
Meta_13;316394;490138.8886333334;0.1111111111111111;316394;893472.6827999998;2.6866244364918956E-15;0;2.8134987504194483E-15
Meta_21;316394;980277.7772666668;0.0;316394;978389.5856999998;4.310886507293392E-16;0;0.0
Meta_23;316394;980277.7772666668;0.1111111111111111;316394;967630.9622999998;8.676375134008422E-15;1;0.0
Meta_27;316394;980277.7772666668;0.3333333333333333;316394;976862.6023;2.7781184333008478E-15;0;0.0
Meta_26;316394;980277.7772666668;0.2777777777777778;316394;980262.2391999998;0.0;1;0.0
Meta_24;316394;980277.7772666668;0.16666666666666666;316394;973962.0024999997;2.1627622670803744E-16;1;0.0
Meta_29;316394;980277.7772666668;0.4444444444444444;316394;949275.8208999999;3.316404900946765E-16;1;0.0
Meta_30;316394;980277.7772666668;0.5;316394;965760.6875999998;7.329973203668291E-17;1;0.0
Meta_28;316394;980277.7772666668;0.38888888888888884;316394;947625.4534999998;6.285400167808074E-17;1;1.0E100
Meta_25;316394;980277.7772666668;0.2222222222222222;316394;966764.0647;6.531979461927319E-17;1;0.0
Meta_22;316394;980277.7772666668;0.05555555555555555;316394;960157.6402999996;5.896228000776764E-17;1;1.0E100
Meta_34;316394;1470416.6659000001;0.16666666666666666;316394;1399956.1007999997;5.060664486111902E-15;0;0.0
Meta_33;316394;1470416.6659000001;0.1111111111111111;316394;1401628.5100999998;0.0;1;0.0
Meta_31;316394;1470416.6659000001;0.0;316394;1109332.8714999997;2.5141600671232295E-17;1;0.0
Meta_32;316394;1470416.6659000001;0.05555555555555555;316394;1327798.3275999997;4.1692628027712497E-17;1;1.0E100
Meta_40;316394;1470416.6659000001;0.5;316394;1464417.2515;3.445798312253955E-15;0;0.0
Meta_37;316394;1470416.6659000001;0.3333333333333333;316394;1360896.5556999997;1.4433446756995753E-15;1;0.0
Meta_38;316394;1470416.6659000001;0.38888888888888884;316394;1442525.9641;8.146809734658675E-17;1;1.0E100
Meta_35;316394;1470416.6659000001;0.2222222222222222;316394;1454600.8994999996;1.2261525396684533E-15;1;0.0
Meta_39;316394;1470416.6659000001;0.4444444444444444;316394;1443817.2893999997;5.92156753335522E-15;1;0.0
Meta_36;316394;1470416.6659000001;0.2777777777777778;316394;1442315.476;9.818108924713328E-17;1;1.0E100
Meta_42;316394;1960555.5545333335;0.05555555555555555;316394;1953878.5435999995;1.2570800335616148E-16;0;0.0
Meta_41;316394;1960555.5545333335;0.0;316394;1747210.4428999994;1.5084960402739377E-16;0;0.0
Meta_43;316394;1960555.5545333335;0.1111111111111111;316394;1956592.8686;1.2570800335616148E-16;0;0.0
Meta_46;316394;1960555.5545333335;0.2777777777777778;316394;1960550.9748999996;0.0;0;0.0
Meta_44;316394;1960555.5545333335;0.16666666666666666;316394;1913617.8638999998;0.0;0;0.0
Meta_45;316394;1960555.5545333335;0.2222222222222222;316394;1923596.9807000002;1.2259592062838649E-15;1;0.0
Meta_49;316394;1960555.5545333335;0.4444444444444444;316394;1954107.7787999995;1.2570800335616148E-16;1;0.0
Meta_51;316394;2450694.4431666667;0.0;316394;2401457.0559;3.325921146908762E-17;1;0.0
Meta_50;316394;1960555.5545333335;0.5;316394;1918266.9960999999;1.2262169773561593E-15;1;0.0
Meta_47;316394;1960555.5545333335;0.3333333333333333;316394;1847779.6534999998;2.891284077191714E-16;1;1.0E100
Meta_52;316394;2450694.4431666667;0.05555555555555555;316394;2396751.9722999996;3.555559264902522E-17;1;1.0E100
Meta_53;316394;2450694.4431666667;0.1111111111111111;316394;2450684.1673;1.5344617343098241E-16;0;0.0
Meta_48;316394;1960555.5545333335;0.38888888888888884;316394;1914808.2710999995;1.2510946542036168E-15;1;1.0E100
Meta_56;316394;2450694.4431666667;0.2777777777777778;316394;2422579.1946;1.7599120469862605E-16;1;0.0
Meta_54;316394;2450694.4431666667;0.16666666666666666;316394;2266847.9995;4.681673891196233E-16;1;0.0
Meta_55;316394;2450694.4431666667;0.2222222222222222;316394;2450671.2576999995;2.841668273581924E-16;1;0.0
Meta_57;316394;2450694.4431666667;0.3333333333333333;316394;2377508.1641999995;2.7940000073818173E-16;1;0.0
Meta_58;316394;2450694.4431666667;0.38888888888888884;316394;2450694.4413;5.621832816402975E-17;1;1.0E100
Meta_63;316394;2940833.3318000003;0.1111111111111111;316394;2940830.7737000003;3.3917873657517345E-16;0;0.0
Meta_65;316394;2940833.3318000003;0.2222222222222222;316394;2938319.5807;0.0;0;0.0
Meta_66;316394;2940833.3318000003;0.2777777777777778;316394;2940832.6236;0.0;0;0.0
Meta_64;316394;2940833.3318000003;0.16666666666666666;316394;2772772.224;2.5141600671232295E-17;1;0.0
Meta_60;316394;2450694.4431666667;0.5;316394;2403578.6489;0.0;1;0.0
Meta_61;316394;2940833.3318000003;0.0;316394;2533306.2131999996;1.2570800335616148E-17;1;0.0
Meta_62;316394;2940833.3318000003;0.05555555555555555;316394;2880867.2882999997;5.831550783108203E-16;1;1.0E100
Meta_59;316394;2450694.4431666667;0.4444444444444444;316394;2434165.585;0.0;1;0.0
Meta_68;316394;2940833.3318000003;0.38888888888888884;316394;2931701.3929000003;1.0617170260269912E-14;0;0.0
Meta_67;316394;2940833.3318000003;0.3333333333333333;316394;2937245.0001000003;1.0031317508035696E-14;0;0.0
Meta_70;316394;2940833.3318000003;0.5;316394;2865520.3481;2.7655760738355524E-16;0;0.0
Meta_69;316394;2940833.3318000003;0.4444444444444444;316394;2878181.6519999993;2.5141600671232296E-16;1;0.0
Meta_72;316394;3430972.220433334;0.05555555555555555;316394;3415183.2825;3.050848036446572E-16;1;1.0E100
Meta_71;316394;3430972.220433334;0.0;316394;3356946.9704;2.5141600671232295E-17;1;0.0
Meta_73;316394;3430972.220433334;0.1111111111111111;316394;3279311.0431;1.3904805402767913E-15;1;1.0E100
Meta_76;316394;3430972.220433334;0.2777777777777778;316394;3430658.6041999995;2.1627622670803744E-16;1;0.0
Meta_75;316394;3430972.220433334;0.2222222222222222;316394;3155205.0449;2.7968265129173435E-16;1;0.0
Meta_74;316394;3430972.220433334;0.16666666666666666;316394;2855794.6796999993;5.771626672197971E-16;1;1.0E100
Meta_77;316394;3430972.220433334;0.3333333333333333;316394;2925344.7344999993;2.5141600671232295E-17;0;1.0E100
Meta_79;316394;3430972.220433334;0.4444444444444444;316394;3250276.2210999997;4.8686500348339945E-17;1;0.0
Meta_78;316394;3430972.220433334;0.38888888888888884;316394;3314984.7206;3.03005836983837E-16;1;0.0
Meta_80;316394;3430972.220433334;0.5;316394;2406265.1152999992;1.2552559440879022E-15;1;0.0
Meta_82;316394;3921111.109066667;0.05555555555555555;316394;3865174.8373;0.0;0;0.0
Meta_81;316394;3921111.109066667;0.0;316394;3766712.4403;3.3005712957076166E-15;1;0.0
Meta_84;316394;3921111.109066667;0.16666666666666666;316394;3921107.5214000004;3.491312074399237E-15;1;0.0
Meta_83;316394;3921111.109066667;0.1111111111111111;316394;3819741.303;3.0560233549018387E-16;1;1.0E100
Meta_89;316394;3921111.109066667;0.4444444444444444;316394;3821125.7199000004;0.0;0;0.0
Meta_86;316394;3921111.109066667;0.2777777777777778;316394;3921108.8156;0.0;1;0.0
Meta_85;316394;3921111.109066667;0.2222222222222222;316394;2949607.9250000003;2.9525060986800297E-15;1;0.0
Meta_87;316394;3921111.109066667;0.3333333333333333;316394;2871966.5685999994;0.0;1;0.0
Meta_88;316394;3921111.109066667;0.38888888888888884;316394;3755835.6758;8.243225040207785E-17;1;1.0E100
Meta_91;316394;4411249.9977;0.0;316394;4397406.028300001;1.2570800335616148E-16;0;0.0
Meta_90;316394;3921111.109066667;0.5;316394;3921097.6389;0.0;1;0.0
Meta_93;316394;4411249.9977;0.1111111111111111;316394;1987223.787399999;5.751055286780865E-16;1;1.0E100
Meta_92;316394;4411249.9977;0.05555555555555555;316394;1987223.787399999;5.751055286780865E-16;1;1.0E100
Meta_97;316394;4411249.9977;0.3333333333333333;316394;4309068.969199999;1.774398636145953E-15;0;0.0
Meta_94;316394;4411249.9977;0.16666666666666666;316394;2833024.5727999997;1.3418998156281932E-15;1;0.0
Meta_98;316394;4411249.9977;0.38888888888888884;316394;1987223.787399999;5.751055286780865E-16;1;1.0E100
Meta_95;316394;4411249.9977;0.2222222222222222;316394;2608274.5116;1.289717555074079E-15;1;0.0
Meta_96;316394;4411249.9977;0.2777777777777778;316394;3347748.4397999994;3.975236107175611E-17;1;1.0E100
Meta_100;316394;4411249.9977;0.5;316394;3444574.754800001;4.1692628027712497E-17;0;0.0
Meta_99;316394;4411249.9977;0.4444444444444444;316394;2608274.5116;1.289717555074079E-15;1;0.0
Meta_110;300367;0.0;0.5;300367;359130.44610000006;0.4129265628827097;0;0.0
Meta_109;300367;0.0;0.4444444444444444;300367;359130.44610000006;0.4129265628827097;0;0.0
Meta_101;300367;0.0;0.0;300367;717094.5356;0.06334689084671472;3600;0.3732157870415827
Meta_103;300367;0.0;0.1111111111111111;303475;717333.4569999998;0.11115002585263464;3600;0.334615158941505
Meta_106;300367;0.0;0.2777777777777778;300367;431562.5935000001;0.27777707886830233;3600;0.09906255706446779
Meta_105;300367;0.0;0.2222222222222222;300705;491980.08970000007;0.22221780096920016;3600;0.1498151978619411
Meta_102;300367;0.0;0.05555555555555555;305010;779118.2948999997;0.05567526953006736;3600;0.33725846266633436
Meta_107;300367;0.0;0.3333333333333333;300367;387692.9449000001;0.3333346821384307;3600;0.049144729204003354
Meta_104;300367;0.0;0.16666666666666666;301617;632901.0660000001;0.16666804487279474;3600;0.26791693790874527
Meta_108;300367;0.0;0.38888888888888884;300367;362910.21459999995;0.3888896287933249;3600;5.729482610215646E-4
Meta_112;300367;490138.8886333334;0.05555555555555555;300603;673781.2001999998;0.09645121440245077;3600;0.8738937168794567
Meta_119;300367;490138.8886333334;0.4444444444444444;300367;481172.2495000001;0.40610241015673926;0;0.0
Meta_111;300367;490138.8886333334;0.0;300983;799856.0565;0.038349218909681064;3600;0.7619181423305281
Meta_120;300367;490138.8886333334;0.5;300367;473444.1105;0.3993933319833158;1;0.0
Meta_118;300367;490138.8886333334;0.38888888888888884;300367;490137.10909999994;0.37750106088076346;4;0.0
Meta_122;300367;980277.7772666668;0.05555555555555555;300367;968894.4633;0.05019709555323053;4;0.0
Meta_124;300367;980277.7772666668;0.16666666666666666;301230;868252.3994;0.16581764495794346;5;0.0
Meta_126;300367;980277.7772666668;0.2777777777777778;300367;938077.3874999998;0.2777441595729123;2;0.0
Meta_125;300367;980277.7772666668;0.2222222222222222;301946;951456.6954;0.22222434938863886;4;0.0
Meta_123;300367;980277.7772666668;0.1111111111111111;301303;980265.1656999999;0.11110759292155235;9;0.0
Meta_128;300367;980277.7772666668;0.38888888888888884;300367;836745.4379;0.3840978535559002;2;0.0
Meta_129;300367;980277.7772666668;0.4444444444444444;300367;922386.0549999999;0.4126850169485937;1;0.0
Meta_130;300367;980277.7772666668;0.5;300990;787530.3737;0.4128523637975549;2;0.0
Meta_127;300367;980277.7772666668;0.3333333333333333;300367;830948.6174999999;0.33283816570150265;6;0.0
Meta_132;300367;1470416.6659000001;0.05555555555555555;300554;960844.7477;0.04269282322631296;2;0.0
Meta_134;300367;1470416.6659000001;0.16666666666666666;300367;1123618.1638999996;0.16189510141711227;1;0.0
Meta_133;300367;1470416.6659000001;0.1111111111111111;300367;1399240.6421999994;0.06425819610424784;3;0.0
Meta_135;300367;1470416.6659000001;0.2222222222222222;300367;1278315.6223999998;0.19223989158442314;2;0.0
Meta_136;300367;1470416.6659000001;0.2777777777777778;302180;1069547.5317;0.26810457033186275;5;0.0
Meta_139;300367;1470416.6659000001;0.4444444444444444;300707;956158.1995000001;0.4213250442347427;1;0.0
Meta_138;300367;1470416.6659000001;0.38888888888888884;300386;1354090.2536000002;0.38832627307227324;7;0.0
Meta_117;300367;490138.8886333334;0.3333333333333333;300367;490059.0271;0.3333277896193239;31;0.0
Meta_140;300367;1470416.6659000001;0.5;300367;928721.1347000002;0.4126167595767776;1;0.0
Meta_116;300367;490138.8886333334;0.2777777777777778;300520;490109.29680000007;0.27772151032394776;32;0.0
Meta_137;300367;1470416.6659000001;0.3333333333333333;300996;877002.8250999999;0.3320143158435192;12;0.0
Meta_141;300367;1960555.5545333335;0.0;316394;1960532.5888000005;0.0;2;0.0
Meta_143;300367;1960555.5545333335;0.1111111111111111;300367;1941783.8268999995;0.06982450984481271;2;0.0
Meta_142;300367;1960555.5545333335;0.05555555555555555;306830;1755820.8180999993;0.055486065517458244;3;0.0
Meta_144;300367;1960555.5545333335;0.16666666666666666;300367;1132801.1224999996;0.16653796246078337;2;0.0
Meta_145;300367;1960555.5545333335;0.2222222222222222;300390;1080615.2044000002;0.22190036067660646;3;0.0
Meta_146;300367;1960555.5545333335;0.2777777777777778;300367;1832639.2785;0.27215862932336726;2;0.0
Meta_149;300367;1960555.5545333335;0.4444444444444444;300534;1548832.6289;0.4120223869688075;0;0.0
Meta_148;300367;1960555.5545333335;0.38888888888888884;300367;1387378.5819;0.38888388924169526;2;0.0
Meta_147;300367;1960555.5545333335;0.3333333333333333;300509;1804087.1384999997;0.32633954503567697;5;0.0
Meta_150;300367;1960555.5545333335;0.5;300367;1386320.1663999998;0.4211209600781073;2;0.0
Meta_152;300367;2450694.4431666667;0.05555555555555555;307395;1410686.7340999998;0.05554524697996556;4;0.0
Meta_153;300367;2450694.4431666667;0.1111111111111111;300367;1474820.1944999998;0.1086667148313632;3;0.0
Meta_154;300367;2450694.4431666667;0.16666666666666666;301593;1287363.8707999997;0.14967168367831826;2;0.0
Meta_156;300367;2450694.4431666667;0.2777777777777778;300367;1637795.8249000004;0.2667366505511267;1;0.0
Meta_155;300367;2450694.4431666667;0.2222222222222222;308171;1418090.6349;0.22067341359688394;2;0.0
Meta_158;300367;2450694.4431666667;0.38888888888888884;302020;1563263.0605999997;0.3851538312253509;1;0.0
Meta_159;300367;2450694.4431666667;0.4444444444444444;300367;1236373.1288;0.4126561945782685;0;0.0
Meta_160;300367;2450694.4431666667;0.5;300367;2233769.7819000003;0.3832090811180791;1;0.0
Meta_157;300367;2450694.4431666667;0.3333333333333333;302479;2430360.4636999997;0.33186089859984713;5;0.0
Meta_162;300367;2940833.3318000003;0.05555555555555555;304772;2746622.0793;0.05459824233395891;2;0.0
Meta_163;300367;2940833.3318000003;0.1111111111111111;300370;1598475.0589999992;0.11048015884473195;2;0.0
Meta_165;300367;2940833.3318000003;0.2222222222222222;300367;1593551.3338000004;0.14741411961783002;2;0.0
Meta_164;300367;2940833.3318000003;0.16666666666666666;303126;1052523.1623999996;0.16164322276143486;3;0.0
Meta_161;300367;2940833.3318000003;0.0;316394;2420612.3414;1.2141668746033571E-14;8;0.0
Meta_169;300367;2940833.3318000003;0.4444444444444444;300367;1978006.6042;0.4126454861842368;0;0.0
Meta_166;300367;2940833.3318000003;0.2777777777777778;305739;2471631.2553;0.2758587187737355;5;0.0
Meta_167;300367;2940833.3318000003;0.3333333333333333;300379;1896446.8093;0.3329887146062441;4;0.0
Meta_170;300367;2940833.3318000003;0.5;300367;1116823.3535000002;0.3932753221190655;2;0.0
Meta_172;300367;3430972.220433334;0.05555555555555555;301233;2513794.0352;0.05553060061848669;2;0.0
Meta_168;300367;2940833.3318000003;0.38888888888888884;300367;1095566.8224;0.3846782991940859;6;0.0
Meta_171;300367;3430972.220433334;0.0;316206;3018149.9141;8.275310927163686E-4;3;0.0
Meta_175;300367;3430972.220433334;0.2222222222222222;300367;1587636.4357;0.2207890845162228;1;0.0
Meta_173;300367;3430972.220433334;0.1111111111111111;300367;1387998.6740999997;0.11023438483376974;4;0.0
Meta_174;300367;3430972.220433334;0.16666666666666666;300367;1347554.1938999994;0.13302624556502168;2;0.0
Meta_176;300367;3430972.220433334;0.2777777777777778;300685;1667155.947;0.27775970297222635;3;0.0
Meta_179;300367;3430972.220433334;0.4444444444444444;300367;1691765.9755999995;0.41331200634943993;1;0.0
Meta_177;300367;3430972.220433334;0.3333333333333333;300367;2445882.2359999996;0.3331894365383804;5;0.0
Meta_180;300367;3430972.220433334;0.5;300367;1433117.5103999998;0.39351178563405403;2;0.0
Meta_178;300367;3430972.220433334;0.38888888888888884;300391;1628061.1963000002;0.3888668308799164;5;0.0
Meta_183;300367;3921111.109066667;0.1111111111111111;300367;1394988.5561999995;0.07315380785658596;2;0.0
Meta_151;300367;2450694.4431666667;0.0;316394;2139145.1158;8.595054338321489E-15;39;0.0
Meta_182;300367;3921111.109066667;0.05555555555555555;303182;1878519.5052;0.05412429026754271;3;0.0
Meta_184;300367;3921111.109066667;0.16666666666666666;304803;1043532.2057999996;0.16578590538762297;3;0.0
Meta_181;300367;3921111.109066667;0.0;316394;3891058.2941000005;0.0;9;0.0
Meta_185;300367;3921111.109066667;0.2222222222222222;300367;1193810.3005;0.20435000543037626;2;0.0
Meta_189;300367;3921111.109066667;0.4444444444444444;300367;1379194.1323;0.41202203873045784;0;0.0
Meta_188;300367;3921111.109066667;0.38888888888888884;300983;1076600.5762999998;0.3888716391166092;3;0.0
Meta_190;300367;3921111.109066667;0.5;301038;1369864.6027;0.40343808197227066;0;0.0
Meta_187;300367;3921111.109066667;0.3333333333333333;300367;3208194.1557000005;0.3323449162160947;5;0.0
Meta_186;300367;3921111.109066667;0.2777777777777778;300373;1270836.6944000002;0.27745694208205157;6;0.0
Meta_192;300367;4411249.9977;0.05555555555555555;300608;2314909.9545;0.05041488992388028;2;0.0
Meta_193;300367;4411249.9977;0.1111111111111111;305702;1844871.5125999998;0.11021899621468169;3;0.0
Meta_194;300367;4411249.9977;0.16666666666666666;300769;3594207.372300001;0.0748919945056269;3;0.0
Meta_195;300367;4411249.9977;0.2222222222222222;301421;1995370.7843;0.22219979301663906;3;0.0
Meta_199;300367;4411249.9977;0.4444444444444444;300367;1965514.4011000001;0.41228574438357696;1;0.0
Meta_197;300367;4411249.9977;0.3333333333333333;300367;2288063.4606999997;0.33333283732998553;3;0.0
Meta_200;300367;4411249.9977;0.5;300367;2135067.1766;0.4123989517053448;1;0.0
Meta_198;300367;4411249.9977;0.38888888888888884;300367;1473072.6130999997;0.38876214142956184;5;0.0
Meta_196;300367;4411249.9977;0.2777777777777778;300480;1620917.2486;0.27604574045740304;8;0.0
Meta_191;300367;4411249.9977;0.0;316394;3230819.398;0.0;80;0.0
Meta_121;300367;980277.7772666668;0.0;316394;979256.0789999999;0.0;828;0.0
Meta_131;300367;1470416.6659000001;0.0;316394;1470413.8227000001;0.0;3557;0.0
Meta_113;300367;490138.8886333334;0.1111111111111111;300894;692790.7665000001;0.11110974568370484;3600;1.0
Meta_115;300367;490138.8886333334;0.2222222222222222;300367;570235.3082999999;0.22218916685491252;3600;1.0
Meta_114;300367;490138.8886333334;0.16666666666666666;301755;577135.8910000001;0.16666851037404623;3600;1.0
Meta_210;284341;0.0;0.5;284341;42040.76079999999;0.4952231635240435;0;0.0
Meta_201;284341;0.0;0.0;284673;692625.7486999999;0.06905913549299361;3600;0.48132153010540685
Meta_202;284341;0.0;0.05555555555555555;288758;719668.8315;0.06692721326314295;3600;0.48650329180375745
Meta_203;284341;0.0;0.1111111111111111;284415;669167.5453000001;0.11111208874674458;3600;0.5206277148047417
Meta_204;284341;0.0;0.16666666666666666;304810;708189.5088999998;0.16666949955602506;3600;0.626738164942329
Meta_215;284341;490138.8886333334;0.2222222222222222;284342;488522.5882;0.22221565253363892;47;0.0
Meta_205;284341;0.0;0.2222222222222222;286153;410452.99850000005;0.22221308627803094;3600;0.4829144807217691
Meta_217;284341;490138.8886333334;0.3333333333333333;284587;468620.8907000001;0.333317318902575;8;0.0
Meta_218;284341;490138.8886333334;0.38888888888888884;286573;466901.2320000001;0.38416412850679016;7;0.0
Meta_219;284341;490138.8886333334;0.4444444444444444;284559;490134.73279999994;0.4421741305739392;3;0.0
Meta_220;284341;490138.8886333334;0.5;284341;419978.103;0.47778284844329233;0;0.0
Meta_216;284341;490138.8886333334;0.2777777777777778;285071;485598.05879999994;0.27777140444138015;274;0.0
Meta_222;284341;980277.7772666668;0.05555555555555555;297974;932461.4318999997;0.05554454673769314;19;0.0
Meta_221;284341;980277.7772666668;0.0;316394;977709.6399999998;0.0;257;0.0
Meta_223;284341;980277.7772666668;0.1111111111111111;284344;980277.6060999999;0.10287389990664911;7;0.0
Meta_224;284341;980277.7772666668;0.16666666666666666;287604;941239.0232;0.07981628028167125;4;0.0
Meta_225;284341;980277.7772666668;0.2222222222222222;290576;815645.6970999998;0.22222031813740367;6;0.0
Meta_227;284341;980277.7772666668;0.3333333333333333;284372;733043.9674;0.33328390606476954;5;0.0
Meta_228;284341;980277.7772666668;0.38888888888888884;286364;755240.5377999998;0.38777779928504297;6;0.0
Meta_226;284341;980277.7772666668;0.2777777777777778;284392;842460.9384999998;0.27658454549350425;18;0.0
Meta_230;284341;980277.7772666668;0.5;284341;257656.33599999998;0.47421616109775855;0;0.0
Meta_229;284341;980277.7772666668;0.4444444444444444;284341;501249.2665999999;0.4408128020059734;2;0.0
Meta_232;284341;1470416.6659000001;0.05555555555555555;306768;1453387.6541000002;0.04633240229956996;19;0.0
Meta_231;284341;1470416.6659000001;0.0;316394;1459573.2309000003;2.8109164082014877E-17;24;0.0
Meta_234;284341;1470416.6659000001;0.16666666666666666;284341;1421117.3826999995;0.1659215820235011;9;0.0
Meta_235;284341;1470416.6659000001;0.2222222222222222;295934;1094116.5290999997;0.22218948715075348;5;0.0
Meta_233;284341;1470416.6659000001;0.1111111111111111;289269;1469956.9181999997;0.0567738428973355;20;0.0
Meta_236;284341;1470416.6659000001;0.2777777777777778;285323;1015070.3767;0.24633391133854451;4;0.0
Meta_237;284341;1470416.6659000001;0.3333333333333333;284341;1342624.1175000004;0.3332370964326206;7;0.0
Meta_238;284341;1470416.6659000001;0.38888888888888884;286668;603389.9695999998;0.38748164764425336;5;0.0
Meta_239;284341;1470416.6659000001;0.4444444444444444;285332;437157.4372;0.44444307573781316;3;0.0
Meta_240;284341;1470416.6659000001;0.5;284341;258759.08560000005;0.4897293927771777;0;0.0
Meta_242;284341;1960555.5545333335;0.05555555555555555;287789;1268268.7052;0.05227217448238607;3;0.0
Meta_243;284341;1960555.5545333335;0.1111111111111111;284341;1473676.8029999996;0.08776371761143478;4;0.0
Meta_241;284341;1960555.5545333335;0.0;316394;1952929.0618999994;2.0113280536985836E-16;14;0.0
Meta_245;284341;1960555.5545333335;0.2222222222222222;284341;1154900.8068;0.20144549330078235;1;0.0
Meta_244;284341;1960555.5545333335;0.16666666666666666;291918;1283279.7841999996;0.16196723837835592;5;0.0
Meta_247;284341;1960555.5545333335;0.3333333333333333;284792;837802.8439999999;0.3226671861763541;2;0.0
Meta_248;284341;1960555.5545333335;0.38888888888888884;284419;706756.2354;0.3888461778886088;3;0.0
Meta_246;284341;1960555.5545333335;0.2777777777777778;287138;1276253.6448000001;0.24611222784977876;8;0.0
Meta_250;284341;1960555.5545333335;0.5;284341;268857.011;0.4894001821852263;0;0.0
Meta_249;284341;1960555.5545333335;0.4444444444444444;284341;662733.904;0.4350604939873204;4;0.0
Meta_252;284341;2450694.4431666667;0.05555555555555555;291343;1778811.8044999996;0.05467357061487329;3;0.0
Meta_251;284341;2450694.4431666667;0.0;316393;2443622.6879000003;2.8616372047443634E-6;15;0.0
Meta_253;284341;2450694.4431666667;0.1111111111111111;284341;1608878.0965999996;0.0916191129600542;19;0.0
Meta_254;284341;2450694.4431666667;0.16666666666666666;284341;1328757.3494;0.12810483216499774;12;0.0
Meta_255;284341;2450694.4431666667;0.2222222222222222;289164;995946.5403000001;0.22221648715454712;4;0.0
Meta_256;284341;2450694.4431666667;0.2777777777777778;284587;919057.7712999999;0.2777461346413401;6;0.0
Meta_257;284341;2450694.4431666667;0.3333333333333333;285168;1684344.6497999998;0.332784960856561;7;0.0
Meta_258;284341;2450694.4431666667;0.38888888888888884;286165;587293.8079;0.3884333327735691;3;0.0
Meta_260;284341;2450694.4431666667;0.5;284341;467913.9014999999;0.472732952400725;1;0.0
Meta_259;284341;2450694.4431666667;0.4444444444444444;316394;1768134.8779000002;1.5213353749127453E-14;2;0.0
Meta_262;284341;2940833.3318000003;0.05555555555555555;292738;1907139.1208999995;0.04836409928815781;3;0.0
Meta_263;284341;2940833.3318000003;0.1111111111111111;297416;1438210.5832999998;0.10895150811291716;5;0.0
Meta_264;284341;2940833.3318000003;0.16666666666666666;284341;1001726.9867999997;0.16569873159516446;3;0.0
Meta_265;284341;2940833.3318000003;0.2222222222222222;289138;1037616.9647;0.2219409018156862;5;0.0
Meta_266;284341;2940833.3318000003;0.2777777777777778;287433;1118889.2849;0.2776721237599244;3;0.0
Meta_267;284341;2940833.3318000003;0.3333333333333333;284649;1321758.64;0.3294384734677552;5;0.0
Meta_268;284341;2940833.3318000003;0.38888888888888884;284341;1145085.9234;0.3687921542428326;4;0.0
Meta_269;284341;2940833.3318000003;0.4444444444444444;284915;461253.5775;0.439616683085294;3;0.0
Meta_270;284341;2940833.3318000003;0.5;284341;225480.27159999998;0.4837284459736495;1;0.0
Meta_271;284341;3430972.220433334;0.0;316394;2865977.4357;0.0;93;0.0
Meta_272;284341;3430972.220433334;0.05555555555555555;299697;1855880.7520000003;0.042601206656774124;4;0.0
Meta_273;284341;3430972.220433334;0.1111111111111111;290665;1159498.1627;0.09805899796873356;5;0.0
Meta_274;284341;3430972.220433334;0.16666666666666666;288601;1159900.0636;0.1650894605906285;5;0.0
Meta_275;284341;3430972.220433334;0.2222222222222222;284419;920389.8159999999;0.2220278110231444;4;0.0
Meta_261;284341;2940833.3318000003;0.0;316387;2071141.9984999998;1.3582654502160337E-4;169;0.0
Meta_276;284341;3430972.220433334;0.2777777777777778;288106;1125641.5706000002;0.2775216903026929;5;0.0
Meta_277;284341;3430972.220433334;0.3333333333333333;286772;1139691.0937;0.3333316343372252;5;0.0
Meta_278;284341;3430972.220433334;0.38888888888888884;288071;1420154.7682;0.38888583608765137;5;0.0
Meta_280;284341;3430972.220433334;0.5;284341;128062.04209999999;0.4897672790451392;1;0.0
Meta_279;284341;3430972.220433334;0.4444444444444444;284341;473478.83640000003;0.44436417235130427;4;0.0
Meta_282;284341;3921111.109066667;0.05555555555555555;294935;3254948.437799999;0.05540456024443413;12;0.0
Meta_283;284341;3921111.109066667;0.1111111111111111;285677;2769261.0323;0.11111423245141137;6;0.0
Meta_284;284341;3921111.109066667;0.16666666666666666;293357;1468304.1731999996;0.16595024765111727;9;0.0
Meta_285;284341;3921111.109066667;0.2222222222222222;284424;1329908.0792999999;0.2221920228860422;3;0.0
Meta_206;284341;0.0;0.2777777777777778;288260;366378.59809999994;0.27778477488264813;3600;0.48754005015183666
Meta_286;284341;3921111.109066667;0.2777777777777778;289403;1818742.7152999998;0.2772329206361873;5;0.0
Meta_287;284341;3921111.109066667;0.3333333333333333;286045;1241478.9409000003;0.33312463499867606;6;0.0
Meta_289;284341;3921111.109066667;0.4444444444444444;284341;517926.34990000003;0.4443759712233174;2;0.0
Meta_290;284341;3921111.109066667;0.5;284341;246203.58669999996;0.4625751406091694;0;0.0
Meta_288;284341;3921111.109066667;0.38888888888888884;284342;773324.375;0.3865796854946813;5;0.0
Meta_281;284341;3921111.109066667;0.0;316394;1881987.8724999998;1.3556079706593693E-15;58;0.0
Meta_292;284341;4411249.9977;0.05555555555555555;296570;1369094.6079;0.05529156148212396;7;0.0
Meta_293;284341;4411249.9977;0.1111111111111111;284369;2121374.8287;0.09180450995603115;4;0.0
Meta_291;284341;4411249.9977;0.0;316394;3145912.6978;1.777779632451261E-17;14;0.0
Meta_294;284341;4411249.9977;0.16666666666666666;284365;1050403.0033;0.1591431485313823;5;0.0
Meta_295;284341;4411249.9977;0.2222222222222222;284344;1448958.0065999997;0.21609646998385654;4;0.0
Meta_297;284341;4411249.9977;0.3333333333333333;291353;1135061.2450999997;0.3333236796344419;5;0.0
Meta_296;284341;4411249.9977;0.2777777777777778;285800;958920.3929000001;0.2772100771731719;6;0.0
Meta_298;284341;4411249.9977;0.38888888888888884;286716;733174.0706999999;0.3888887493936882;6;0.0
Meta_300;284341;4411249.9977;0.5;284341;371871.0832;0.4866258992974379;0;0.0
Meta_299;284341;4411249.9977;0.4444444444444444;284341;438428.69130000006;0.4361054379550483;1;0.0
Meta_207;284341;0.0;0.3333333333333333;284597;266576.06369999994;0.3334020364748604;3600;0.49940787429529565
Meta_208;284341;0.0;0.38888888888888884;284343;150086.51080000002;0.3888913370895928;3600;0.273905151047386
Meta_209;284341;0.0;0.4444444444444444;284359;77610.1666;0.44444516237127446;3600;0.09747944803563009
Meta_211;284341;490138.8886333334;0.0;288786;621439.9532999999;0.06548695180547628;3608;1.0
Meta_212;284341;490138.8886333334;0.05555555555555555;286784;572979.1149999999;0.10032614967037763;3600;1.0
Meta_213;284341;490138.8886333334;0.1111111111111111;284351;760973.0458999999;0.11111162164352552;3600;1.0
Meta_214;284341;490138.8886333334;0.16666666666666666;286306;628341.634;0.16663933685463744;3600;1.0
Meta_310;268315;0.0;0.5;269971;0.0;0.4992824885264355;0;0.0
Meta_303;268315;0.0;0.1111111111111111;271676;643178.2295;0.11111921703239432;3600;0.5861782421945493
Meta_301;268315;0.0;0.0;298494;804322.8317999998;0.03763858249102209;3600;0.5212502175300344
Meta_302;268315;0.0;0.05555555555555555;271930;668597.4258000001;0.07573607475661417;3600;0.5278438930685954
Meta_314;268315;490138.8886333334;0.16666666666666666;269635;482755.329;0.1666640786689792;752;0.0
Meta_315;268315;490138.8886333334;0.2222222222222222;270849;468022.07829999994;0.22222114412387745;663;0.0
Meta_316;268315;490138.8886333334;0.2777777777777778;268885;488555.04359999986;0.27773269198270895;8;0.0
Meta_317;268315;490138.8886333334;0.3333333333333333;271453;482506.3764000001;0.33333347155300425;27;0.0
Meta_318;268315;490138.8886333334;0.38888888888888884;269139;436682.00560000003;0.3817982010839523;21;0.0
Meta_319;268315;490138.8886333334;0.4444444444444444;276064;347291.9044999999;0.44422953624988043;6;0.0
Meta_320;268315;490138.8886333334;0.5;269073;32125.523999999998;0.49983560742610095;0;0.0
Meta_304;268315;0.0;0.16666666666666666;269337;602596.8617;0.16664096533279396;3600;0.6407537264921594
Meta_322;268315;980277.7772666668;0.05555555555555555;288080;980095.2313000001;0.055340560138699056;22;0.0
Meta_306;268315;0.0;0.2777777777777778;277151;414582.63859999995;0.27777780482011255;3600;0.8218563627865414
Meta_305;268315;0.0;0.2222222222222222;280936;414653.37859999994;0.22201737846247974;3600;0.6506600569145274
Meta_323;268315;980277.7772666668;0.1111111111111111;268354;968541.5722000003;0.09209436481846119;5;0.0
Meta_325;268315;980277.7772666668;0.2222222222222222;278405;921923.0984;0.2221162793451961;4;0.0
Meta_324;268315;980277.7772666668;0.16666666666666666;273421;856511.6596999998;0.08865740089277487;6;0.0
Meta_326;268315;980277.7772666668;0.2777777777777778;268315;902512.6593999999;0.27104236920937796;7;0.0
Meta_307;268315;0.0;0.3333333333333333;270604;198425.6747;0.3333299529601362;3600;0.8511185571501557
Meta_330;268315;980277.7772666668;0.5;269073;32125.523999999998;0.49983560742610095;0;0.0
Meta_327;268315;980277.7772666668;0.3333333333333333;268315;976830.9504999998;0.3330919039473075;6;0.0
Meta_329;268315;980277.7772666668;0.4444444444444444;268620;350773.83570000005;0.4399144501107458;4;0.0
Meta_328;268315;980277.7772666668;0.38888888888888884;285373;952747.9714000002;0.3867692927367099;9;0.0
Meta_333;268315;1470416.6659000001;0.1111111111111111;271135;1238043.5973;0.11108444945487489;4;0.0
Meta_335;268315;1470416.6659000001;0.2222222222222222;272135;1080729.8166;0.1864796344829109;4;0.0
Meta_334;268315;1470416.6659000001;0.16666666666666666;279436;1269946.6837000002;0.14749362164231858;10;0.0
Meta_336;268315;1470416.6659000001;0.2777777777777778;274820;1079979.5405;0.27657694493232876;3;0.0
Meta_337;268315;1470416.6659000001;0.3333333333333333;276334;802252.8163999998;0.33316796690025746;4;0.0
Meta_332;268315;1470416.6659000001;0.05555555555555555;296823;1041235.9129000002;0.047237850065422186;21;0.0
Meta_340;268315;1470416.6659000001;0.5;269073;32125.523999999998;0.49983560742610095;0;0.0
Meta_338;268315;1470416.6659000001;0.38888888888888884;268398;686107.7708999998;0.38719371896267146;6;0.0
Meta_339;268315;1470416.6659000001;0.4444444444444444;276604;315057.4783;0.4441520109321918;4;0.0
Meta_342;268315;1960555.5545333335;0.05555555555555555;300412;1176268.6965000003;0.0551786431006178;5;0.0
Meta_344;268315;1960555.5545333335;0.16666666666666666;270948;1016798.4559000002;0.16650440697166236;4;0.0
Meta_345;268315;1960555.5545333335;0.2222222222222222;281407;1102151.5704;0.2157830614666193;3;0.0
Meta_346;268315;1960555.5545333335;0.2777777777777778;290100;1159897.1594999998;0.27187870722286506;4;0.0
Meta_343;268315;1960555.5545333335;0.1111111111111111;272110;1365435.3396999994;0.09411833018226591;28;0.0
Meta_347;268315;1960555.5545333335;0.3333333333333333;269375;822924.0599;0.3332964294927768;9;0.0
Meta_348;268315;1960555.5545333335;0.38888888888888884;273324;638720.0348;0.3864830420186434;5;0.0
Meta_350;268315;1960555.5545333335;0.5;269073;32125.523999999998;0.49983560742610095;0;0.0
Meta_349;268315;1960555.5545333335;0.4444444444444444;268428;481446.1908;0.44432550114224667;5;0.0
Meta_309;268315;0.0;0.4444444444444444;269693;35811.378300000004;0.44444556146534975;3600;1.0
Meta_308;268315;0.0;0.38888888888888884;268315;113265.32569999999;0.3888876231433539;3600;0.9983984015394513
Meta_311;268315;490138.8886333334;0.0;292361;765583.9771;0.053799590114077346;3600;1.0
Meta_354;268315;2450694.4431666667;0.16666666666666666;268489;907627.4200000002;0.15849840538674123;4;0.0
Meta_355;268315;2450694.4431666667;0.2222222222222222;275798;998239.8637;0.22015701297830473;6;0.0
Meta_356;268315;2450694.4431666667;0.2777777777777778;269983;847592.0645000001;0.2771095151282021;4;0.0
Meta_357;268315;2450694.4431666667;0.3333333333333333;268319;1459825.2982999997;0.3333274384337035;4;0.0
Meta_353;268315;2450694.4431666667;0.1111111111111111;283588;2342324.6403;0.11046554493646527;15;0.0
Meta_360;268315;2450694.4431666667;0.5;269073;32125.523999999998;0.49983560742610095;0;0.0
Meta_358;268315;2450694.4431666667;0.38888888888888884;268327;612786.1483;0.3885180367149583;6;0.0
Meta_359;268315;2450694.4431666667;0.4444444444444444;271143;300632.5918999999;0.43071078945431795;4;0.0
Meta_362;268315;2940833.3318000003;0.05555555555555555;311668;2327564.6761999996;0.05484890663538092;19;0.0
Meta_363;268315;2940833.3318000003;0.1111111111111111;312068;2227927.5069;0.0805986872279196;20;0.0
Meta_364;268315;2940833.3318000003;0.16666666666666666;275257;970750.4524000001;0.1666290810142907;6;0.0
Meta_366;268315;2940833.3318000003;0.2777777777777778;268315;828652.056;0.2685916892140078;3;0.0
Meta_365;268315;2940833.3318000003;0.2222222222222222;268315;917973.6748000002;0.2204617683264369;8;0.0
Meta_368;268315;2940833.3318000003;0.38888888888888884;268315;803546.5623999999;0.38874965618988144;4;0.0
Meta_367;268315;2940833.3318000003;0.3333333333333333;269584;1003606.3061000002;0.3298464866071266;6;0.0
Meta_370;268315;2940833.3318000003;0.5;269073;32125.523999999998;0.49983560742610095;0;0.0
Meta_369;268315;2940833.3318000003;0.4444444444444444;268353;534694.6299999999;0.44289957141446495;4;0.0
Meta_352;268315;2450694.4431666667;0.05555555555555555;314639;1659970.6790999996;0.05241895461751854;83;0.0
Meta_373;268315;3430972.220433334;0.1111111111111111;269446;982843.6935;0.09024139875053346;4;0.0
Meta_372;268315;3430972.220433334;0.05555555555555555;300756;2729153.3569000005;0.05454793271837071;10;0.0
Meta_374;268315;3430972.220433334;0.16666666666666666;268502;924814.3736;0.16260114295322584;4;0.0
Meta_375;268315;3430972.220433334;0.2222222222222222;269854;1059745.2924000002;0.22050504602950802;2;0.0
Meta_376;268315;3430972.220433334;0.2777777777777778;268356;2156178.6073000003;0.26870365365751975;5;0.0
Meta_378;268315;3430972.220433334;0.38888888888888884;268319;670501.3068000001;0.3888367126267479;4;0.0
Meta_377;268315;3430972.220433334;0.3333333333333333;274564;2828203.4875000003;0.3329445366524306;8;0.0
Meta_380;268315;3430972.220433334;0.5;269073;32125.523999999998;0.49983560742610095;0;0.0
Meta_379;268315;3430972.220433334;0.4444444444444444;270990;256519.68449999997;0.44442957388062826;4;0.0
Meta_382;268315;3921111.109066667;0.05555555555555555;316394;3624666.443999999;1.136609612648792E-14;17;0.0
Meta_383;268315;3921111.109066667;0.1111111111111111;272008;1093165.2140999998;0.1056034830294158;4;0.0
Meta_384;268315;3921111.109066667;0.16666666666666666;271074;1287375.1092;0.1601321523208789;3;0.0
Meta_331;268315;1470416.6659000001;0.0;316394;1470023.1280999996;0.0;211;0.0
Meta_386;268315;3921111.109066667;0.2777777777777778;268315;1722810.2038999998;0.19733998853516244;2;0.0
Meta_385;268315;3921111.109066667;0.2222222222222222;270286;1161712.8248;0.2031609175402968;4;0.0
Meta_387;268315;3921111.109066667;0.3333333333333333;268342;980182.7978000003;0.33113602365987976;4;0.0
Meta_388;268315;3921111.109066667;0.38888888888888884;316394;1322273.9884999997;8.501802434839558E-16;3;0.0
Meta_390;268315;3921111.109066667;0.5;269073;32125.523999999998;0.49983560742610095;0;0.0
Meta_389;268315;3921111.109066667;0.4444444444444444;269488;420628.51359999995;0.442793801654941;3;0.0
Meta_392;268315;4411249.9977;0.05555555555555555;285852;1319370.5052999996;0.05555556436160391;21;0.0
Meta_393;268315;4411249.9977;0.1111111111111111;286621;1481597.7389;0.11037967261499475;4;0.0
Meta_381;268315;3921111.109066667;0.0;316394;3780066.8780000005;2.5141600671232295E-17;79;0.0
Meta_395;268315;4411249.9977;0.2222222222222222;269615;854518.3621;0.2217403693756944;2;0.0
Meta_396;268315;4411249.9977;0.2777777777777778;269480;785501.3187000001;0.27771020962922816;3;0.0
Meta_397;268315;4411249.9977;0.3333333333333333;270436;851272.2636;0.33333022258602507;9;0.0
Meta_394;268315;4411249.9977;0.16666666666666666;279054;3898073.4785000007;0.15859962263432195;25;0.0
Meta_399;268315;4411249.9977;0.4444444444444444;268315;467869.8420999999;0.4442775969583323;4;0.0
Meta_398;268315;4411249.9977;0.38888888888888884;268327;1551866.3380999998;0.38885934250199367;6;0.0
Meta_400;268315;4411249.9977;0.5;269073;32125.523999999998;0.49983560742610095;0;0.0
Meta_312;268315;490138.8886333334;0.05555555555555555;276784;605529.4813;0.08943185337823649;3600;1.0
Meta_313;268315;490138.8886333334;0.1111111111111111;286300;943476.0845999997;0.20765079282105067;3600;1.0
Meta_361;268315;2940833.3318000003;0.0;316389;1924016.9203999997;1.974537153092767E-4;877;0.0
Meta_371;268315;3430972.220433334;0.0;316031;3062135.2578000003;8.139101751262958E-4;1030;0.0
Meta_321;268315;980277.7772666668;0.0;316394;980264.7148999998;0.0;2549;0.0
Meta_391;268315;4411249.9977;0.0;316394;2291270.0450999993;0.0;1304;0.0
Meta_341;268315;1960555.5545333335;0.0;316394;1674146.9658000004;2.0758475891231784E-14;1971;0.0
Meta_351;268315;2450694.4431666667;0.0;316388;2427448.7400999996;3.363950501309139E-4;2641;0.0
Meta_410;252289;0.0;0.5;252996;0.0;0.49119382269541545;0;0.0
Meta_401;252289;0.0;0.0;288040;696999.7610999999;0.05400962705713481;3600;0.5136982653164229
Meta_402;252289;0.0;0.05555555555555555;278750;638908.1097999999;0.07842743595913133;3600;0.516595932440564
Meta_403;252289;0.0;0.1111111111111111;259047;601844.1775999999;0.12979950514937671;3600;0.5959677490284915
Meta_404;252289;0.0;0.16666666666666666;252357;538477.6011;0.1669256034146292;3600;0.5732519913684307
Meta_405;252289;0.0;0.2222222222222222;256485;369168.04139999993;0.22223146954568196;3600;0.5579243232134455
Meta_415;252289;490138.8886333334;0.2222222222222222;262581;471296.2974999999;0.21810613053779862;175;0.0
Meta_416;252289;490138.8886333334;0.2777777777777778;256126;397704.8744999999;0.27542699871568427;133;0.0
Meta_418;252289;490138.8886333334;0.38888888888888884;252289;451927.228;0.38636455207383086;10;0.0
Meta_419;252289;490138.8886333334;0.4444444444444444;255288;316669.30789999996;0.4441721190067723;6;0.0
Meta_420;252289;490138.8886333334;0.5;252289;6749.4462;0.4881332156620074;0;0.0
Meta_406;252289;0.0;0.2777777777777778;252478;329960.57359999995;0.2777914026148543;3600;0.82435832968649
Meta_407;252289;0.0;0.3333333333333333;252618;227245.74320000003;0.3333343737518494;3600;0.9967691205424142
Meta_422;252289;980277.7772666668;0.05555555555555555;293380;927856.8701999999;0.05556404929877232;309;0.0
Meta_408;252289;0.0;0.38888888888888884;253857;220036.54709999994;0.38887578057691946;3600;1.0
Meta_425;252289;980277.7772666668;0.2222222222222222;264502;756180.4537;0.22153312746290107;19;0.0
Meta_426;252289;980277.7772666668;0.2777777777777778;252289;817272.3899;0.2772397705858984;6;0.0
Meta_427;252289;980277.7772666668;0.3333333333333333;252289;973277.5715999999;0.1392003535986459;4;0.0
Meta_428;252289;980277.7772666668;0.38888888888888884;256904;953265.9722;0.13027654698849386;5;0.0
Meta_429;252289;980277.7772666668;0.4444444444444444;252289;897844.9931999999;0.1392003535986458;1;0.0
Meta_430;252289;980277.7772666668;0.5;257550;0.0;0.49119382269541545;0;0.0
Meta_424;252289;980277.7772666668;0.16666666666666666;252318;972155.6078999998;0.16448508334931494;158;0.0
Meta_432;252289;1470416.6659000001;0.05555555555555555;294107;1316161.4778000002;0.055550265908159334;73;0.0
Meta_433;252289;1470416.6659000001;0.1111111111111111;257957;849330.2054999999;0.10472859276917236;4;0.0
Meta_423;252289;980277.7772666668;0.1111111111111111;277267;859630.9176;0.09934234244838637;508;0.0
Meta_435;252289;1470416.6659000001;0.2222222222222222;252289;1394330.0839999998;0.21776866171181122;2;0.0
Meta_436;252289;1470416.6659000001;0.2777777777777778;252289;1294935.9278000002;0.20570707225160256;1;0.0
Meta_437;252289;1470416.6659000001;0.3333333333333333;252289;1470407.1142999998;0.20907364908554812;1;0.0
Meta_438;252289;1470416.6659000001;0.38888888888888884;252289;1128885.4353;0.2762507790880253;1;0.0
Meta_439;252289;1470416.6659000001;0.4444444444444444;254594;213965.74869999994;0.44444413335813365;4;1.0E100
Meta_440;252289;1470416.6659000001;0.5;257550;0.0;0.49119382269541545;0;0.0
Meta_434;252289;1470416.6659000001;0.16666666666666666;311896;1453306.4496;0.015742466385168265;123;0.0
Meta_442;252289;1960555.5545333335;0.05555555555555555;300020;1791370.0889;0.0555091555100513;126;0.0
Meta_443;252289;1960555.5545333335;0.1111111111111111;273718;1036566.2108999998;0.1109469738509085;7;0.0
Meta_409;252289;0.0;0.4444444444444444;252289;18865.0639;0.44444503505186816;3600;1.0
Meta_444;252289;1960555.5545333335;0.16666666666666666;255930;1871660.1632999997;0.15803059904436878;3;0.0
Meta_446;252289;1960555.5545333335;0.2777777777777778;252289;1312325.0476999998;0.17985555869532316;1;0.0
Meta_445;252289;1960555.5545333335;0.2222222222222222;252289;1332361.0424;0.2056805353625729;1;0.0
Meta_447;252289;1960555.5545333335;0.3333333333333333;252289;1373910.6504;0.21870330788173095;1;0.0
Meta_448;252289;1960555.5545333335;0.38888888888888884;257286;673150.6286;0.3868922621334634;1;0.0
Meta_449;252289;1960555.5545333335;0.4444444444444444;252289;1599599.6937999998;0.20683048566830411;1;0.0
Meta_450;252289;1960555.5545333335;0.5;257550;0.0;0.49119382269541545;0;0.0
Meta_452;252289;2450694.4431666667;0.05555555555555555;302408;1682967.67;0.05081707979201547;4;0.0
Meta_453;252289;2450694.4431666667;0.1111111111111111;282925;2376194.8458;0.10095406737830719;35;0.0
Meta_454;252289;2450694.4431666667;0.16666666666666666;280120;2448258.0366000007;0.16181854486316194;81;0.0
Meta_455;252289;2450694.4431666667;0.2222222222222222;252289;1307234.9734999998;0.20617958415798615;1;0.0
Meta_456;252289;2450694.4431666667;0.2777777777777778;252289;1335016.2452;0.20913518848187743;1;0.0
Meta_457;252289;2450694.4431666667;0.3333333333333333;252289;1376362.9814;0.2551837039770953;1;0.0
Meta_458;252289;2450694.4431666667;0.38888888888888884;252289;1448768.5704;0.27393902121244823;1;0.0
Meta_459;252289;2450694.4431666667;0.4444444444444444;252289;1341960.5408999997;0.2704324620468826;1;0.0
Meta_460;252289;2450694.4431666667;0.5;257550;0.0;0.49119382269541545;0;0.0
Meta_411;252289;490138.8886333334;0.0;263277;488803.0076999999;0.15384330198470372;3600;1.0
Meta_462;252289;2940833.3318000003;0.05555555555555555;300126;2808780.7482999996;0.053690541454498;63;0.0
Meta_463;252289;2940833.3318000003;0.1111111111111111;270953;1465008.9967;0.10671946779406687;8;0.0
Meta_464;252289;2940833.3318000003;0.16666666666666666;268289;1091119.9324999999;0.14920313470183813;10;0.0
Meta_465;252289;2940833.3318000003;0.2222222222222222;254224;867473.7835000001;0.22044190302367883;5;0.0
Meta_466;252289;2940833.3318000003;0.2777777777777778;252289;1337398.2041999998;0.2594011278399194;1;0.0
Meta_467;252289;2940833.3318000003;0.3333333333333333;252289;1373910.6504;0.21870330788173095;1;0.0
Meta_468;252289;2940833.3318000003;0.38888888888888884;252289;1329378.7996999999;0.1764845035973617;1;0.0
Meta_469;252289;2940833.3318000003;0.4444444444444444;252289;1341960.5408999997;0.2704324620468826;1;0.0
Meta_470;252289;2940833.3318000003;0.5;257550;0.0;0.49119382269541545;0;0.0
Meta_414;252289;490138.8886333334;0.16666666666666666;258174;486209.3436;0.16633493924018153;2098;0.0
Meta_472;252289;3430972.220433334;0.05555555555555555;285944;1333889.9872999997;0.0555626750190461;175;0.0
Meta_473;252289;3430972.220433334;0.1111111111111111;268805;1466751.8939;0.10885990871219535;26;0.0
Meta_474;252289;3430972.220433334;0.16666666666666666;295331;1166402.6841999998;0.13931378288277715;4;0.0
Meta_475;252289;3430972.220433334;0.2222222222222222;252289;1233163.8556999997;0.21435636890510473;4;0.0
Meta_476;252289;3430972.220433334;0.2777777777777778;252289;1335016.2452;0.20913518848187743;1;0.0
Meta_477;252289;3430972.220433334;0.3333333333333333;252289;1373910.6504;0.21870330788173095;1;0.0
Meta_478;252289;3430972.220433334;0.38888888888888884;252289;1498259.9974999996;0.20603312974110308;1;0.0
Meta_479;252289;3430972.220433334;0.4444444444444444;252289;1352393.7253999999;0.2602044193836633;1;0.0
Meta_480;252289;3430972.220433334;0.5;257550;0.0;0.49119382269541545;0;0.0
Meta_471;252289;3430972.220433334;0.0;316087;3062036.8108999995;9.076479494243516E-4;512;0.0
Meta_482;252289;3921111.109066667;0.05555555555555555;303716;2556862.7418999993;0.053835563315938126;19;0.0
Meta_483;252289;3921111.109066667;0.1111111111111111;299149;2240905.2573;0.10978214810845963;6;0.0
Meta_484;252289;3921111.109066667;0.16666666666666666;256892;983646.7210999998;0.15945415446280514;5;0.0
Meta_485;252289;3921111.109066667;0.2222222222222222;254759;1379246.9844999998;0.21393734650293153;15;0.0
Meta_486;252289;3921111.109066667;0.2777777777777778;252289;1253886.4889;0.20580326252786513;2;0.0
Meta_487;252289;3921111.109066667;0.3333333333333333;252289;1490863.5243;0.21033310126334157;1;0.0
Meta_488;252289;3921111.109066667;0.38888888888888884;252289;1348858.3874;0.28314516073853696;1;0.0
Meta_489;252289;3921111.109066667;0.4444444444444444;252289;1360969.5776999996;0.27147873392073724;1;0.0
Meta_490;252289;3921111.109066667;0.5;257550;0.0;0.49119382269541545;0;0.0
Meta_413;252289;490138.8886333334;0.1111111111111111;254964;698711.5278000003;0.16046579795138735;3600;1.0
Meta_412;252289;490138.8886333334;0.05555555555555555;269385;518454.70650000003;0.10892804542418064;3600;1.0
Meta_493;252289;4411249.9977;0.1111111111111111;259704;1166564.3832000003;0.11111080203635683;4;0.0
Meta_492;252289;4411249.9977;0.05555555555555555;316394;2239570.9706;0.0;12;0.0
Meta_495;252289;4411249.9977;0.2222222222222222;252289;1322913.819;0.17612238107962033;3;0.0
Meta_496;252289;4411249.9977;0.2777777777777778;252289;1508843.6187999998;0.2307377362862546;1;0.0
Meta_497;252289;4411249.9977;0.3333333333333333;252289;1436874.2182;0.23311773741788266;1;0.0
Meta_494;252289;4411249.9977;0.16666666666666666;255876;1390257.1464;0.16207528142562855;17;0.0
Meta_498;252289;4411249.9977;0.38888888888888884;252289;1504659.6011;0.20664811033507163;1;0.0
Meta_499;252289;4411249.9977;0.4444444444444444;252289;1352393.7253999999;0.2602044193836633;1;0.0
Meta_500;252289;4411249.9977;0.5;257550;0.0;0.49119382269541545;0;0.0
Meta_431;252289;1470416.6659000001;0.0;316394;1399623.1227999995;0.0;2962;0.0
Meta_417;252289;490138.8886333334;0.3333333333333333;252289;813015.211;0.13920035359864585;3600;1.0
Meta_481;252289;3921111.109066667;0.0;316394;1795531.0494999995;0.0;1451;0.0
Meta_421;252289;980277.7772666668;0.0;254634;941975.7973999999;0.20314955248464636;3600;1.0
Meta_441;252289;1960555.5545333335;0.0;316394;1946324.4488999997;0.0;3375;0.0
Meta_451;252289;2450694.4431666667;0.0;285735;1861461.2473999998;0.07232060567964271;3600;1.0
Meta_461;252289;2940833.3318000003;0.0;306399;2363910.9032;0.03182228296850176;3600;1.0
Meta_509;236262;0.0;0.4444444444444444;237261;0.0;0.43739577025366877;79;0.0
Meta_510;236262;0.0;0.5;237053;0.0;0.44233374897363736;0;0.0
Meta_491;252289;4411249.9977;0.0;290936;1661246.6513;0.07928744792246484;3600;1.0
Meta_501;236262;0.0;0.0;285684;648959.813;0.07285074649219252;3600;0.545075333998402
Meta_502;236262;0.0;0.05555555555555555;269207;600191.1040999999;0.08802130834609392;3600;0.5119483955710301
Meta_514;236262;490138.8886333334;0.16666666666666666;241131;485544.0578;0.16664448661717285;199;0.0
Meta_515;236262;490138.8886333334;0.2222222222222222;249446;466351.02229999995;0.22188151608334789;29;0.0
Meta_516;236262;490138.8886333334;0.2777777777777778;237829;489052.5866999999;0.26994222150464453;29;0.0
Meta_517;236262;490138.8886333334;0.3333333333333333;236280;490067.2040000001;0.32833255133808936;97;0.0
Meta_518;236262;490138.8886333334;0.38888888888888884;236262;490134.5676;0.3741667339843293;1;0.0
Meta_519;236262;490138.8886333334;0.4444444444444444;236262;490135.661;0.35941294446007255;1;0.0
Meta_520;236262;490138.8886333334;0.5;236262;29071.257599999997;0.4487058933153419;0;0.0
Meta_503;236262;0.0;0.1111111111111111;261089;562028.6483000003;0.11395527518915098;3600;0.4640164873319649
Meta_504;236262;0.0;0.16666666666666666;245642;545012.6134;0.17039964356527146;3600;0.5751673677830732
Meta_505;236262;0.0;0.2222222222222222;250309;399756.1928;0.22222211405665196;3600;0.6319695659046355
Meta_523;236262;980277.7772666668;0.1111111111111111;259215;980264.6771999998;0.10204592741407797;8;0.0
Meta_525;236262;980277.7772666668;0.2222222222222222;252266;980275.3147;0.2221460667486368;2;0.0
Meta_526;236262;980277.7772666668;0.2777777777777778;288551;901346.7698999998;0.27765587818190884;29;0.0
Meta_527;236262;980277.7772666668;0.3333333333333333;238452;977655.3083999999;0.33249438998137926;7;0.0
Meta_528;236262;980277.7772666668;0.38888888888888884;236262;828030.7899000001;0.34829512798316464;0;0.0
Meta_529;236262;980277.7772666668;0.4444444444444444;236262;763456.2509000001;0.3065187284332288;1;0.0
Meta_530;236262;980277.7772666668;0.5;236262;29071.257599999997;0.4487058933153419;0;0.0
Meta_524;236262;980277.7772666668;0.16666666666666666;254455;888499.2474999999;0.15159887352225024;66;0.0
Meta_506;236262;0.0;0.2777777777777778;238376;252535.15430000002;0.277787533572627;3600;0.9328197722241364
Meta_533;236262;1470416.6659000001;0.1111111111111111;259784;1206956.3902999999;0.1083485145664204;16;0.0
Meta_534;236262;1470416.6659000001;0.16666666666666666;241326;869605.6879;0.16666404211723954;6;0.0
Meta_535;236262;1470416.6659000001;0.2222222222222222;237369;1246171.5862999998;0.2221059948256944;4;0.0
Meta_536;236262;1470416.6659000001;0.2777777777777778;241468;749577.5582;0.2758632625750048;17;0.0
Meta_537;236262;1470416.6659000001;0.3333333333333333;248890;1252612.0473999996;0.33333055436757464;6;0.0
Meta_538;236262;1470416.6659000001;0.38888888888888884;236262;828030.7899000001;0.34829512798316464;1;0.0
Meta_539;236262;1470416.6659000001;0.4444444444444444;236262;763456.2509000001;0.3065187284332288;1;0.0
Meta_540;236262;1470416.6659000001;0.5;236262;29071.257599999997;0.4487058933153419;0;0.0
Meta_532;236262;1470416.6659000001;0.05555555555555555;294591;1366338.0118999998;0.05553287030779168;115;0.0
Meta_531;236262;1470416.6659000001;0.0;316394;1470413.9976;0.0;262;0.0
Meta_543;236262;1960555.5545333335;0.1111111111111111;259376;1767818.7620999997;0.10708313660714604;10;0.0
Meta_544;236262;1960555.5545333335;0.16666666666666666;246639;1376126.7388;0.1666679435730085;3;0.0
Meta_545;236262;1960555.5545333335;0.2222222222222222;244616;725879.5436000001;0.21588215867230434;5;0.0
Meta_546;236262;1960555.5545333335;0.2777777777777778;236350;699456.3151;0.27776173919787894;5;0.0
Meta_547;236262;1960555.5545333335;0.3333333333333333;236302;749957.3992000002;0.33328330550642976;5;0.0
Meta_548;236262;1960555.5545333335;0.38888888888888884;236262;828030.7899000001;0.34829512798316464;0;0.0
Meta_549;236262;1960555.5545333335;0.4444444444444444;236262;763456.2509000001;0.3065187284332288;1;0.0
Meta_550;236262;1960555.5545333335;0.5;237154;0.0;0.45483529889249413;0;0.0
Meta_551;236262;2450694.4431666667;0.0;316394;2011445.192;3.079204648066709E-17;13;0.0
Meta_521;236262;980277.7772666668;0.0;316394;969882.52;0.0;775;0.0
Meta_553;236262;2450694.4431666667;0.1111111111111111;267973;1537178.1463999997;0.09885948071104804;6;0.0
Meta_554;236262;2450694.4431666667;0.16666666666666666;259321;2438052.5508;0.16555626729575093;49;0.0
Meta_555;236262;2450694.4431666667;0.2222222222222222;254175;822273.1005000001;0.22218883577681842;10;0.0
Meta_556;236262;2450694.4431666667;0.2777777777777778;236262;691265.7115;0.26678673530379304;1;0.0
Meta_557;236262;2450694.4431666667;0.3333333333333333;244632;1034571.9176999999;0.3260331871148434;6;0.0
Meta_558;236262;2450694.4431666667;0.38888888888888884;236262;828030.7899000001;0.34829512798316464;0;0.0
Meta_559;236262;2450694.4431666667;0.4444444444444444;236262;1023.6277;0.4421553666798407;1;0.0
Meta_560;236262;2450694.4431666667;0.5;237257;0.0;0.45483529889249413;0;0.0
Meta_552;236262;2450694.4431666667;0.05555555555555555;295906;2084945.9412999996;0.04729179192022783;137;0.0
Meta_561;236262;2940833.3318000003;0.0;316394;2317824.0042;5.896228000776764E-17;20;0.0
Meta_507;236262;0.0;0.3333333333333333;240936;241082.02260000003;0.3333260249467752;3600;1.0
Meta_564;236262;2940833.3318000003;0.16666666666666666;236556;957909.2216;0.16220422872115522;6;0.0
Meta_565;236262;2940833.3318000003;0.2222222222222222;264045;1150521.213;0.22018779410958222;5;0.0
Meta_542;236262;1960555.5545333335;0.05555555555555555;302948;1960453.6912999996;0.04455006342445326;394;0.0
Meta_566;236262;2940833.3318000003;0.2777777777777778;316394;2940818.5345;0.0;3;0.0
Meta_563;236262;2940833.3318000003;0.1111111111111111;314546;2843088.4553;0.053546169732966886;51;0.0
Meta_568;236262;2940833.3318000003;0.38888888888888884;236262;828030.7899000001;0.34829512798316464;0;0.0
Meta_567;236262;2940833.3318000003;0.3333333333333333;268571;1446545.7348999998;0.33330322801061546;6;0.0
Meta_570;236262;2940833.3318000003;0.5;237257;0.0;0.45483529889249413;0;0.0
Meta_569;236262;2940833.3318000003;0.4444444444444444;236262;1023.6277;0.4421553666798407;1;0.0
Meta_573;236262;3430972.220433334;0.1111111111111111;261085;1248474.1259999997;0.1026674290691863;7;0.0
Meta_572;236262;3430972.220433334;0.05555555555555555;292363;1492707.0639999995;0.05527642044410447;10;0.0
Meta_575;236262;3430972.220433334;0.2222222222222222;243244;1203931.4444;0.22099882145940478;4;0.0
Meta_576;236262;3430972.220433334;0.2777777777777778;242884;1156257.9330999998;0.2777787438022743;3;0.0
Meta_577;236262;3430972.220433334;0.3333333333333333;241163;2486424.6645;0.3287827009437623;17;0.0
Meta_578;236262;3430972.220433334;0.38888888888888884;236262;828030.7899000001;0.34829512798316464;1;0.0
Meta_579;236262;3430972.220433334;0.4444444444444444;236262;1023.6277;0.4421553666798407;1;0.0
Meta_562;236262;2940833.3318000003;0.05555555555555555;286251;1906599.8634;0.05555620054359284;118;0.0
Meta_580;236262;3430972.220433334;0.5;237257;0.0;0.45483529889249413;0;0.0
Meta_582;236262;3921111.109066667;0.05555555555555555;315442;2859404.1978999996;0.009840918614539106;48;0.0
Meta_583;236262;3921111.109066667;0.1111111111111111;264730;2190305.5133999996;0.10960823206549944;9;0.0
Meta_584;236262;3921111.109066667;0.16666666666666666;272103;1600171.2113999992;0.16644235361929882;9;0.0
Meta_585;236262;3921111.109066667;0.2222222222222222;238568;1512572.4111000001;0.22214779681978974;4;0.0
Meta_586;236262;3921111.109066667;0.2777777777777778;236973;740310.1931;0.26765686156815965;1;0.0
Meta_587;236262;3921111.109066667;0.3333333333333333;245302;993030.8023000001;0.33333378814252795;7;0.0
Meta_588;236262;3921111.109066667;0.38888888888888884;236262;828030.7899000001;0.34829512798316464;1;0.0
Meta_589;236262;3921111.109066667;0.4444444444444444;236262;1023.6277;0.4421553666798407;1;0.0
Meta_590;236262;3921111.109066667;0.5;237257;0.0;0.45483529889249413;0;0.0
Meta_581;236262;3921111.109066667;0.0;316394;3791959.8345999997;0.0;145;0.0
Meta_592;236262;4411249.9977;0.05555555555555555;301352;2097035.5669000002;0.04426541625768425;7;0.0
Meta_593;236262;4411249.9977;0.1111111111111111;278135;2363814.3455;0.10860391921934977;26;0.0
Meta_594;236262;4411249.9977;0.16666666666666666;257440;2074562.2341;0.16607755990764758;18;0.0
Meta_574;236262;3430972.220433334;0.16666666666666666;252866;1473143.1693999998;0.16475730996806026;240;0.0
Meta_595;236262;4411249.9977;0.2222222222222222;243988;1409695.8348999997;0.22167760293726488;8;0.0
Meta_596;236262;4411249.9977;0.2777777777777778;237371;1736528.6866999993;0.2777761160530318;7;0.0
Meta_598;236262;4411249.9977;0.38888888888888884;236262;828030.7899000001;0.34829512798316464;1;0.0
Meta_599;236262;4411249.9977;0.4444444444444444;236262;1023.6277;0.4421553666798407;0;0.0
Meta_600;236262;4411249.9977;0.5;237257;0.0;0.45483529889249413;0;0.0
Meta_597;236262;4411249.9977;0.3333333333333333;247072;1572343.4431999994;0.333197653268179;7;0.0
Meta_508;236262;0.0;0.38888888888888884;236261;177884.8126;0.38871759229734537;3600;1.0
Meta_591;236262;4411249.9977;0.0;316393;2252965.4453999996;6.01280296248584E-5;243;0.0
Meta_571;236262;3430972.220433334;0.0;316394;3415196.4872;0.0;477;0.0
Meta_511;236262;490138.8886333334;0.0;276013;566920.9986999999;0.09457261933310943;3600;1.0
Meta_512;236262;490138.8886333334;0.05555555555555555;255304;574034.7032999999;0.1166473549390194;3600;1.0
Meta_513;236262;490138.8886333334;0.1111111111111111;270423;505251.68830000004;0.11879836665207004;3600;1.0
Meta_608;220236;0.0;0.38888888888888884;221490;0.0;0.3825207481526635;72;0.0
Meta_609;220236;0.0;0.4444444444444444;221902;0.0;0.4023261639178604;0;0.0
Meta_610;220236;0.0;0.5;221902;0.0;0.4023261639178604;0;0.0
Meta_522;236262;980277.7772666668;0.05555555555555555;282970;896186.1539;0.060568832023623446;3600;1.0
Meta_541;236262;1960555.5545333335;0.0;308282;1778008.0903999996;0.023506117812770063;3600;1.0
Meta_601;220236;0.0;0.0;290451;772398.9683999999;0.05284056080705901;3600;0.5544032476917515
Meta_602;220236;0.0;0.05555555555555555;263368;618380.8025;0.09023317240512355;3600;0.5336965441612221
Meta_615;220236;490138.8886333334;0.2222222222222222;241172;485265.4472;0.22119470995719784;24;0.0
Meta_616;220236;490138.8886333334;0.2777777777777778;228491;455458.3932;0.27761626926557986;36;0.0
Meta_617;220236;490138.8886333334;0.3333333333333333;227741;393721.6037;0.3330237986614835;14;0.0
Meta_618;220236;490138.8886333334;0.38888888888888884;221424;401275.8347;0.38757363435742365;4;0.0
Meta_619;220236;490138.8886333334;0.4444444444444444;221902;0.0;0.4023261639178604;0;0.0
Meta_620;220236;490138.8886333334;0.5;221902;0.0;0.4023261639178604;0;0.0
Meta_603;220236;0.0;0.1111111111111111;244128;551040.7749999999;0.11283829222399977;3600;0.4779122954239635
Meta_604;220236;0.0;0.16666666666666666;234420;477985.92119999987;0.16744745495544253;3600;0.5952778265605438
Meta_623;220236;980277.7772666668;0.1111111111111111;266060;818834.0192999999;0.11085383876277909;6;0.0
Meta_624;220236;980277.7772666668;0.16666666666666666;274448;901259.9317000001;0.15859242881187072;31;0.0
Meta_625;220236;980277.7772666668;0.2222222222222222;228230;817097.4544000002;0.22220010487398642;31;0.0
Meta_626;220236;980277.7772666668;0.2777777777777778;279995;885790.2366000001;0.27751575898456965;11;0.0
Meta_605;220236;0.0;0.2222222222222222;239718;464967.6282999999;0.22222322816506704;3600;0.7619971896842584
Meta_628;220236;980277.7772666668;0.38888888888888884;220236;227783.5784;0.385111845357806;3;0.0
Meta_629;220236;980277.7772666668;0.4444444444444444;221902;0.0;0.4023261639178604;0;0.0
Meta_630;220236;980277.7772666668;0.5;221902;0.0;0.4023261639178604;0;0.0
Meta_606;220236;0.0;0.2777777777777778;227123;224602.16600000003;0.27777970675872765;3600;1.0
Meta_632;220236;1470416.6659000001;0.05555555555555555;288409;1141148.0239000001;0.055363122543552065;113;0.0
Meta_633;220236;1470416.6659000001;0.1111111111111111;272270;1161525.9519;0.1111151650366101;8;0.0
Meta_634;220236;1470416.6659000001;0.16666666666666666;244031;1057844.0200999998;0.16627594266339957;6;0.0
Meta_635;220236;1470416.6659000001;0.2222222222222222;238298;915852.2752;0.20999528332390388;4;0.0
Meta_636;220236;1470416.6659000001;0.2777777777777778;227356;750162.5333;0.2777655964057379;10;0.0
Meta_637;220236;1470416.6659000001;0.3333333333333333;228870;468767.8328;0.330770363119548;11;0.0
Meta_638;220236;1470416.6659000001;0.38888888888888884;221077;935395.8251;0.388468748716139;5;0.0
Meta_639;220236;1470416.6659000001;0.4444444444444444;221902;0.0;0.4023261639178604;0;0.0
Meta_640;220236;1470416.6659000001;0.5;221902;0.0;0.4023261639178604;0;0.0
Meta_627;220236;980277.7772666668;0.3333333333333333;255247;871888.3283999999;0.333326420311792;418;0.0
Meta_641;220236;1960555.5545333335;0.0;316394;1960555.5444999996;0.0;122;0.0
Meta_643;220236;1960555.5545333335;0.1111111111111111;250405;1837892.6765000003;0.11037924435234277;6;0.0
Meta_644;220236;1960555.5545333335;0.16666666666666666;307905;1960551.7348999993;0.1399851578235688;10;0.0
Meta_645;220236;1960555.5545333335;0.2222222222222222;220838;1129616.1274;0.2221453353518055;3;0.0
Meta_646;220236;1960555.5545333335;0.2777777777777778;230236;583631.1850000002;0.2776955292791125;14;0.0
Meta_647;220236;1960555.5545333335;0.3333333333333333;249584;1019814.8374999999;0.3333335308723617;6;0.0
Meta_648;220236;1960555.5545333335;0.38888888888888884;221102;104591.53490000001;0.3885306003951815;5;0.0
Meta_649;220236;1960555.5545333335;0.4444444444444444;221902;0.0;0.4023261639178604;0;0.0
Meta_642;220236;1960555.5545333335;0.05555555555555555;291311;1809586.0649999997;0.0555413068446353;67;0.0
Meta_650;220236;1960555.5545333335;0.5;221902;0.0;0.4023261639178604;0;0.0
Meta_652;220236;2450694.4431666667;0.05555555555555555;295232;1552492.0392;0.05555726342693622;118;0.0
Meta_653;220236;2450694.4431666667;0.1111111111111111;270744;1650950.4027000002;0.11068838300791793;7;0.0
Meta_654;220236;2450694.4431666667;0.16666666666666666;267839;1123098.1866999997;0.15171950481155144;3;0.0
Meta_655;220236;2450694.4431666667;0.2222222222222222;237250;1757512.7186000003;0.21802145969555195;20;0.0
Meta_656;220236;2450694.4431666667;0.2777777777777778;238779;832602.4646000002;0.27777868701310293;17;0.0
Meta_614;220236;490138.8886333334;0.16666666666666666;266471;489285.32329999993;0.16621070525421763;1201;0.0
Meta_658;220236;2450694.4431666667;0.38888888888888884;220239;692001.9253999998;0.38888045891523254;3;0.0
Meta_659;220236;2450694.4431666667;0.4444444444444444;221902;0.0;0.4023261639178604;0;0.0
Meta_660;220236;2450694.4431666667;0.5;221902;0.0;0.4023261639178604;0;0.0
Meta_657;220236;2450694.4431666667;0.3333333333333333;300245;2406089.987099999;0.3193097323155006;442;0.0
Meta_662;220236;2940833.3318000003;0.05555555555555555;308322;1318012.7855999998;0.03670377745811522;9;0.0
Meta_663;220236;2940833.3318000003;0.1111111111111111;272835;1837526.0197;0.10219731242811982;9;0.0
Meta_664;220236;2940833.3318000003;0.16666666666666666;254523;1154785.1297;0.16607753301931705;4;0.0
Meta_621;220236;980277.7772666668;0.0;316392;980277.6300999997;7.735383052774637E-6;1275;0.0
Meta_666;220236;2940833.3318000003;0.2777777777777778;236560;1582603.4653000003;0.2765232344922731;8;0.0
Meta_667;220236;2940833.3318000003;0.3333333333333333;233133;457964.4540000001;0.3332763944870757;17;0.0
Meta_665;220236;2940833.3318000003;0.2222222222222222;255800;1518413.8059999999;0.21443612169282522;63;0.0
Meta_669;220236;2940833.3318000003;0.4444444444444444;221902;0.0;0.4023261639178604;0;0.0
Meta_668;220236;2940833.3318000003;0.38888888888888884;223020;351837.5768999999;0.38803886583577835;8;0.0
Meta_670;220236;2940833.3318000003;0.5;221902;0.0;0.4023261639178604;0;0.0
Meta_607;220236;0.0;0.3333333333333333;223559;175854.03559999997;0.3333325954074833;3600;1.0
Meta_673;220236;3430972.220433334;0.1111111111111111;281631;1893582.0484;0.10453590583220065;39;0.0
Meta_674;220236;3430972.220433334;0.16666666666666666;267474;950911.9354000001;0.16402828362037217;5;0.0
Meta_675;220236;3430972.220433334;0.2222222222222222;224594;1497167.9145000002;0.2221677453961197;21;0.0
Meta_676;220236;3430972.220433334;0.2777777777777778;233714;605650.694;0.27775852351355323;16;0.0
Meta_661;220236;2940833.3318000003;0.0;316394;2749872.8588999994;0.0;387;0.0
Meta_678;220236;3430972.220433334;0.38888888888888884;223020;351837.5768999999;0.38803886583577835;9;0.0
Meta_679;220236;3430972.220433334;0.4444444444444444;221902;0.0;0.4023261639178604;0;0.0
Meta_680;220236;3430972.220433334;0.5;221902;0.0;0.4023261639178604;0;0.0
Meta_677;220236;3430972.220433334;0.3333333333333333;230008;2353023.8015;0.33330603886725696;51;0.0
Meta_611;220236;490138.8886333334;0.0;270114;552901.0265999999;0.10655907508001486;3600;1.0
Meta_683;220236;3921111.109066667;0.1111111111111111;268525;2891495.9187999996;0.11098847749352797;20;0.0
Meta_684;220236;3921111.109066667;0.16666666666666666;261159;1499480.0070999996;0.16665447844599235;5;0.0
Meta_685;220236;3921111.109066667;0.2222222222222222;267345;3808783.9462;0.220927627308784;24;0.0
Meta_686;220236;3921111.109066667;0.2777777777777778;316394;3921088.693500001;5.323329494292014E-15;9;0.0
Meta_687;220236;3921111.109066667;0.3333333333333333;245959;1251558.1695999997;0.3329608821807143;5;0.0
Meta_688;220236;3921111.109066667;0.38888888888888884;223020;351837.5768999999;0.38803886583577835;9;0.0
Meta_689;220236;3921111.109066667;0.4444444444444444;221902;0.0;0.4023261639178604;0;0.0
Meta_690;220236;3921111.109066667;0.5;221902;0.0;0.4023261639178604;0;0.0
Meta_681;220236;3921111.109066667;0.0;316331;3035545.0275000003;9.92182562730886E-4;734;0.0
Meta_682;220236;3921111.109066667;0.05555555555555555;314293;1785017.1448999997;0.05324002596255683;708;0.0
Meta_693;220236;4411249.9977;0.1111111111111111;261436;1007192.3535000001;0.10849296078000882;6;0.0
Meta_694;220236;4411249.9977;0.16666666666666666;282336;1211685.5373999998;0.16582258496149171;4;0.0
Meta_695;220236;4411249.9977;0.2222222222222222;243035;843788.9966;0.22222335174453176;19;0.0
Meta_696;220236;4411249.9977;0.2777777777777778;234625;639471.1539;0.2777693037817489;19;0.0
Meta_697;220236;4411249.9977;0.3333333333333333;225211;1050345.5437999999;0.33319399310547493;9;0.0
Meta_698;220236;4411249.9977;0.38888888888888884;223020;351837.5768999999;0.38803886583577835;6;0.0
Meta_699;220236;4411249.9977;0.4444444444444444;221902;0.0;0.4023261639178604;0;0.0
Meta_700;220236;4411249.9977;0.5;221902;0.0;0.4023261639178604;0;0.0
Meta_612;220236;490138.8886333334;0.05555555555555555;279714;554740.5763000001;0.09750414116062912;3600;1.0
Meta_613;220236;490138.8886333334;0.1111111111111111;266854;510018.86100000015;0.13640924298424187;3600;1.0
Meta_622;220236;980277.7772666668;0.05555555555555555;300148;847153.4766999999;0.05282893279905571;3515;0.0
Meta_631;220236;1470416.6659000001;0.0;301831;1470419.5774000003;0.03858060479946082;3600;1.0
Meta_651;220236;2450694.4431666667;0.0;314771;2168304.0078;0.038821237134596724;3600;1.0
Meta_691;220236;4411249.9977;0.0;316394;2525318.5099;0.0;2762;0.0
Meta_707;204210;0.0;0.3333333333333333;205144;0.0;0.33236553968524685;0;0.0
Meta_708;204210;0.0;0.38888888888888884;205144;0.0;0.33236553968524685;0;0.0
Meta_709;204210;0.0;0.4444444444444444;205144;0.0;0.33236553968524685;0;0.0
Meta_710;204210;0.0;0.5;205144;0.0;0.33236553968524685;0;0.0
Meta_671;220236;3430972.220433334;0.0;310246;3357534.9557999996;0.045448421872049546;3600;1.0
Meta_672;220236;3430972.220433334;0.05555555555555555;312019;3019423.9113000003;0.08349553565757234;3600;1.0
Meta_692;220236;4411249.9977;0.05555555555555555;278793;4245467.338599999;0.09850455085362013;3600;1.0
Meta_701;204210;0.0;0.0;283816;655052.3674;0.0756641547302157;3600;0.5021445355037784
Meta_702;204210;0.0;0.05555555555555555;271854;585114.0649000001;0.0855559680490302;3600;0.4461307235990554
Meta_716;204210;490138.8886333334;0.2777777777777778;233247;473940.1609;0.27772442598011743;24;0.0
Meta_717;204210;490138.8886333334;0.3333333333333333;205144;0.0;0.3323655396852468;0;0.0
Meta_718;204210;490138.8886333334;0.38888888888888884;205144;0.0;0.3323655396852468;0;0.0
Meta_719;204210;490138.8886333334;0.4444444444444444;205144;0.0;0.3323655396852468;0;0.0
Meta_720;204210;490138.8886333334;0.5;205144;0.0;0.3323655396852468;0;0.0
Meta_715;204210;490138.8886333334;0.2222222222222222;247778;489957.46089999983;0.222100339847414;331;0.0
Meta_722;204210;980277.7772666668;0.05555555555555555;293300;944632.0776000002;0.055546858080710644;32;0.0
Meta_723;204210;980277.7772666668;0.1111111111111111;264804;820580.872;0.11071794881602437;14;0.0
Meta_724;204210;980277.7772666668;0.16666666666666666;256274;588792.2189999998;0.1666684972815555;8;0.0
Meta_725;204210;980277.7772666668;0.2222222222222222;238512;720234.5166000001;0.2204840564053695;20;0.0
Meta_726;204210;980277.7772666668;0.2777777777777778;224856;980270.9621000001;0.27532858999151527;21;0.0
Meta_727;204210;980277.7772666668;0.3333333333333333;205144;0.0;0.3323655396852468;0;0.0
Meta_728;204210;980277.7772666668;0.38888888888888884;205144;0.0;0.3323655396852468;0;0.0
Meta_729;204210;980277.7772666668;0.4444444444444444;205144;0.0;0.3323655396852468;0;0.0
Meta_730;204210;980277.7772666668;0.5;205144;0.0;0.3323655396852468;0;0.0
Meta_703;204210;0.0;0.1111111111111111;244158;453336.14379999996;0.12825997412436443;3600;0.4822262886640497
Meta_732;204210;1470416.6659000001;0.05555555555555555;287003;1274544.1123999995;0.05553556986735797;39;0.0
Meta_733;204210;1470416.6659000001;0.1111111111111111;278259;1029797.9143;0.11110841044017257;6;0.0
Meta_734;204210;1470416.6659000001;0.16666666666666666;261016;1208459.4005999998;0.16445535329535738;11;0.0
Meta_735;204210;1470416.6659000001;0.2222222222222222;214730;1290554.8935999996;0.2222191445528139;9;0.0
Meta_714;204210;490138.8886333334;0.16666666666666666;267270;478682.05169999995;0.16643332214430112;635;0.0
Meta_737;204210;1470416.6659000001;0.3333333333333333;205144;0.0;0.3323655396852468;0;0.0
Meta_738;204210;1470416.6659000001;0.38888888888888884;205144;0.0;0.3323655396852468;0;0.0
Meta_739;204210;1470416.6659000001;0.4444444444444444;205144;0.0;0.3323655396852468;0;0.0
Meta_740;204210;1470416.6659000001;0.5;205144;0.0;0.3323655396852468;0;0.0
Meta_736;204210;1470416.6659000001;0.2777777777777778;229968;444259.2378;0.2777664101475403;17;0.0
Meta_742;204210;1960555.5545333335;0.05555555555555555;299222;1938879.0550999998;0.05536570557616761;85;0.0
Meta_743;204210;1960555.5545333335;0.1111111111111111;275229;1960551.1191999996;0.1045140958306576;39;0.0
Meta_744;204210;1960555.5545333335;0.16666666666666666;267783;1858839.037;0.1664886294919196;40;0.0
Meta_745;204210;1960555.5545333335;0.2222222222222222;253578;1917116.6737000002;0.21945276050197865;14;0.0
Meta_746;204210;1960555.5545333335;0.2777777777777778;243254;1079844.2825000002;0.2751825718635295;14;0.0
Meta_747;204210;1960555.5545333335;0.3333333333333333;205144;0.0;0.3323655396852468;0;0.0
Meta_748;204210;1960555.5545333335;0.38888888888888884;205144;0.0;0.3323655396852468;0;0.0
Meta_749;204210;1960555.5545333335;0.4444444444444444;205144;0.0;0.3323655396852468;0;0.0
Meta_750;204210;1960555.5545333335;0.5;205144;0.0;0.3323655396852468;0;0.0
Meta_731;204210;1470416.6659000001;0.0;316394;1470416.4928;0.0;539;0.0
Meta_704;204210;0.0;0.16666666666666666;253819;535637.6255;0.16667692827915365;3600;0.599757196295908
Meta_753;204210;2450694.4431666667;0.1111111111111111;272607;1127285.5714999998;0.08728149231867698;6;0.0
Meta_754;204210;2450694.4431666667;0.16666666666666666;287855;2231403.1892;0.14254731988930816;23;0.0
Meta_755;204210;2450694.4431666667;0.2222222222222222;267063;1565204.5457;0.21586276472617796;4;0.0
Meta_756;204210;2450694.4431666667;0.2777777777777778;233816;593267.1907;0.27768596974084514;11;0.0
Meta_757;204210;2450694.4431666667;0.3333333333333333;205144;0.0;0.3323655396852468;0;0.0
Meta_758;204210;2450694.4431666667;0.38888888888888884;205144;0.0;0.3323655396852468;0;0.0
Meta_759;204210;2450694.4431666667;0.4444444444444444;205144;0.0;0.3323655396852468;0;0.0
Meta_760;204210;2450694.4431666667;0.5;205144;0.0;0.3323655396852468;0;0.0
Meta_705;204210;0.0;0.2222222222222222;241604;379343.5912999999;0.22222239329644547;3600;0.922878682028154
Meta_761;204210;2940833.3318000003;0.0;316394;1988677.0714;0.0;158;0.0
Meta_762;204210;2940833.3318000003;0.05555555555555555;311152;2548211.1038999995;0.05483856560611696;65;0.0
Meta_764;204210;2940833.3318000003;0.16666666666666666;256926;1065129.1173999999;0.16561270425751098;20;0.0
Meta_765;204210;2940833.3318000003;0.2222222222222222;261360;2416899.4598000003;0.2173105475198809;19;0.0
Meta_766;204210;2940833.3318000003;0.2777777777777778;234203;618321.9363000001;0.275969558763052;16;0.0
Meta_767;204210;2940833.3318000003;0.3333333333333333;205144;0.0;0.3323655396852468;0;0.0
Meta_768;204210;2940833.3318000003;0.38888888888888884;205144;0.0;0.3323655396852468;0;0.0
Meta_769;204210;2940833.3318000003;0.4444444444444444;205144;0.0;0.3323655396852468;0;0.0
Meta_770;204210;2940833.3318000003;0.5;205144;0.0;0.3323655396852468;0;0.0
Meta_771;204210;3430972.220433334;0.0;316394;2552905.4886000003;0.0;125;0.0
Meta_706;204210;0.0;0.2777777777777778;281367;476781.80019999994;0.277777492377056;3600;1.0
Meta_773;204210;3430972.220433334;0.1111111111111111;276769;1818419.7073000001;0.10962669533563466;7;0.0
Meta_772;204210;3430972.220433334;0.05555555555555555;305813;3337449.0782;0.054517428378756796;235;0.0
Meta_774;204210;3430972.220433334;0.16666666666666666;242047;1907112.6625999997;0.16517570020590636;22;0.0
Meta_775;204210;3430972.220433334;0.2222222222222222;238908;652386.0079999999;0.22198904505230208;16;0.0
Meta_777;204210;3430972.220433334;0.3333333333333333;205144;0.0;0.3323655396852468;0;0.0
Meta_778;204210;3430972.220433334;0.38888888888888884;205144;0.0;0.3323655396852468;0;0.0
Meta_779;204210;3430972.220433334;0.4444444444444444;205144;0.0;0.3323655396852468;0;0.0
Meta_780;204210;3430972.220433334;0.5;205144;0.0;0.3323655396852468;0;0.0
Meta_776;204210;3430972.220433334;0.2777777777777778;244637;1121249.4145;0.2775288752251525;31;0.0
Meta_751;204210;2450694.4431666667;0.0;316394;2410221.1704;0.0;1157;0.0
Meta_783;204210;3921111.109066667;0.1111111111111111;257603;1299880.2570000002;0.10648463257721977;8;0.0
Meta_784;204210;3921111.109066667;0.16666666666666666;269104;1345681.6863999998;0.1297927174437629;4;0.0
Meta_785;204210;3921111.109066667;0.2222222222222222;242049;999933.5365;0.22222213007099956;14;0.0
Meta_786;204210;3921111.109066667;0.2777777777777778;224331;3182213.1441;0.2758401821372936;16;0.0
Meta_787;204210;3921111.109066667;0.3333333333333333;205144;0.0;0.3323655396852468;0;0.0
Meta_788;204210;3921111.109066667;0.38888888888888884;205144;0.0;0.3323655396852468;0;0.0
Meta_789;204210;3921111.109066667;0.4444444444444444;205144;0.0;0.3323655396852468;0;0.0
Meta_790;204210;3921111.109066667;0.5;205144;0.0;0.3323655396852468;0;0.0
Meta_791;204210;4411249.9977;0.0;316394;4411245.8728;4.1727862361367695E-15;125;0.0
Meta_792;204210;4411249.9977;0.05555555555555555;316394;1776920.8262000002;5.796215962260835E-16;61;0.0
Meta_781;204210;3921111.109066667;0.0;316394;3921087.4010000005;0.0;407;0.0
Meta_794;204210;4411249.9977;0.16666666666666666;288683;3302244.0794000006;0.14448690563852895;30;0.0
Meta_795;204210;4411249.9977;0.2222222222222222;218645;3503377.1045999993;0.21767592984556072;10;0.0
Meta_796;204210;4411249.9977;0.2777777777777778;235024;619371.3343999999;0.27661948446673224;16;0.0
Meta_797;204210;4411249.9977;0.3333333333333333;205144;0.0;0.3323655396852468;0;0.0
Meta_798;204210;4411249.9977;0.38888888888888884;205144;0.0;0.3323655396852468;0;0.0
Meta_799;204210;4411249.9977;0.4444444444444444;205144;0.0;0.3323655396852468;0;0.0
Meta_800;204210;4411249.9977;0.5;205144;0.0;0.3323655396852468;0;0.0
Meta_763;204210;2940833.3318000003;0.1111111111111111;277551;1196190.0227;0.08739346277928162;1057;0.0
Meta_711;204210;490138.8886333334;0.0;280808;578031.7218;0.08458065640967484;3600;1.0
Meta_713;204210;490138.8886333334;0.1111111111111111;263805;493309.2757;0.11765617287501039;3600;1.0
Meta_712;204210;490138.8886333334;0.05555555555555555;279310;590222.7008999999;0.09016046067070428;3600;1.0
Meta_793;204210;4411249.9977;0.1111111111111111;274302;1514128.8397999995;0.11111555421598322;1251;0.0
Meta_721;204210;980277.7772666668;0.0;285350;975849.9108000001;0.09783993034307382;3600;1.0
Meta_807;188184;0.0;0.3333333333333333;188904;0.0;0.3028943929173463;0;0.0
Meta_808;188184;0.0;0.38888888888888884;188904;0.0;0.3028943929173463;0;0.0
Meta_809;188184;0.0;0.4444444444444444;188904;0.0;0.3028943929173463;0;0.0
Meta_810;188184;0.0;0.5;188904;0.0;0.3028943929173463;0;0.0
Meta_741;204210;1960555.5545333335;0.0;314330;1815323.3842;0.0464484579362288;3600;1.0
Meta_782;204210;3921111.109066667;0.05555555555555555;312385;3905742.0655;0.049724982471466866;2491;0.0
Meta_752;204210;2450694.4431666667;0.05555555555555555;291356;2221661.5008;0.06288184242345712;3600;1.0
Meta_814;188184;490138.8886333334;0.16666666666666666;257370;489302.2907999999;0.16664653381647912;165;0.0
Meta_801;188184;0.0;0.0;277750;637178.7739;0.07251637838747134;3600;0.5027760975011133
Meta_802;188184;0.0;0.05555555555555555;271395;685169.1434;0.0705737719340218;3600;0.502766159795735
Meta_817;188184;490138.8886333334;0.3333333333333333;188904;0.0;0.3028943929173463;0;0.0
Meta_818;188184;490138.8886333334;0.38888888888888884;188904;0.0;0.3028943929173463;0;0.0
Meta_819;188184;490138.8886333334;0.4444444444444444;188904;0.0;0.3028943929173463;0;0.0
Meta_820;188184;490138.8886333334;0.5;188904;0.0;0.3028943929173463;0;0.0
Meta_803;188184;0.0;0.1111111111111111;289935;802535.1696999996;0.1111302736193652;3600;0.6357607697567484
Meta_822;188184;980277.7772666668;0.05555555555555555;287689;966073.5911999999;0.05521845517974424;43;0.0
Meta_805;188184;0.0;0.2222222222222222;188184;73774.481;0.2809500898700099;3600;1.0
Meta_804;188184;0.0;0.16666666666666666;232557;539989.8584000001;0.1666515501725666;3600;0.5985770901189549
Meta_824;188184;980277.7772666668;0.16666666666666666;261242;891644.9686;0.16601014755412372;6;0.0
Meta_825;188184;980277.7772666668;0.2222222222222222;240661;918956.9742999999;0.22220380965087924;6;0.0
Meta_827;188184;980277.7772666668;0.3333333333333333;188904;0.0;0.3028943929173463;0;0.0
Meta_828;188184;980277.7772666668;0.38888888888888884;188904;0.0;0.3028943929173463;0;0.0
Meta_829;188184;980277.7772666668;0.4444444444444444;188904;0.0;0.3028943929173463;0;0.0
Meta_830;188184;980277.7772666668;0.5;188904;0.0;0.3028943929173463;0;0.0
Meta_826;188184;980277.7772666668;0.2777777777777778;253401;793667.5789999999;0.2775974056976227;78;0.0
Meta_832;188184;1470416.6659000001;0.05555555555555555;294635;1332468.4309;0.05549192472645488;27;0.0
Meta_833;188184;1470416.6659000001;0.1111111111111111;279257;1414668.2871;0.10948860177642188;4;0.0
Meta_834;188184;1470416.6659000001;0.16666666666666666;226653;1397877.6827;0.16604409477888063;17;0.0
Meta_835;188184;1470416.6659000001;0.2222222222222222;240071;820713.896;0.22114454432731606;19;0.0
Meta_816;188184;490138.8886333334;0.2777777777777778;228229;450219.33060000004;0.2775275000523818;640;0.0
Meta_837;188184;1470416.6659000001;0.3333333333333333;188904;0.0;0.3028943929173463;0;0.0
Meta_838;188184;1470416.6659000001;0.38888888888888884;188904;0.0;0.3028943929173463;0;0.0
Meta_839;188184;1470416.6659000001;0.4444444444444444;188904;0.0;0.3028943929173463;0;0.0
Meta_840;188184;1470416.6659000001;0.5;188904;0.0;0.3028943929173463;0;0.0
Meta_841;188184;1960555.5545333335;0.0;316392;1960553.2537999998;6.293680751222742E-5;174;0.0
Meta_842;188184;1960555.5545333335;0.05555555555555555;293112;1513384.4587999997;0.055075330310118756;81;0.0
Meta_843;188184;1960555.5545333335;0.1111111111111111;266920;1071788.5742;0.11111093299786565;8;0.0
Meta_844;188184;1960555.5545333335;0.16666666666666666;272479;1545485.3366;0.15799960987858;23;0.0
Meta_845;188184;1960555.5545333335;0.2222222222222222;277513;975397.9471;0.22160764201314684;22;0.0
Meta_846;188184;1960555.5545333335;0.2777777777777778;239565;834903.0808999998;0.2777794406469385;7;0.0
Meta_847;188184;1960555.5545333335;0.3333333333333333;188904;0.0;0.3028943929173463;0;0.0
Meta_848;188184;1960555.5545333335;0.38888888888888884;188904;0.0;0.3028943929173463;0;0.0
Meta_849;188184;1960555.5545333335;0.4444444444444444;188904;0.0;0.3028943929173463;0;0.0
Meta_850;188184;1960555.5545333335;0.5;188904;0.0;0.3028943929173463;0;0.0
Meta_806;188184;0.0;0.2777777777777778;188184;71626.3412;0.28127685184102996;3600;1.0
Meta_815;188184;490138.8886333334;0.2222222222222222;231426;489578.66579999996;0.22220952454309173;2457;0.0
Meta_853;188184;2450694.4431666667;0.1111111111111111;270066;1447237.1390999998;0.10138931846950881;18;0.0
Meta_854;188184;2450694.4431666667;0.16666666666666666;275411;1686829.2856;0.16649475146246356;8;0.0
Meta_855;188184;2450694.4431666667;0.2222222222222222;224574;1422638.8843;0.22202900178889373;9;0.0
Meta_811;188184;490138.8886333334;0.0;275413;629547.6181999999;0.10390842804988738;3600;1.0
Meta_857;188184;2450694.4431666667;0.3333333333333333;188904;0.0;0.3028943929173463;0;0.0
Meta_858;188184;2450694.4431666667;0.38888888888888884;188904;0.0;0.3028943929173463;0;0.0
Meta_859;188184;2450694.4431666667;0.4444444444444444;188904;0.0;0.3028943929173463;0;0.0
Meta_860;188184;2450694.4431666667;0.5;188904;0.0;0.3028943929173463;0;0.0
Meta_851;188184;2450694.4431666667;0.0;316394;2307002.6456;0.0;501;0.0
Meta_862;188184;2940833.3318000003;0.05555555555555555;289753;1858721.2672;0.05461624256445235;21;0.0
Meta_863;188184;2940833.3318000003;0.1111111111111111;265401;2727201.4671000005;0.11111373109728051;18;0.0
Meta_864;188184;2940833.3318000003;0.16666666666666666;270453;2537326.2036000006;0.16666710580338923;6;0.0
Meta_865;188184;2940833.3318000003;0.2222222222222222;255178;1444851.6138;0.21124828082531308;25;0.0
Meta_836;188184;1470416.6659000001;0.2777777777777778;221236;1423313.8560999997;0.27764587846914135;1218;0.0
Meta_867;188184;2940833.3318000003;0.3333333333333333;188904;0.0;0.3028943929173463;0;0.0
Meta_868;188184;2940833.3318000003;0.38888888888888884;188904;0.0;0.3028943929173463;0;0.0
Meta_869;188184;2940833.3318000003;0.4444444444444444;188904;0.0;0.3028943929173463;0;0.0
Meta_870;188184;2940833.3318000003;0.5;188904;0.0;0.3028943929173463;0;0.0
Meta_866;188184;2940833.3318000003;0.2777777777777778;316394;2695149.995900001;2.4782337347783874E-15;16;0.0
Meta_861;188184;2940833.3318000003;0.0;316394;2033310.7285999998;0.0;171;0.0
Meta_873;188184;3430972.220433334;0.1111111111111111;268463;1388422.3606;0.1046519359578076;32;0.0
Meta_874;188184;3430972.220433334;0.16666666666666666;305608;3170496.7871000003;0.166172883695326;5;0.0
Meta_875;188184;3430972.220433334;0.2222222222222222;241016;806106.3681;0.2222120342611109;15;0.0
Meta_812;188184;490138.8886333334;0.05555555555555555;279871;641455.5284;0.07385026403521221;3600;1.0
Meta_877;188184;3430972.220433334;0.3333333333333333;188904;0.0;0.3028943929173463;0;0.0
Meta_878;188184;3430972.220433334;0.38888888888888884;188904;0.0;0.3028943929173463;0;0.0
Meta_879;188184;3430972.220433334;0.4444444444444444;188904;0.0;0.3028943929173463;0;0.0
Meta_880;188184;3430972.220433334;0.5;188904;0.0;0.3028943929173463;0;0.0
Meta_821;188184;980277.7772666668;0.0;316394;973688.7643999996;0.0;1707;0.0
Meta_872;188184;3430972.220433334;0.05555555555555555;298916;1596208.4654999997;0.050951576925237156;232;0.0
Meta_882;188184;3921111.109066667;0.05555555555555555;316394;3643871.2482000007;0.0;16;0.0
Meta_884;188184;3921111.109066667;0.16666666666666666;279999;1676284.6135999998;0.12794069444035622;7;0.0
Meta_883;188184;3921111.109066667;0.1111111111111111;280820;3161869.9775999994;0.10950563338768106;8;0.0
Meta_886;188184;3921111.109066667;0.2777777777777778;235116;694978.4143000001;0.2774469199656522;7;0.0
Meta_887;188184;3921111.109066667;0.3333333333333333;188904;0.0;0.3028943929173463;0;0.0
Meta_888;188184;3921111.109066667;0.38888888888888884;188904;0.0;0.3028943929173463;0;0.0
Meta_889;188184;3921111.109066667;0.4444444444444444;188904;0.0;0.3028943929173463;0;0.0
Meta_890;188184;3921111.109066667;0.5;188904;0.0;0.3028943929173463;0;0.0
Meta_885;188184;3921111.109066667;0.2222222222222222;203665;1821645.7938999997;0.21773433919410856;17;0.0
Meta_856;188184;2450694.4431666667;0.2777777777777778;188216;687833.0473000001;0.2776585027751763;615;0.0
Meta_893;188184;4411249.9977;0.1111111111111111;284197;1514595.706;0.0660048252911142;4;0.0
Meta_894;188184;4411249.9977;0.16666666666666666;271591;4004685.0216999995;0.15560146624838062;11;0.0
Meta_895;188184;4411249.9977;0.2222222222222222;250244;1424165.1574;0.2215155438928459;22;0.0
Meta_896;188184;4411249.9977;0.2777777777777778;239956;914752.1518999999;0.27776919283965606;7;0.0
Meta_897;188184;4411249.9977;0.3333333333333333;188904;0.0;0.3028943929173463;0;0.0
Meta_898;188184;4411249.9977;0.38888888888888884;188904;0.0;0.3028943929173463;0;0.0
Meta_899;188184;4411249.9977;0.4444444444444444;188904;0.0;0.3028943929173463;0;0.0
Meta_900;188184;4411249.9977;0.5;188904;0.0;0.3028943929173463;0;0.0
Meta_881;188184;3921111.109066667;0.0;316394;3205139.9724000003;0.0;170;0.0
Meta_813;188184;490138.8886333334;0.1111111111111111;256996;515040.21900000004;0.11116006429203167;3600;1.0
Meta_871;188184;3430972.220433334;0.0;316394;1959351.7269999997;1.2570800335616148E-17;503;0.0
Meta_831;188184;1470416.6659000001;0.0;316394;1470414.9682999996;0.0;2865;0.0
Meta_823;188184;980277.7772666668;0.1111111111111111;269804;980275.2794999998;0.11071235312282297;3366;0.0
Meta_906;172158;0.0;0.2777777777777778;172237;0.0;0.2698228799255169;0;0.0
Meta_907;172158;0.0;0.3333333333333333;175119;0.0;0.2825285338660649;0;0.0
Meta_908;172158;0.0;0.38888888888888884;175119;0.0;0.2825285338660649;0;0.0
Meta_909;172158;0.0;0.4444444444444444;175119;0.0;0.2825285338660649;0;0.0
Meta_910;172158;0.0;0.5;175119;0.0;0.2825285338660649;0;0.0
Meta_891;188184;4411249.9977;0.0;316394;4113655.0098999995;0.0;1976;0.0
Meta_852;188184;2450694.4431666667;0.05555555555555555;303481;2436421.6443000003;0.05990566208008869;3600;1.0
Meta_892;188184;4411249.9977;0.05555555555555555;295493;1501428.781;0.05417955671446947;2914;0.0
Meta_914;172158;490138.8886333334;0.16666666666666666;260069;483407.9623000001;0.165656696316593;248;0.0
Meta_876;188184;3430972.220433334;0.2777777777777778;188184;3075933.8579;0.2780619185664987;3600;1.0
Meta_916;172158;490138.8886333334;0.2777777777777778;172158;56788.2688;0.2706140144307296;0;0.0
Meta_917;172158;490138.8886333334;0.3333333333333333;175119;0.0;0.2825285338660649;0;0.0
Meta_918;172158;490138.8886333334;0.38888888888888884;175119;0.0;0.2825285338660649;0;0.0
Meta_919;172158;490138.8886333334;0.4444444444444444;175119;0.0;0.2825285338660649;0;0.0
Meta_920;172158;490138.8886333334;0.5;175119;0.0;0.2825285338660649;0;0.0
Meta_901;172158;0.0;0.0;316371;895954.3818999998;0.0033409832251001825;3600;0.5514461675590762
Meta_902;172158;0.0;0.05555555555555555;267455;547409.3382000001;0.09534678768492609;3600;0.47795279671665736
Meta_923;172158;980277.7772666668;0.1111111111111111;255308;952208.072;0.10551080825863102;67;0.0
Meta_903;172158;0.0;0.1111111111111111;244705;531436.7945000001;0.1305354531534151;3600;0.5825067984234067
Meta_924;172158;980277.7772666668;0.16666666666666666;248691;725103.9722000001;0.16406550676263482;28;0.0
Meta_926;172158;980277.7772666668;0.2777777777777778;172158;471770.0168;0.2706140144307296;0;0.0
Meta_927;172158;980277.7772666668;0.3333333333333333;175119;0.0;0.2825285338660649;0;0.0
Meta_928;172158;980277.7772666668;0.38888888888888884;175119;0.0;0.2825285338660649;0;0.0
Meta_929;172158;980277.7772666668;0.4444444444444444;175119;0.0;0.2825285338660649;0;0.0
Meta_930;172158;980277.7772666668;0.5;175119;0.0;0.2825285338660649;0;0.0
Meta_904;172158;0.0;0.16666666666666666;276434;592544.1915000002;0.16666880530584302;3600;1.0
Meta_925;172158;980277.7772666668;0.2222222222222222;221373;863325.7878000002;0.21999151595298788;114;0.0
Meta_933;172158;1470416.6659000001;0.1111111111111111;265784;1212566.6306999999;0.11078326465579914;12;0.0
Meta_934;172158;1470416.6659000001;0.16666666666666666;295786;1403988.3877999997;0.16664151314150089;8;0.0
Meta_935;172158;1470416.6659000001;0.2222222222222222;238109;800652.2469999997;0.22220293131094618;10;0.0
Meta_936;172158;1470416.6659000001;0.2777777777777778;172158;471770.0168;0.2706140144307296;0;0.0
Meta_937;172158;1470416.6659000001;0.3333333333333333;175119;0.0;0.2825285338660649;0;0.0
Meta_938;172158;1470416.6659000001;0.38888888888888884;175119;0.0;0.2825285338660649;0;0.0
Meta_939;172158;1470416.6659000001;0.4444444444444444;175119;0.0;0.2825285338660649;0;0.0
Meta_940;172158;1470416.6659000001;0.5;175119;0.0;0.2825285338660649;0;0.0
Meta_932;172158;1470416.6659000001;0.05555555555555555;292961;1120226.9460999998;0.055000901664103735;115;0.0
Meta_931;172158;1470416.6659000001;0.0;316394;1439635.4251999997;0.0;155;0.0
Meta_943;172158;1960555.5545333335;0.1111111111111111;292760;1571692.5849999997;0.07286166371754688;18;0.0
Meta_944;172158;1960555.5545333335;0.16666666666666666;259950;1703864.2773999998;0.16384243645635815;17;0.0
Meta_945;172158;1960555.5545333335;0.2222222222222222;235609;634346.8993999999;0.2206602378026495;12;0.0
Meta_946;172158;1960555.5545333335;0.2777777777777778;172158;471770.0168;0.2706140144307296;0;0.0
Meta_947;172158;1960555.5545333335;0.3333333333333333;175119;0.0;0.2825285338660649;0;0.0
Meta_948;172158;1960555.5545333335;0.38888888888888884;175119;0.0;0.2825285338660649;0;0.0
Meta_949;172158;1960555.5545333335;0.4444444444444444;175119;0.0;0.2825285338660649;0;0.0
Meta_950;172158;1960555.5545333335;0.5;175119;0.0;0.2825285338660649;0;0.0
Meta_905;172158;0.0;0.2222222222222222;172158;30783.0692;0.2528377819123097;3600;1.0
Meta_952;172158;2450694.4431666667;0.05555555555555555;291654;1887318.700399999;0.050674146533926136;6;0.0
Meta_915;172158;490138.8886333334;0.2222222222222222;252529;468960.9363999999;0.22221612925932474;1795;0.0
Meta_954;172158;2450694.4431666667;0.16666666666666666;249000;2449389.6795;0.16666558092745484;6;0.0
Meta_955;172158;2450694.4431666667;0.2222222222222222;235397;701265.5987000001;0.22165619616032384;9;0.0
Meta_956;172158;2450694.4431666667;0.2777777777777778;172158;471770.0168;0.2706140144307296;0;0.0
Meta_957;172158;2450694.4431666667;0.3333333333333333;175119;0.0;0.2825285338660649;0;0.0
Meta_958;172158;2450694.4431666667;0.38888888888888884;175119;0.0;0.2825285338660649;0;0.0
Meta_959;172158;2450694.4431666667;0.4444444444444444;175119;0.0;0.2825285338660649;0;0.0
Meta_960;172158;2450694.4431666667;0.5;175119;0.0;0.2825285338660649;0;0.0
Meta_953;172158;2450694.4431666667;0.1111111111111111;287026;2450691.9633999993;0.11110885951463724;200;0.0
Meta_962;172158;2940833.3318000003;0.05555555555555555;302852;2889478.2864999995;0.05318907631194823;13;0.0
Meta_963;172158;2940833.3318000003;0.1111111111111111;287832;1449183.7791000002;0.10708131864491459;7;0.0
Meta_964;172158;2940833.3318000003;0.16666666666666666;250678;1142973.9108999998;0.16551821109705583;15;0.0
Meta_941;172158;1960555.5545333335;0.0;316394;1945111.9709999997;0.0;1147;0.0
Meta_966;172158;2940833.3318000003;0.2777777777777778;172158;471770.0168;0.2706140144307296;0;0.0
Meta_967;172158;2940833.3318000003;0.3333333333333333;175119;0.0;0.2825285338660649;0;0.0
Meta_968;172158;2940833.3318000003;0.38888888888888884;175119;0.0;0.2825285338660649;0;0.0
Meta_969;172158;2940833.3318000003;0.4444444444444444;175119;0.0;0.2825285338660649;0;0.0
Meta_970;172158;2940833.3318000003;0.5;175119;0.0;0.2825285338660649;0;0.0
Meta_965;172158;2940833.3318000003;0.2222222222222222;218517;2669838.04;0.2222012515530954;34;0.0
Meta_971;172158;3430972.220433334;0.0;316394;2009938.4336;8.268108859848861E-16;6;0.0
Meta_973;172158;3430972.220433334;0.1111111111111111;271494;2394750.4707;0.106792823416488;17;0.0
Meta_961;172158;2940833.3318000003;0.0;316394;2007478.1314999992;0.0;151;0.0
Meta_974;172158;3430972.220433334;0.16666666666666666;283113;1497772.8012;0.14747413760935485;23;0.0
Meta_976;172158;3430972.220433334;0.2777777777777778;172158;471770.0168;0.2706140144307296;0;0.0
Meta_975;172158;3430972.220433334;0.2222222222222222;239370;1470129.7626999996;0.20279886980495807;12;0.0
Meta_977;172158;3430972.220433334;0.3333333333333333;175119;0.0;0.2825285338660649;0;0.0
Meta_978;172158;3430972.220433334;0.38888888888888884;175119;0.0;0.2825285338660649;0;0.0
Meta_980;172158;3430972.220433334;0.5;175119;0.0;0.2825285338660649;0;0.0
Meta_979;172158;3430972.220433334;0.4444444444444444;175119;0.0;0.2825285338660649;0;0.0
Meta_982;172158;3921111.109066667;0.05555555555555555;305686;3151113.0993999997;0.05282039050755881;5;0.0
Meta_983;172158;3921111.109066667;0.1111111111111111;284911;2078390.2932999998;0.11071877769820931;7;0.0
Meta_984;172158;3921111.109066667;0.16666666666666666;229572;3448205.372600001;0.16666723279882056;21;0.0
Meta_985;172158;3921111.109066667;0.2222222222222222;254202;1568047.6239;0.21966914099716167;12;0.0
Meta_986;172158;3921111.109066667;0.2777777777777778;172158;471770.0168;0.2706140144307296;0;0.0
Meta_987;172158;3921111.109066667;0.3333333333333333;175119;0.0;0.2825285338660649;0;0.0
Meta_988;172158;3921111.109066667;0.38888888888888884;175119;0.0;0.2825285338660649;0;0.0
Meta_989;172158;3921111.109066667;0.4444444444444444;175119;0.0;0.2825285338660649;0;0.0
Meta_990;172158;3921111.109066667;0.5;175119;0.0;0.2825285338660649;0;0.0
Meta_972;172158;3430972.220433334;0.05555555555555555;299562;2934168.9518;0.05556116787735259;166;0.0
Meta_911;172158;490138.8886333334;0.0;280239;756051.9789;0.06070133376443931;3600;1.0
Meta_993;172158;4411249.9977;0.1111111111111111;285898;2335081.6185;0.1065591995020249;26;0.0
Meta_994;172158;4411249.9977;0.16666666666666666;290681;1268670.6551;0.16626828423968715;153;0.0
Meta_995;172158;4411249.9977;0.2222222222222222;242582;1025476.9363000001;0.2222228133580365;17;0.0
Meta_996;172158;4411249.9977;0.2777777777777778;172158;471770.0168;0.2706140144307296;0;0.0
Meta_997;172158;4411249.9977;0.3333333333333333;175119;0.0;0.2825285338660649;0;0.0
Meta_998;172158;4411249.9977;0.38888888888888884;175119;0.0;0.2825285338660649;0;0.0
Meta_999;172158;4411249.9977;0.4444444444444444;175119;0.0;0.2825285338660649;0;0.0
Meta_1000;172158;4411249.9977;0.5;175119;0.0;0.2825285338660649;0;0.0
Meta_912;172158;490138.8886333334;0.05555555555555555;269788;561497.0486;0.10154805243797264;3600;1.0
Meta_951;172158;2450694.4431666667;0.0;316394;2359770.1898;2.8109164082014877E-17;1740;0.0
Meta_913;172158;490138.8886333334;0.1111111111111111;273909;544332.1301999999;0.12108906956929903;3600;1.0
Meta_921;172158;980277.7772666668;0.0;282555;979792.6140999998;0.09478763289830038;3600;1.0
Meta_922;172158;980277.7772666668;0.05555555555555555;280280;944654.4272000002;0.14822897925714876;3600;1.0
Meta_942;172158;1960555.5545333335;0.05555555555555555;289025;1635915.6179999998;0.0785414585413097;3600;1.0
Meta_981;172158;3921111.109066667;0.0;284172;1761185.5495999998;0.067704295875339;3600;1.0
Meta_991;172158;4411249.9977;0.0;300108;2727736.1336000003;0.0785818436143526;3600;1.0
Meta_992;172158;4411249.9977;0.05555555555555555;280798;3176990.5773;0.09452880322125685;3600;1.0
