Meta_1;256901;0.0;0.0;256901;1718227.4093000006;1.2149740217561496E-17;16;0.0
Meta_2;256901;0.0;0.05555555555555555;256901;1718227.4093000006;5.597039368279271E-14;28;0.0
Meta_6;256901;0.0;0.2777777777777778;256141;1624506.2614000011;0.13282079648394504;17;0.0
Meta_4;256901;0.0;0.16666666666666666;256141;1624506.2614000011;0.13282079648394554;28;0.0
Meta_5;256901;0.0;0.2222222222222222;256141;1624506.2614000011;0.1328207964839456;35;0.0
Meta_7;256901;0.0;0.3333333333333333;256141;1624506.2614000011;0.13282079648394504;28;0.0
Meta_8;256901;0.0;0.38888888888888884;256141;1624506.2614000011;0.13282079648394504;24;0.0
Meta_9;256901;0.0;0.4444444444444444;256141;1624506.2614000011;0.13282079648394504;28;0.0
Meta_11;256901;882898.9753666666;0.0;256901;1718227.4093000006;4.824043605111779E-15;12;0.0
Meta_10;256901;0.0;0.5;256141;1624506.2614000011;0.13282079648394504;29;0.0
Meta_14;256901;882898.9753666666;0.16666666666666666;256141;1624506.2614000011;0.13282079648394504;21;0.0
Meta_3;256901;0.0;0.1111111111111111;256760;1679140.897600001;0.07715029177679733;131;0.0
Meta_13;256901;882898.9753666666;0.1111111111111111;256760;1679140.897600001;0.07715029177679383;37;5.739595654856014E-16
Meta_17;256901;882898.9753666666;0.3333333333333333;256141;1624506.2614000011;0.13282079648394504;24;0.0
Meta_15;256901;882898.9753666666;0.2222222222222222;256141;1624506.2614000011;0.13282079648394504;26;0.0
Meta_16;256901;882898.9753666666;0.2777777777777778;256141;1624506.2614000011;0.13282079648394507;29;3.8219039853879895E-15
Meta_12;256901;882898.9753666666;0.05555555555555555;256901;1718227.4093000006;1.78561917517642E-15;75;0.0
Meta_19;256901;882898.9753666666;0.4444444444444444;256141;1624506.2614000011;0.13282079648394504;22;0.0
Meta_18;256901;882898.9753666666;0.38888888888888884;256141;1624506.2614000011;0.13282079648394263;31;3.3809150639969725E-14
Meta_21;256901;1765797.9507333331;0.0;256901;1765796.7391000006;2.2907559497507418E-14;27;0.0
Meta_20;256901;882898.9753666666;0.5;256141;1624506.2614000011;0.13282079648394504;35;6.276742314464165E-14
Meta_25;256901;1765797.9507333331;0.2222222222222222;256901;1765060.6845000004;4.705574152336215E-17;27;0.0
Meta_22;256901;1765797.9507333331;0.05555555555555555;256901;1765286.9253000007;0.0;44;0.0
Meta_23;256901;1765797.9507333331;0.1111111111111111;256901;1761688.6481000008;1.2149740217561496E-17;58;0.0
Meta_24;256901;1765797.9507333331;0.16666666666666666;256901;1765778.0448000007;8.591163697492652E-18;66;0.0
Meta_29;256901;1765797.9507333331;0.4444444444444444;256901;1765797.5842000013;2.3122128759678506E-14;26;0.0
Meta_28;256901;1765797.9507333331;0.38888888888888884;256901;1765147.5886000004;8.591163697492652E-18;44;0.0
Meta_26;256901;1765797.9507333331;0.2777777777777778;256901;1765797.5358000007;8.591163697492652E-18;69;0.0
Meta_27;256901;1765797.9507333331;0.3333333333333333;256901;1765796.8903000008;8.591163697492652E-18;94;0.0
Meta_31;256901;2648696.9261;0.0;256901;2497319.4836000013;0.0;47;0.0
Meta_33;256901;2648696.9261;0.1111111111111111;256901;2583813.9074;1.569038443585713E-13;24;0.0
Meta_30;256901;1765797.9507333331;0.5;256901;1765797.5589000012;0.0;64;0.0
Meta_32;256901;2648696.9261;0.05555555555555555;256901;2648695.5839000014;2.849366649710549E-17;72;0.0
Meta_35;256901;2648696.9261;0.2222222222222222;256901;2648687.6881000004;9.047931199506506E-15;23;0.0
Meta_34;256901;2648696.9261;0.16666666666666666;256901;2645271.6742999987;0.0;30;0.0
Meta_37;256901;2648696.9261;0.3333333333333333;256901;2629953.782900001;0.0;22;0.0
Meta_39;256901;2648696.9261;0.4444444444444444;256901;2639621.3866000003;0.0;21;0.0
Meta_36;256901;2648696.9261;0.2777777777777778;256901;2612217.2867;4.1432662801094425E-15;41;0.0
Meta_38;256901;2648696.9261;0.38888888888888884;256901;2598681.175200001;1.9105556311128507E-14;27;0.0
Meta_40;256901;2648696.9261;0.5;256901;2606070.5245999997;0.0;36;0.0
Meta_41;256901;3531595.9014666663;0.0;256901;3487821.6075000023;0.0;34;0.0
Meta_43;256901;3531595.9014666663;0.1111111111111111;256901;2890354.1997000007;0.0;32;0.0
Meta_44;256901;3531595.9014666663;0.16666666666666666;256901;3167493.996199999;0.0;22;0.0
Meta_45;256901;3531595.9014666663;0.2222222222222222;256901;3515311.6812999994;2.681640612583098E-15;25;0.0
Meta_42;256901;3531595.9014666663;0.05555555555555555;256901;2725181.7989;8.591163697492652E-18;62;0.0
Meta_46;256901;3531595.9014666663;0.2777777777777778;256901;3335829.529499998;0.0;29;0.0
Meta_47;256901;3531595.9014666663;0.3333333333333333;256901;3523776.4563;0.0;11;0.0
Meta_49;256901;3531595.9014666663;0.4444444444444444;256901;3531580.4370999997;8.591163697492652E-18;12;0.0
Meta_50;256901;3531595.9014666663;0.5;256901;3447765.347800001;8.591163697492652E-18;27;0.0
Meta_48;256901;3531595.9014666663;0.38888888888888884;256901;3519708.146900001;0.0;32;0.0
Meta_51;256901;4414494.876833333;0.0;256901;4395586.5822;0.0;26;0.0
Meta_55;256901;4414494.876833333;0.2222222222222222;256901;3831172.286300001;8.591163697492652E-18;12;0.0
Meta_53;256901;4414494.876833333;0.1111111111111111;256901;3797120.925500001;0.0;19;0.0
Meta_56;256901;4414494.876833333;0.2777777777777778;256901;3642089.6388999983;0.0;22;0.0
Meta_54;256901;4414494.876833333;0.16666666666666666;256901;3354156.9034000007;0.0;50;0.0
Meta_57;256901;4414494.876833333;0.3333333333333333;256901;3950902.257700001;0.0;30;0.0
Meta_52;256901;4414494.876833333;0.05555555555555555;256901;4413604.265599998;1.8261225261262624E-15;73;0.0
Meta_58;256901;4414494.876833333;0.38888888888888884;256901;4253112.108499999;1.0068132784941497E-14;25;0.0
Meta_59;256901;4414494.876833333;0.4444444444444444;256901;4070897.2297000005;7.568030172603815E-16;21;0.0
Meta_61;256901;5297393.8522;0.0;256901;3235995.8305999995;6.687386544855811E-14;22;0.0
Meta_60;256901;4414494.876833333;0.5;256901;3508700.823400001;2.5773491092477957E-16;34;0.0
Meta_63;256901;5297393.8522;0.1111111111111111;256901;4398417.1353;0.0;36;0.0
Meta_64;256901;5297393.8522;0.16666666666666666;256901;3959477.537699999;0.0;28;0.0
Meta_65;256901;5297393.8522;0.2222222222222222;256901;4029308.119200001;0.0;27;0.0
Meta_62;256901;5297393.8522;0.05555555555555555;256901;5243600.811199999;0.0;64;0.0
Meta_67;256901;5297393.8522;0.3333333333333333;256901;5006593.647;0.0;21;0.0
Meta_66;256901;5297393.8522;0.2777777777777778;256901;3611371.7314999998;0.0;26;0.0
Meta_68;256901;5297393.8522;0.38888888888888884;256901;3745622.499400001;0.0;23;0.0
Meta_69;256901;5297393.8522;0.4444444444444444;256901;3951827.9817000004;1.0399769551601473E-14;23;0.0
Meta_71;256901;6180292.827566666;0.0;256901;3335074.7883;0.0;20;0.0
Meta_70;256901;5297393.8522;0.5;256901;4051111.919100002;1.0404534155656633E-15;33;0.0
Meta_73;256901;6180292.827566666;0.1111111111111111;256901;4820874.633400001;0.0;24;0.0
Meta_74;256901;6180292.827566666;0.16666666666666666;256901;6082829.322800003;8.591163697492652E-18;37;0.0
Meta_75;256901;6180292.827566666;0.2222222222222222;256901;5601507.5004;1.3062247806927242E-14;33;0.0
Meta_72;256901;6180292.827566666;0.05555555555555555;256901;5619127.776500001;1.2027629176489714E-16;66;0.0
Meta_76;256901;6180292.827566666;0.2777777777777778;256901;3825917.6228000005;1.7182327394985304E-17;25;0.0
Meta_77;256901;6180292.827566666;0.3333333333333333;256901;4960647.395700001;1.0766754010809284E-15;27;0.0
Meta_78;256901;6180292.827566666;0.38888888888888884;256901;5435143.212499999;0.0;22;0.0
Meta_81;256901;7063191.8029333325;0.0;256901;3576369.1997999977;1.7182327394985304E-17;24;0.0
Meta_79;256901;6180292.827566666;0.4444444444444444;256901;3631616.0317999995;6.357461136144563E-16;32;0.0
Meta_83;256901;7063191.8029333325;0.1111111111111111;256901;3908498.8964000014;6.074870108780747E-17;26;0.0
Meta_80;256901;6180292.827566666;0.5;256901;3773059.500699999;1.7182327394985304E-17;42;0.0
Meta_84;256901;7063191.8029333325;0.16666666666666666;256901;4118204.4081;4.868278936266893E-14;19;0.0
Meta_85;256901;7063191.8029333325;0.2222222222222222;256901;5396765.115999999;2.1329928697160403E-14;32;0.0
Meta_87;256901;7063191.8029333325;0.3333333333333333;256901;5230520.6247;1.7182327394985304E-17;20;0.0
Meta_86;256901;7063191.8029333325;0.2777777777777778;256901;4107310.2583000003;9.660762622832254E-16;26;0.0
Meta_89;256901;7063191.8029333325;0.4444444444444444;256901;4146841.9368999978;9.082173113411439E-14;28;0.0
Meta_82;256901;7063191.8029333325;0.05555555555555555;256901;6796130.999700001;0.0;76;0.0
Meta_88;256901;7063191.8029333325;0.38888888888888884;256901;3796765.5903999996;0.0;40;0.0
Meta_91;256901;7946090.778299999;0.0;256901;6595528.167999999;0.0;24;0.0
Meta_90;256901;7063191.8029333325;0.5;256901;5441868.063100003;3.3505538420221344E-16;38;0.0
Meta_93;256901;7946090.778299999;0.1111111111111111;256901;7221160.636899999;0.0;19;0.0
Meta_94;256901;7946090.778299999;0.16666666666666666;256901;4155299.8921999997;1.7521500070840873E-13;24;0.0
Meta_96;256901;7946090.778299999;0.2777777777777778;256901;4107310.2583000003;9.660762622832254E-16;24;0.0
Meta_95;256901;7946090.778299999;0.2222222222222222;256901;5088811.522600001;0.0;32;0.0
Meta_97;256901;7946090.778299999;0.3333333333333333;256901;3985255.1087999996;6.304298714627442E-15;22;0.0
Meta_98;256901;7946090.778299999;0.38888888888888884;256901;3300227.0337;0.0;25;0.0
Meta_92;256901;7946090.778299999;0.05555555555555555;256901;6380301.5618;1.0309396436991184E-16;68;0.0
Meta_99;256901;7946090.778299999;0.4444444444444444;256901;5344371.431899998;1.1648870341169442E-15;25;0.0
Meta_100;256901;7946090.778299999;0.5;256901;5490159.025199999;8.418976606199036E-15;26;0.0
Meta_107;245732;0.0;0.3333333333333333;245732;1166176.4155000004;0.3322868638575145;28;0.0
Meta_108;245732;0.0;0.38888888888888884;245732;1166176.4155000004;0.3322868638575117;27;0.0
Meta_109;245732;0.0;0.4444444444444444;245732;1166176.4155000004;0.33228686385751177;32;0.0
Meta_110;245732;0.0;0.5;245732;1166176.4155000004;0.3322868638575119;34;0.0
Meta_101;245732;0.0;0.0;245655;1378933.1778000002;0.11539037662354194;3600;0.2653506644451286
Meta_102;245732;0.0;0.05555555555555555;245732;1403600.0536000005;0.10075282788985065;3600;0.2068003629754389
Meta_103;245732;0.0;0.1111111111111111;245341;1430614.7042000005;0.12303067312317764;3600;0.19205002489194892
Meta_104;245732;0.0;0.16666666666666666;245732;1306892.7774000003;0.16666938188484068;3600;0.07497567238193897
Meta_105;245732;0.0;0.2222222222222222;245732;1211591.6734000002;0.222218468172033;3600;0.023218158076373327
Meta_106;245732;0.0;0.2777777777777778;245732;1175213.6627000005;0.2777732614498359;3600;0.0010023481016631958
Meta_117;245732;882898.9753666666;0.3333333333333333;245732;1166176.4155000004;0.332286863857518;36;0.0
Meta_119;245732;882898.9753666666;0.4444444444444444;245732;1166176.4155000004;0.33228686385751555;35;0.0
Meta_118;245732;882898.9753666666;0.38888888888888884;245732;1166176.4155000004;0.3322868638575147;41;7.903839447695831E-14
Meta_120;245732;882898.9753666666;0.5;245732;1166176.4155000004;0.33228686385751555;40;0.0
Meta_111;245732;882898.9753666666;0.0;250445;1662417.4936000009;0.010423420114100048;3600;0.4620022790890995
Meta_112;245732;882898.9753666666;0.05555555555555555;245676;1379414.8235000006;0.12435371815106758;3600;0.5469695268018044
Meta_125;245732;1765797.9507333331;0.2222222222222222;245751;1745324.5072000008;0.22220483080565187;97;0.0
Meta_127;245732;1765797.9507333331;0.3333333333333333;245988;1744257.775500001;0.33152094319832975;78;0.0
Meta_128;245732;1765797.9507333331;0.38888888888888884;245784;1744962.0968000009;0.3446106483817522;21;0.0
Meta_129;245732;1765797.9507333331;0.4444444444444444;245732;1765797.2647000009;0.373409044764117;11;0.0
Meta_130;245732;1765797.9507333331;0.5;245732;1755528.4409999999;0.3609794853305912;27;0.0
Meta_126;245732;1765797.9507333331;0.2777777777777778;245758;1737022.5569000002;0.2777551429053132;260;0.0
Meta_113;245732;882898.9753666666;0.1111111111111111;245732;1394799.2251999993;0.1263113374539349;3600;0.42206025275259884
Meta_114;245732;882898.9753666666;0.16666666666666666;245732;1396572.3255000005;0.16666660346131248;3600;0.36492350065451523
Meta_133;245732;2648696.9261;0.1111111111111111;246759;2581629.8162999996;0.10836023641062693;101;0.0
Meta_134;245732;2648696.9261;0.16666666666666666;245732;2319485.8247;0.16666346543665045;77;0.0
Meta_135;245732;2648696.9261;0.2222222222222222;246452;2608452.1518999995;0.22160102867234313;77;0.0
Meta_136;245732;2648696.9261;0.2777777777777778;245732;2616227.3052000008;0.2777628210567411;88;0.0
Meta_138;245732;2648696.9261;0.38888888888888884;245732;2578573.016099999;0.31034155185232126;21;0.0
Meta_137;245732;2648696.9261;0.3333333333333333;245748;2621895.5506;0.33318143479843837;122;0.0
Meta_139;245732;2648696.9261;0.4444444444444444;245732;2501338.4874999993;0.3377753223733254;111;0.0
Meta_140;245732;2648696.9261;0.5;245732;2624121.3784;0.31150968657683675;81;0.0
Meta_131;245732;2648696.9261;0.0;256901;2564441.3604000006;0.0;1268;0.0
Meta_143;245732;3531595.9014666663;0.1111111111111111;245944;3322826.6447000005;0.1110942509777379;102;0.0
Meta_144;245732;3531595.9014666663;0.16666666666666666;245939;3344221.8422000012;0.166631748756208;44;0.0
Meta_142;245732;3531595.9014666663;0.05555555555555555;245732;3452585.2755000014;0.029015150217076645;285;0.0
Meta_145;245732;3531595.9014666663;0.2222222222222222;248054;3218554.3531;0.22221072444237638;75;0.0
Meta_146;245732;3531595.9014666663;0.2777777777777778;245732;2805292.0614000005;0.27770081048528966;69;0.0
Meta_147;245732;3531595.9014666663;0.3333333333333333;245732;3531113.2935999995;0.3038929983992716;88;0.0
Meta_148;245732;3531595.9014666663;0.38888888888888884;245732;3357707.189300001;0.3441565720799436;109;0.0
Meta_149;245732;3531595.9014666663;0.4444444444444444;245732;3035602.0087;0.3572037908579217;104;0.0
Meta_150;245732;3531595.9014666663;0.5;245732;3063172.7689000005;0.3526700047854827;67;0.0
Meta_151;245732;4414494.876833333;0.0;256901;4001891.2786999987;6.845767378991821E-14;184;0.0
Meta_152;245732;4414494.876833333;0.05555555555555555;249291;3799660.3350000014;0.03867401407003524;181;0.0
Meta_154;245732;4414494.876833333;0.16666666666666666;246848;4106477.345899999;0.16663972110349703;35;0.0
Meta_153;245732;4414494.876833333;0.1111111111111111;245733;3616904.1407;0.1110510201157458;197;0.0
Meta_156;245732;4414494.876833333;0.2777777777777778;245732;3710953.342700001;0.254749775079367;17;0.0
Meta_155;245732;4414494.876833333;0.2222222222222222;245732;4062911.826000002;0.22083270520353768;185;0.0
Meta_157;245732;4414494.876833333;0.3333333333333333;245732;4414490.740200002;0.2877745407186485;54;0.0
Meta_158;245732;4414494.876833333;0.38888888888888884;245732;3489136.3338999995;0.3332727532818567;68;0.0
Meta_159;245732;4414494.876833333;0.4444444444444444;256901;4046666.868500001;1.2149740217561496E-17;69;0.0
Meta_160;245732;4414494.876833333;0.5;245732;3397204.2205000003;0.3526516936569937;57;0.0
Meta_162;245732;5297393.8522;0.05555555555555555;250858;4785948.3408;0.052704019440573846;50;0.0
Meta_124;245732;1765797.9507333331;0.16666666666666666;245993;1763484.4052999993;0.16666525924133904;3490;0.0
Meta_161;245732;5297393.8522;0.0;256901;4821793.057200003;2.252039808851614E-14;185;0.0
Meta_163;245732;5297393.8522;0.1111111111111111;248159;3821405.381100001;0.11103422500607253;86;0.0
Meta_115;245732;882898.9753666666;0.2222222222222222;245732;1211402.5772000006;0.22222227079455972;3600;0.08661734909489954
Meta_116;245732;882898.9753666666;0.2777777777777778;245732;1175231.9839000003;0.277777684920657;3600;0.004640017193799819
Meta_166;245732;5297393.8522;0.2777777777777778;245951;3728863.8707;0.27277206883246563;29;0.0
Meta_164;245732;5297393.8522;0.16666666666666666;245886;5203446.1959;0.13317822482014402;59;0.0
Meta_168;245732;5297393.8522;0.38888888888888884;245732;3507506.6089;0.2891689040319104;14;0.0
Meta_121;245732;1765797.9507333331;0.0;245732;1765791.0407000014;0.06668807616682039;3600;1.0
Meta_122;245732;1765797.9507333331;0.05555555555555555;245733;1754583.8566999994;0.15169990914204787;3600;1.0
Meta_123;245732;1765797.9507333331;0.1111111111111111;245668;1776482.2591000006;0.18071720480629713;3600;1.0
Meta_170;245732;5297393.8522;0.5;245732;3783179.3940999997;0.35679884936510925;57;0.0
Meta_169;245732;5297393.8522;0.4444444444444444;245735;4201219.0540000005;0.3673932220552827;67;0.0
Meta_165;245732;5297393.8522;0.2222222222222222;247031;4685580.629499999;0.21543114118069887;126;0.0
Meta_172;245732;6180292.827566666;0.05555555555555555;246594;4777763.5272;0.040502843715390334;87;0.0
Meta_167;245732;5297393.8522;0.3333333333333333;245732;5022694.705000004;0.30771023709466555;137;0.0
Meta_176;245732;6180292.827566666;0.2777777777777778;246124;3405422.531800002;0.2776451214176755;71;0.0
Meta_179;245732;6180292.827566666;0.4444444444444444;245732;3116368.9368000007;0.26949744062151026;17;0.0
Meta_174;245732;6180292.827566666;0.16666666666666666;245732;4925135.1046;0.15690501200787058;98;0.0
Meta_173;245732;6180292.827566666;0.1111111111111111;245756;5182067.8271;0.11111124426293506;105;0.0
Meta_177;245732;6180292.827566666;0.3333333333333333;245732;5778911.390199998;0.31741264770471117;58;0.0
Meta_175;245732;6180292.827566666;0.2222222222222222;246198;4054949.2604;0.2204603039612398;94;0.0
Meta_178;245732;6180292.827566666;0.38888888888888884;245732;3038044.058599999;0.3314764809954299;55;0.0
Meta_180;245732;6180292.827566666;0.5;249262;3960473.3276000004;0.2796794358123001;85;0.0
Meta_183;245732;7063191.8029333325;0.1111111111111111;248985;4060078.6938;0.10762990788845196;78;0.0
Meta_184;245732;7063191.8029333325;0.16666666666666666;249235;3891049.694900001;0.16117633276147697;75;0.0
Meta_171;245732;6180292.827566666;0.0;256901;3868500.823500001;7.266839547177839E-13;263;0.0
Meta_186;245732;7063191.8029333325;0.2777777777777778;248631;3378990.7423999994;0.2751355055179679;97;0.0
Meta_182;245732;7063191.8029333325;0.05555555555555555;252675;4957629.5646;0.043562109064735344;133;0.0
Meta_188;245732;7063191.8029333325;0.38888888888888884;245732;3038044.058599999;0.3314764809954299;65;0.0
Meta_189;245732;7063191.8029333325;0.4444444444444444;245732;3394330.3199000005;0.3582050291137107;68;0.0
Meta_185;245732;7063191.8029333325;0.2222222222222222;245732;3891038.123;0.19297549919053927;140;0.0
Meta_187;245732;7063191.8029333325;0.3333333333333333;245732;5276340.3728;0.2945572763710412;108;0.0
Meta_190;245732;7063191.8029333325;0.5;245732;3973099.3447000026;0.303169554976934;63;0.0
Meta_192;245732;7946090.778299999;0.05555555555555555;245732;4955302.867000001;0.03283521770828031;92;0.0
Meta_193;245732;7946090.778299999;0.1111111111111111;248985;4060078.6938;0.10762990788845196;74;0.0
Meta_194;245732;7946090.778299999;0.16666666666666666;246878;4203773.360200001;0.13229630811813972;78;0.0
Meta_195;245732;7946090.778299999;0.2222222222222222;246506;3614224.1701000007;0.2221933826782939;85;0.0
Meta_196;245732;7946090.778299999;0.2777777777777778;247979;3397516.3426000034;0.27008135900655494;103;0.0
Meta_198;245732;7946090.778299999;0.38888888888888884;245732;3038044.058599999;0.3314764809954299;73;0.0
Meta_199;245732;7946090.778299999;0.4444444444444444;245732;3394330.3199000005;0.3582050291137107;71;0.0
Meta_197;245732;7946090.778299999;0.3333333333333333;245732;5276340.3728;0.2945572763710412;121;0.0
Meta_200;245732;7946090.778299999;0.5;245732;4768147.1826;0.35948255805735385;98;0.0
Meta_191;245732;7946090.778299999;0.0;256901;4334429.917199999;1.991823090097623E-14;227;0.0
Meta_181;245732;7063191.8029333325;0.0;256901;3550822.3250999996;0.0;624;0.0
Meta_141;245732;3531595.9014666663;0.0;256901;3351064.498700002;0.0;2056;0.0
Meta_209;234564;0.0;0.4444444444444444;234564;792639.0501999998;0.4402481998554231;5;0.0
Meta_210;234564;0.0;0.5;234564;792639.0501999998;0.4402481998554231;5;0.0
Meta_132;245732;2648696.9261;0.05555555555555555;250076;2623243.2763;0.09202296410768288;3600;1.0
Meta_201;234564;0.0;0.0;239477;1289676.3755;0.10006449024255906;3600;0.3143173308896197
Meta_202;234564;0.0;0.05555555555555555;235148;1133103.0336000007;0.18155930110598664;3600;0.49304717639956186
Meta_203;234564;0.0;0.1111111111111111;234850;1147822.7385999996;0.1464746512047858;3600;0.3181169939230857
Meta_204;234564;0.0;0.16666666666666666;234647;1081592.7592999993;0.17186230793560295;3600;0.19440429335835463
Meta_205;234564;0.0;0.2222222222222222;234815;1000851.4828000002;0.22746567022287886;3600;0.18501441809355013
Meta_206;234564;0.0;0.2777777777777778;234564;1053448.3512000004;0.277777992541156;3600;0.20508198333103161
Meta_207;234564;0.0;0.3333333333333333;234564;844878.4524;0.33332529317048093;3600;0.054943654344748113
Meta_219;234564;882898.9753666666;0.4444444444444444;234564;882860.9199999998;0.4424137312988941;61;0.0
Meta_218;234564;882898.9753666666;0.38888888888888884;234564;877674.6785999998;0.38691461766155016;158;0.0
Meta_220;234564;882898.9753666666;0.5;234564;867321.1275000002;0.4443112984536787;84;0.0
Meta_208;234564;0.0;0.38888888888888884;234564;804780.4395999997;0.3888899450394511;3600;0.002664657841259697
Meta_211;234564;882898.9753666666;0.0;236307;1232030.4638999996;0.12747558284732827;3600;0.7636745712244565
Meta_212;234564;882898.9753666666;0.05555555555555555;234768;1157804.504800001;0.1583384765535226;3600;0.9562871232639707
Meta_217;234564;882898.9753666666;0.3333333333333333;234564;882897.1192999998;0.33222327868699736;722;0.0
Meta_226;234564;1765797.9507333331;0.2777777777777778;234605;1746123.5637000005;0.2777569649647773;150;0.0
Meta_227;234564;1765797.9507333331;0.3333333333333333;234570;1765629.851700001;0.331814804687744;136;0.0
Meta_228;234564;1765797.9507333331;0.38888888888888884;234564;1672025.8161999998;0.3887592588966039;56;0.0
Meta_229;234564;1765797.9507333331;0.4444444444444444;234564;1765789.0028000004;0.41116114356171707;101;0.0
Meta_230;234564;1765797.9507333331;0.5;234564;1765463.5683000002;0.4427141623195915;74;0.0
Meta_223;234564;1765797.9507333331;0.1111111111111111;240138;1745815.6173999996;0.11111001239263874;1068;0.0
Meta_232;234564;2648696.9261;0.05555555555555555;234699;2468352.9832;0.055543270085457036;84;0.0
Meta_225;234564;1765797.9507333331;0.2222222222222222;234769;1733275.4837000002;0.22220840201812148;968;0.0
Meta_234;234564;2648696.9261;0.16666666666666666;236333;2586999.9870999996;0.1666665051063577;63;0.0
Meta_235;234564;2648696.9261;0.2222222222222222;235301;2537456.5035000015;0.22212893421827998;54;0.0
Meta_236;234564;2648696.9261;0.2777777777777778;235842;2533867.3350999993;0.27770225759856515;34;0.0
Meta_237;234564;2648696.9261;0.3333333333333333;234566;2422559.986599999;0.3333089093157233;61;0.0
Meta_238;234564;2648696.9261;0.38888888888888884;235000;2193243.0121000004;0.38693236082103394;129;0.0
Meta_239;234564;2648696.9261;0.4444444444444444;234564;2627962.235300001;0.4338504149719415;80;0.0
Meta_240;234564;2648696.9261;0.5;234564;2077149.6223000004;0.43744851005080604;57;0.0
Meta_213;234564;882898.9753666666;0.1111111111111111;234564;1108789.6096;0.16790340192732564;3600;0.8815886644654377
Meta_214;234564;882898.9753666666;0.16666666666666666;236311;1139670.2233000004;0.17428314439822182;3600;0.9403888351915953
Meta_215;234564;882898.9753666666;0.2222222222222222;234424;978316.8528999996;0.23676100160378039;3600;1.0
Meta_216;234564;882898.9753666666;0.2777777777777778;234989;963536.7749999997;0.28119757688629277;3600;1.0
Meta_244;234564;3531595.9014666663;0.16666666666666666;234705;2679243.819699999;0.16665016984215467;71;0.0
Meta_245;234564;3531595.9014666663;0.2222222222222222;234622;3097094.065200001;0.22146976922883105;106;0.0
Meta_246;234564;3531595.9014666663;0.2777777777777778;237066;2657676.9717000006;0.2772529213288829;58;0.0
Meta_242;234564;3531595.9014666663;0.05555555555555555;234759;3444410.954799999;0.05555073448457819;208;0.0
Meta_247;234564;3531595.9014666663;0.3333333333333333;234896;2502288.2450999995;0.33327801933891393;52;0.0
Meta_249;234564;3531595.9014666663;0.4444444444444444;234564;2821280.390100001;0.4190047979869867;40;0.0
Meta_221;234564;1765797.9507333331;0.0;248037;1762266.7512000003;0.10717330892608194;3600;1.0
Meta_250;234564;3531595.9014666663;0.5;234564;2819857.0015000002;0.4180942645554125;43;0.0
Meta_222;234564;1765797.9507333331;0.05555555555555555;235800;1733070.0130999996;0.07413196446985365;3600;1.0
Meta_243;234564;3531595.9014666663;0.1111111111111111;234640;3107889.2679000003;0.11020370619972304;224;0.0
Meta_255;234564;4414494.876833333;0.2222222222222222;238524;4045339.7323;0.22222221936793884;31;0.0
Meta_248;234564;3531595.9014666663;0.38888888888888884;234583;2134727.166099999;0.3875717933121605;122;0.0
Meta_253;234564;4414494.876833333;0.1111111111111111;243019;3565329.8498;0.110340452178191;70;0.0
Meta_257;234564;4414494.876833333;0.3333333333333333;234567;2827619.3729;0.33331486228843116;45;0.0
Meta_224;234564;1765797.9507333331;0.16666666666666666;234936;1771844.6498999998;0.16701740445151386;3600;1.0
Meta_259;234564;4414494.876833333;0.4444444444444444;234564;3337482.8744000015;0.383481297838289;55;0.0
Meta_260;234564;4414494.876833333;0.5;234564;2420639.551600001;0.4222830388404304;9;0.0
Meta_256;234564;4414494.876833333;0.2777777777777778;234935;4396273.5907000005;0.27774524972712844;121;0.0
Meta_258;234564;4414494.876833333;0.38888888888888884;234564;2973999.5189999994;0.3629086253532946;102;0.0
Meta_251;234564;4414494.876833333;0.0;256901;4017239.8159000007;3.0466669770304298E-15;190;0.0
Meta_263;234564;5297393.8522;0.1111111111111111;237323;3375566.2914000005;0.11110872905329258;28;0.0
Meta_266;234564;5297393.8522;0.2777777777777778;234643;5173459.502700001;0.27776254333311695;27;0.0
Meta_254;234564;4414494.876833333;0.16666666666666666;234564;2920421.8888;0.14106353968918592;230;0.0
Meta_252;234564;4414494.876833333;0.05555555555555555;234564;3994339.4988;0.036054413970599684;256;0.0
Meta_269;234564;5297393.8522;0.4444444444444444;234564;2408529.927800001;0.41429128463814824;11;0.0
Meta_270;234564;5297393.8522;0.5;234564;2412088.2926000017;0.43307469826190276;10;0.0
Meta_267;234564;5297393.8522;0.3333333333333333;234567;2827619.3729;0.33331486228843116;43;0.0
Meta_265;234564;5297393.8522;0.2222222222222222;237372;4210603.5088;0.22189425126117562;125;0.0
Meta_262;234564;5297393.8522;0.05555555555555555;237171;3296396.795700002;0.02270683299654225;152;0.0
Meta_274;234564;6180292.827566666;0.16666666666666666;234564;4639704.0829;0.16607789518363672;18;0.0
Meta_272;234564;6180292.827566666;0.05555555555555555;239105;3488492.0979000004;0.05364223125506337;77;0.0
Meta_264;234564;5297393.8522;0.16666666666666666;234727;4192289.3155000005;0.15446391734095274;177;0.0
Meta_275;234564;6180292.827566666;0.2222222222222222;234579;6087096.959599998;0.22221750261427584;24;0.0
Meta_268;234564;5297393.8522;0.38888888888888884;234702;3113213.7665000013;0.388852233851427;139;0.0
Meta_273;234564;6180292.827566666;0.1111111111111111;236428;3327312.754099998;0.10885532237987049;70;0.0
Meta_279;234564;6180292.827566666;0.4444444444444444;234564;2920793.2424000017;0.4298708664842259;8;0.0
Meta_280;234564;6180292.827566666;0.5;234564;2416804.879500001;0.4219472708505481;10;0.0
Meta_277;234564;6180292.827566666;0.3333333333333333;238730;2497296.9291000003;0.33333046536549116;62;0.0
Meta_276;234564;6180292.827566666;0.2777777777777778;234613;4938964.477100002;0.27776238383591184;72;0.0
Meta_282;234564;7063191.8029333325;0.05555555555555555;242555;5388292.326399999;0.047560895645317375;55;0.0
Meta_284;234564;7063191.8029333325;0.16666666666666666;234564;4639704.0829;0.16607789518363672;19;0.0
Meta_278;234564;6180292.827566666;0.38888888888888884;234568;2686249.1090999995;0.3887362002410896;139;0.0
Meta_283;234564;7063191.8029333325;0.1111111111111111;235291;4766889.434699998;0.1085260971343329;98;0.0
Meta_286;234564;7063191.8029333325;0.2777777777777778;234593;6025865.199;0.27623233432563926;79;0.0
Meta_289;234564;7063191.8029333325;0.4444444444444444;234564;2920793.2424000017;0.4298708664842259;11;0.0
Meta_290;234564;7063191.8029333325;0.5;234564;2416804.879500001;0.4219472708505481;11;0.0
Meta_287;234564;7063191.8029333325;0.3333333333333333;238730;2497296.9291000003;0.33333046536549116;67;0.0
Meta_285;234564;7063191.8029333325;0.2222222222222222;234736;4558473.671100001;0.2222212893917534;139;0.0
Meta_288;234564;7063191.8029333325;0.38888888888888884;234564;3164124.7851000014;0.3763088274922598;116;0.0
Meta_294;234564;7946090.778299999;0.16666666666666666;234564;4639704.0829;0.16607789518363672;23;0.0
Meta_293;234564;7946090.778299999;0.1111111111111111;234605;4622348.713700002;0.11104067388005007;77;0.0
Meta_292;234564;7946090.778299999;0.05555555555555555;234564;5268347.5399;0.04229681145990003;97;0.0
Meta_295;234564;7946090.778299999;0.2222222222222222;236837;4599400.736300001;0.22222279299485692;60;0.0
Meta_297;234564;7946090.778299999;0.3333333333333333;238730;2497296.9291000003;0.33333046536549116;55;0.0
Meta_299;234564;7946090.778299999;0.4444444444444444;234564;2920793.2424000017;0.4298708664842259;9;0.0
Meta_296;234564;7946090.778299999;0.2777777777777778;235724;5478671.273400001;0.2776741808875443;75;0.0
Meta_300;234564;7946090.778299999;0.5;234564;2416804.879500001;0.4219472708505481;8;0.0
Meta_298;234564;7946090.778299999;0.38888888888888884;234564;3682679.7364000003;0.3886607312581754;104;0.0
Meta_281;234564;7063191.8029333325;0.0;256901;7044904.8883;0.0;602;0.0
Meta_231;234564;2648696.9261;0.0;250295;2507530.7745999997;0.08806357360225928;3600;1.0
Meta_233;234564;2648696.9261;0.1111111111111111;234774;2649486.0344;0.11109961194601298;3600;1.0
Meta_271;234564;6180292.827566666;0.0;256901;4279812.066899998;0.0;1414;0.0
Meta_241;234564;3531595.9014666663;0.0;254609;3365927.027;0.019328125945734416;3600;1.0
Meta_291;234564;7946090.778299999;0.0;256901;4425454.184600001;8.591163697492652E-18;2839;0.0
Meta_261;234564;5297393.8522;0.0;252280;5110859.768499997;0.013042621511361232;3600;1.0
Meta_310;223396;0.0;0.5;223396;507489.0165999999;0.49138455152888455;37;0.0
Meta_301;223396;0.0;0.0;224603;1072764.3315;0.15533130180911106;3600;0.5075801982692474
Meta_302;223396;0.0;0.05555555555555555;226989;1052314.5729000003;0.17289785863160467;3600;0.5627419491315521
Meta_303;223396;0.0;0.1111111111111111;228334;1109657.0421999996;0.13694696346011048;3600;0.44367716890934633
Meta_304;223396;0.0;0.16666666666666666;223396;1067268.5433000007;0.19732156753307853;3600;0.5263587310793972
Meta_305;223396;0.0;0.2222222222222222;223965;834137.5377000005;0.22703543745666144;3600;0.3213563600629987
Meta_306;223396;0.0;0.2777777777777778;223396;725565.9447999997;0.2778802801626852;3600;0.22008603320993173
Meta_307;223396;0.0;0.3333333333333333;223396;681145.6071;0.33884481319109677;3600;0.31281392035387523
Meta_318;223396;882898.9753666666;0.38888888888888884;223400;856910.6817000001;0.38887984397055836;112;0.0
Meta_317;223396;882898.9753666666;0.3333333333333333;223396;875797.0842999998;0.33332555796940605;543;0.0
Meta_320;223396;882898.9753666666;0.5;223396;882897.1559999998;0.4880204650132118;10;0.0
Meta_319;223396;882898.9753666666;0.4444444444444444;223398;874772.5085000002;0.4443654061954812;27;0.0
Meta_308;223396;0.0;0.38888888888888884;223396;552364.7748000001;0.38888905705614796;3600;0.047786844110103366
Meta_309;223396;0.0;0.4444444444444444;223396;516404.0097999999;0.44444535403806795;3600;0.004604682348693701
Meta_311;223396;882898.9753666666;0.0;224035;1180286.9304;0.1484696206998959;3600;1.0
Meta_325;223396;1765797.9507333331;0.2222222222222222;223397;1722498.0324999997;0.22117687392315497;112;0.0
Meta_326;223396;1765797.9507333331;0.2777777777777778;224716;1716546.0721000002;0.27727831955941495;87;0.0
Meta_327;223396;1765797.9507333331;0.3333333333333333;225259;1640368.1598000003;0.33272288137008893;59;0.0
Meta_328;223396;1765797.9507333331;0.38888888888888884;223432;1750762.4010000003;0.38875012698547173;129;0.0
Meta_329;223396;1765797.9507333331;0.4444444444444444;223396;1758636.3178000003;0.444436061789294;24;0.0
Meta_330;223396;1765797.9507333331;0.5;223397;1586138.9486000005;0.4884662511027249;15;0.0
Meta_312;223396;882898.9753666666;0.05555555555555555;225364;1078502.2407999996;0.14897327680300965;3600;1.0
Meta_313;223396;882898.9753666666;0.1111111111111111;229406;1196023.4008;0.19275395947867408;3600;1.0
Meta_314;223396;882898.9753666666;0.16666666666666666;224397;1035998.4077999998;0.16725319168846586;3600;1.0
Meta_333;223396;2648696.9261;0.1111111111111111;227658;2241749.813600001;0.11099620465727673;233;0.0
Meta_332;223396;2648696.9261;0.05555555555555555;223396;2602274.0219000014;0.04859753678876103;240;0.0
Meta_315;223396;882898.9753666666;0.2222222222222222;223421;1233960.2320000003;0.24285262646588007;3600;1.0
Meta_316;223396;882898.9753666666;0.2777777777777778;225896;984788.6520000005;0.2851175403232298;3600;1.0
Meta_335;223396;2648696.9261;0.2222222222222222;229010;2606652.3691000002;0.2220390064892898;70;0.0
Meta_336;223396;2648696.9261;0.2777777777777778;223403;2373050.720200001;0.2763209911702288;81;0.0
Meta_340;223396;2648696.9261;0.5;223396;1969802.1785000006;0.4761547110932993;7;0.0
Meta_339;223396;2648696.9261;0.4444444444444444;223396;2405049.873;0.3791603971119751;23;0.0
Meta_338;223396;2648696.9261;0.38888888888888884;223402;2285021.4759000004;0.38879848766380193;41;0.0
Meta_337;223396;2648696.9261;0.3333333333333333;223423;2621203.0206000004;0.332668059557324;127;0.0
Meta_343;223396;3531595.9014666663;0.1111111111111111;223432;3074926.9579000003;0.10913054429437512;73;0.0
Meta_342;223396;3531595.9014666663;0.05555555555555555;228241;3115144.400099999;0.0519652949573228;123;0.0
Meta_344;223396;3531595.9014666663;0.16666666666666666;223462;3433826.4374;0.1665529035611228;107;0.0
Meta_334;223396;2648696.9261;0.16666666666666666;223467;2636075.6859000013;0.165894585919893;394;0.0
Meta_347;223396;3531595.9014666663;0.3333333333333333;223396;3514802.203900001;0.3196301556491322;18;0.0
Meta_346;223396;3531595.9014666663;0.2777777777777778;226277;3488106.277899998;0.27381332922783647;43;0.0
Meta_348;223396;3531595.9014666663;0.38888888888888884;223591;3158541.0585000007;0.3888881893797191;30;0.0
Meta_350;223396;3531595.9014666663;0.5;223396;2444274.9055999997;0.4344003065179608;11;0.0
Meta_349;223396;3531595.9014666663;0.4444444444444444;223532;3470583.5823000013;0.4438443972918622;51;0.0
Meta_352;223396;4414494.876833333;0.05555555555555555;223409;4187555.9038000014;0.05556257187583758;73;0.0
Meta_354;223396;4414494.876833333;0.16666666666666666;223435;4350915.750800001;0.16666890357646838;53;0.0
Meta_353;223396;4414494.876833333;0.1111111111111111;231144;3458831.9522000006;0.11110844941357519;97;0.0
Meta_341;223396;3531595.9014666663;0.0;256901;3316183.4321000017;3.0975881227214556E-17;361;0.0
Meta_357;223396;4414494.876833333;0.3333333333333333;225117;2585020.3079999997;0.33330401866941545;39;0.0
Meta_358;223396;4414494.876833333;0.38888888888888884;223396;4084010.3193;0.3508043009214356;17;0.0
Meta_355;223396;4414494.876833333;0.2222222222222222;223437;3056026.2495000004;0.2178016478384239;120;0.0
Meta_356;223396;4414494.876833333;0.2777777777777778;230808;2596988.7109999997;0.27773585221036917;130;0.0
Meta_360;223396;4414494.876833333;0.5;223396;2607763.3027999992;0.4825630319293125;10;0.0
Meta_345;223396;3531595.9014666663;0.2222222222222222;223396;3521288.348400001;0.21626813667873632;379;0.0
Meta_359;223396;4414494.876833333;0.4444444444444444;223890;2603404.6830999986;0.41641334855924966;50;0.0
Meta_363;223396;5297393.8522;0.1111111111111111;226651;4709272.750900004;0.11111127099344734;50;0.0
Meta_364;223396;5297393.8522;0.16666666666666666;224430;3174928.5669000014;0.1666665266925937;60;0.0
Meta_362;223396;5297393.8522;0.05555555555555555;231977;4011432.2423;0.0555283917772235;102;0.0
Meta_365;223396;5297393.8522;0.2222222222222222;223409;3711856.4749999987;0.2222224991660042;52;0.0
Meta_367;223396;5297393.8522;0.3333333333333333;226841;2496957.5851999996;0.3325151237085739;40;0.0
Meta_368;223396;5297393.8522;0.38888888888888884;223396;3859994.852499998;0.34927073287290306;17;0.0
Meta_366;223396;5297393.8522;0.2777777777777778;223738;2937874.030099999;0.2686481479714606;90;0.0
Meta_370;223396;5297393.8522;0.5;223396;5102326.473400001;0.4452138884855005;68;0.0
Meta_369;223396;5297393.8522;0.4444444444444444;223398;4461715.885;0.4443521391952701;87;0.0
Meta_373;223396;6180292.827566666;0.1111111111111111;224535;4032902.4950999995;0.11101033103829337;48;0.0
Meta_321;223396;1765797.9507333331;0.0;228607;1765297.545399999;0.1322203054940323;3600;1.0
Meta_322;223396;1765797.9507333331;0.05555555555555555;229516;1765738.0690999983;0.18383657305607068;3600;1.0
Meta_376;223396;6180292.827566666;0.2777777777777778;223396;3263515.4055999992;0.26071495449099397;21;0.0
Meta_375;223396;6180292.827566666;0.2222222222222222;223408;2715473.747399999;0.2221415057238002;40;0.0
Meta_372;223396;6180292.827566666;0.05555555555555555;246807;6023311.591000005;0.054749501915958024;117;0.0
Meta_374;223396;6180292.827566666;0.16666666666666666;225081;3041428.3760000006;0.16664384801677673;58;0.0
Meta_379;223396;6180292.827566666;0.4444444444444444;223396;6100771.780300002;0.3452678653964771;12;0.0
Meta_380;223396;6180292.827566666;0.5;223396;2378906.332500001;0.45450196858175057;15;0.0
Meta_377;223396;6180292.827566666;0.3333333333333333;223397;2716174.8017999986;0.3332015316055445;54;0.0
Meta_378;223396;6180292.827566666;0.38888888888888884;224972;3644265.4466999993;0.3888889559640106;46;0.0
Meta_361;223396;5297393.8522;0.0;256901;5297393.423299999;3.4308874344286025E-15;406;0.0
Meta_383;223396;7063191.8029333325;0.1111111111111111;224535;4032902.4950999995;0.11101033103829337;42;0.0
Meta_385;223396;7063191.8029333325;0.2222222222222222;223408;2715473.747399999;0.2221415057238002;36;0.0
Meta_384;223396;7063191.8029333325;0.16666666666666666;223772;3174527.0663000005;0.16662609350658722;62;0.0
Meta_323;223396;1765797.9507333331;0.1111111111111111;223452;1768430.0954999998;0.14847219325319627;3600;1.0
Meta_389;223396;7063191.8029333325;0.4444444444444444;225141;5634684.755000001;0.4435400616657289;28;0.0
Meta_388;223396;7063191.8029333325;0.38888888888888884;224260;3498635.2098000003;0.3888877862211025;32;0.0
Meta_390;223396;7063191.8029333325;0.5;223396;2094841.069900001;0.47446262755773183;12;0.0
Meta_387;223396;7063191.8029333325;0.3333333333333333;223903;2325809.0021;0.33331598156120656;54;0.0
Meta_386;223396;7063191.8029333325;0.2777777777777778;224466;3132128.4313000008;0.27770188237323523;88;0.0
Meta_394;223396;7946090.778299999;0.16666666666666666;224008;3247329.1669000015;0.16411372752811484;31;0.0
Meta_393;223396;7946090.778299999;0.1111111111111111;224535;4032902.4950999995;0.11101033103829337;47;0.0
Meta_382;223396;7063191.8029333325;0.05555555555555555;223396;3836252.1581000006;0.038560184467772325;188;0.0
Meta_395;223396;7946090.778299999;0.2222222222222222;223408;2715473.747399999;0.2221415057238002;30;0.0
Meta_398;223396;7946090.778299999;0.38888888888888884;224260;3498635.2098000003;0.3888877862211025;32;0.0
Meta_397;223396;7946090.778299999;0.3333333333333333;223635;2507511.2021;0.333323730618592;58;0.0
Meta_392;223396;7946090.778299999;0.05555555555555555;225478;4815847.694099999;0.0544673370615812;130;0.0
Meta_396;223396;7946090.778299999;0.2777777777777778;224466;3132128.4313000008;0.27770188237323523;76;0.0
Meta_400;223396;7946090.778299999;0.5;223396;2094841.069900001;0.47446262755773183;14;0.0
Meta_399;223396;7946090.778299999;0.4444444444444444;225141;5634684.755000001;0.4435400616657289;27;0.0
Meta_371;223396;6180292.827566666;0.0;256901;5856006.770200001;3.588002913934441E-14;654;0.0
Meta_381;223396;7063191.8029333325;0.0;256901;3796115.8387999996;0.0;668;0.0
Meta_391;223396;7946090.778299999;0.0;256901;7145967.136100001;0.0;738;0.0
Meta_324;223396;1765797.9507333331;0.16666666666666666;223396;1803807.7798999997;0.18195482496387946;3600;1.0
Meta_331;223396;2648696.9261;0.0;256321;2632753.367200001;0.010659242576487649;3600;1.0
Meta_351;223396;4414494.876833333;0.0;230312;4394815.606199999;0.044766123544348564;3600;1.0
Meta_410;212228;0.0;0.5;212228;278507.082;0.49717018878134595;37;0.0
Meta_401;212228;0.0;0.0;214691;1075225.5348;0.15906050798530916;3600;0.5857987304688096
Meta_402;212228;0.0;0.05555555555555555;212228;1188203.1086000004;0.12358752784172383;3600;0.5912666790045537
Meta_403;212228;0.0;0.1111111111111111;212364;1072956.3557999996;0.16886946074985837;3600;0.661890739919658
Meta_404;212228;0.0;0.16666666666666666;216836;1024361.7017000001;0.18275654477666883;3600;0.6245088990788507
Meta_405;212228;0.0;0.2222222222222222;214876;828377.7897000003;0.23335858946060628;3600;0.599983622075773
Meta_406;212228;0.0;0.2777777777777778;212228;526943.8558999998;0.3024409042570484;3600;0.6436292328713431
Meta_407;212228;0.0;0.3333333333333333;212228;548496.2590000001;0.33188835536646427;3600;0.4334941391147108
Meta_418;212228;882898.9753666666;0.38888888888888884;212228;880337.7174999998;0.38886030982524855;113;0.0
Meta_419;212228;882898.9753666666;0.4444444444444444;212317;826234.9006999998;0.4433971679182449;60;0.0
Meta_420;212228;882898.9753666666;0.5;212228;869083.5971000001;0.4968341873639729;42;0.0
Meta_417;212228;882898.9753666666;0.3333333333333333;213019;882885.3245000002;0.3333286553255859;791;0.0
Meta_408;212228;0.0;0.38888888888888884;212228;363883.498;0.38888684338966356;3600;0.1911052675622266
Meta_409;212228;0.0;0.4444444444444444;212228;286821.03729999997;0.444404859278991;3600;0.00846937357009605
Meta_411;212228;882898.9753666666;0.0;213422;1190704.642700001;0.15339308878090147;3600;1.0
Meta_424;212228;1765797.9507333331;0.16666666666666666;219816;1682999.0930000003;0.1666577495969451;930;0.0
Meta_426;212228;1765797.9507333331;0.2777777777777778;212354;1759233.4807000011;0.2774567619175027;93;0.0
Meta_427;212228;1765797.9507333331;0.3333333333333333;213731;1761363.7657000006;0.3333156672097143;149;0.0
Meta_428;212228;1765797.9507333331;0.38888888888888884;212302;1646767.3336000007;0.3887915522192813;55;0.0
Meta_429;212228;1765797.9507333331;0.4444444444444444;212228;1764009.7738;0.42699068714317046;19;0.0
Meta_430;212228;1765797.9507333331;0.5;212228;1577110.6991000003;0.4974076225798705;7;0.0
Meta_412;212228;882898.9753666666;0.05555555555555555;212228;1134355.4212999996;0.21922601066797448;3600;1.0
Meta_414;212228;882898.9753666666;0.16666666666666666;212634;1285198.4939999992;0.2333368305362923;3600;1.0
Meta_413;212228;882898.9753666666;0.1111111111111111;212253;1425083.6641999995;0.1903748747915175;3600;1.0
Meta_415;212228;882898.9753666666;0.2222222222222222;218829;1210950.2281000002;0.23543590035213444;3600;1.0
Meta_425;212228;1765797.9507333331;0.2222222222222222;213300;1765787.1756;0.220615208717339;882;0.0
Meta_436;212228;2648696.9261;0.2777777777777778;213080;2180498.8685999997;0.27757938302560375;74;0.0
Meta_434;212228;2648696.9261;0.16666666666666666;217459;2268517.274000001;0.16646615703235826;155;0.0
Meta_437;212228;2648696.9261;0.3333333333333333;212321;2187733.760800001;0.3333052982620634;64;0.0
Meta_435;212228;2648696.9261;0.2222222222222222;214451;2608671.6713999994;0.18085175399784337;168;0.0
Meta_440;212228;2648696.9261;0.5;212228;1217367.9739999997;0.49811385701656763;8;0.0
Meta_416;212228;882898.9753666666;0.2777777777777778;212268;1002315.8612000003;0.283752864059557;3600;1.0
Meta_439;212228;2648696.9261;0.4444444444444444;212232;2037611.8132;0.4410100046229472;46;0.0
Meta_438;212228;2648696.9261;0.38888888888888884;218405;1729298.5523;0.38776304427504404;59;0.0
Meta_433;212228;2648696.9261;0.1111111111111111;212228;2643763.3615;0.10265650328843698;236;0.0
Meta_443;212228;3531595.9014666663;0.1111111111111111;219040;3027159.578399999;0.11110065315028775;74;0.0
Meta_445;212228;3531595.9014666663;0.2222222222222222;213853;2722304.483199998;0.22221508095987652;94;0.0
Meta_442;212228;3531595.9014666663;0.05555555555555555;220213;3499321.451099999;0.05554494574494836;154;0.0
Meta_432;212228;2648696.9261;0.05555555555555555;222149;2611510.7101999996;0.05424924783715592;381;0.0
Meta_446;212228;3531595.9014666663;0.2777777777777778;212458;2795382.8119000015;0.2763904447998525;95;0.0
Meta_444;212228;3531595.9014666663;0.16666666666666666;212228;3200650.4087999994;0.15963683842034523;173;0.0
Meta_450;212228;3531595.9014666663;0.5;212228;1416951.7328;0.49679095206022944;7;0.0
Meta_447;212228;3531595.9014666663;0.3333333333333333;212816;3226397.7344;0.3333035441773636;63;0.0
Meta_449;212228;3531595.9014666663;0.4444444444444444;212277;1613958.8064999997;0.4442912458338952;24;0.0
Meta_448;212228;3531595.9014666663;0.38888888888888884;214312;3050011.1498;0.3888437218439866;49;0.0
Meta_455;212228;4414494.876833333;0.2222222222222222;212228;3423461.1114999983;0.19537109299177438;92;0.0
Meta_454;212228;4414494.876833333;0.16666666666666666;212228;4372881.5709000025;0.1665175229429167;140;0.0
Meta_456;212228;4414494.876833333;0.2777777777777778;212916;2838797.6881999983;0.2711566958958001;65;0.0
Meta_458;212228;4414494.876833333;0.38888888888888884;213643;2272796.1173999994;0.3870555671499762;24;0.0
Meta_457;212228;4414494.876833333;0.3333333333333333;212228;2947353.8859;0.3323859482067531;59;0.0
Meta_460;212228;4414494.876833333;0.5;212228;1416951.7328;0.49679095206022944;7;0.0
Meta_453;212228;4414494.876833333;0.1111111111111111;217046;4328681.056400003;0.10909818313718547;213;0.0
Meta_452;212228;4414494.876833333;0.05555555555555555;212228;3817870.8718999983;0.0555201542531377;221;0.0
Meta_459;212228;4414494.876833333;0.4444444444444444;214168;1844524.9801000003;0.44248418951489205;40;0.0
Meta_463;212228;5297393.8522;0.1111111111111111;225939;4016249.175399999;0.07110395112747675;84;0.0
Meta_464;212228;5297393.8522;0.16666666666666666;212230;3472668.7071000007;0.1631558029945337;117;0.0
Meta_465;212228;5297393.8522;0.2222222222222222;213333;3553446.633599999;0.2222213051766049;88;0.0
Meta_421;212228;1765797.9507333331;0.0;214816;1749507.9330999996;0.12966566083269326;3600;1.0
Meta_462;212228;5297393.8522;0.05555555555555555;212228;3807314.6942999987;0.051151146856246124;204;0.0
Meta_467;212228;5297393.8522;0.3333333333333333;213868;2335694.0837000012;0.3333253397065467;41;0.0
Meta_468;212228;5297393.8522;0.38888888888888884;214345;2516454.7109000008;0.3880830127929078;24;0.0
Meta_469;212228;5297393.8522;0.4444444444444444;212228;2395033.0401;0.42986339645766325;17;0.0
Meta_470;212228;5297393.8522;0.5;212228;1416951.7328;0.49679095206022944;7;0.0
Meta_466;212228;5297393.8522;0.2777777777777778;212880;2900743.6415999993;0.2777783860269092;109;0.0
Meta_472;212228;6180292.827566666;0.05555555555555555;223154;4645652.150100002;0.05555633029074081;105;0.0
Meta_474;212228;6180292.827566666;0.16666666666666666;224361;4836358.021599997;0.16666539056833996;116;0.0
Meta_473;212228;6180292.827566666;0.1111111111111111;212488;3604730.2287;0.0919476819082902;182;0.0
Meta_475;212228;6180292.827566666;0.2222222222222222;214345;3278198.7935;0.22221749315675512;112;0.0
Meta_477;212228;6180292.827566666;0.3333333333333333;213868;2335694.0837000012;0.3333253397065467;47;0.0
Meta_476;212228;6180292.827566666;0.2777777777777778;213481;3552397.2221999993;0.27763540200767967;103;0.0
Meta_479;212228;6180292.827566666;0.4444444444444444;216794;1826689.4304;0.44100806036793944;20;0.0
Meta_480;212228;6180292.827566666;0.5;212228;1416951.7328;0.49679095206022944;8;0.0
Meta_478;212228;6180292.827566666;0.38888888888888884;214141;2460436.4074;0.38888826688396366;57;0.0
Meta_422;212228;1765797.9507333331;0.05555555555555555;219338;1768909.3019999997;0.20635312116791268;3600;1.0
Meta_483;212228;7063191.8029333325;0.1111111111111111;216419;4486356.4729;0.1110288707899008;98;0.0
Meta_423;212228;1765797.9507333331;0.1111111111111111;216857;1761603.7367999994;0.18745271728489918;3600;1.0
Meta_482;212228;7063191.8029333325;0.05555555555555555;234423;4612995.4794;0.05556007391188047;156;0.0
Meta_487;212228;7063191.8029333325;0.3333333333333333;213868;2335694.0837000012;0.3333253397065467;49;0.0
Meta_486;212228;7063191.8029333325;0.2777777777777778;237060;4949739.080999999;0.2761593761654858;114;0.0
Meta_485;212228;7063191.8029333325;0.2222222222222222;212230;3982587.962399998;0.22219740079299546;127;0.0
Meta_490;212228;7063191.8029333325;0.5;212228;1416951.7328;0.49679095206022944;7;0.0
Meta_488;212228;7063191.8029333325;0.38888888888888884;214141;2460436.4074;0.38888826688396366;55;0.0
Meta_489;212228;7063191.8029333325;0.4444444444444444;216794;1826689.4304;0.44100806036793944;19;0.0
Meta_451;212228;4414494.876833333;0.0;256901;4190682.2174999984;0.0;1067;0.0
Meta_493;212228;7946090.778299999;0.1111111111111111;219372;4240249.980699996;0.11110432527671255;101;0.0
Meta_484;212228;7063191.8029333325;0.16666666666666666;213817;4321268.6755;0.13647788597776517;289;0.0
Meta_494;212228;7946090.778299999;0.16666666666666666;218835;3999396.483800001;0.16664443954360605;96;0.0
Meta_495;212228;7946090.778299999;0.2222222222222222;215016;3383075.1764999996;0.21659985101257995;124;0.0
Meta_497;212228;7946090.778299999;0.3333333333333333;213868;2335694.0837000012;0.3333253397065467;53;0.0
Meta_499;212228;7946090.778299999;0.4444444444444444;216794;1826689.4304;0.44100806036793944;21;0.0
Meta_496;212228;7946090.778299999;0.2777777777777778;229043;3825116.358699999;0.2559962388577341;165;0.0
Meta_500;212228;7946090.778299999;0.5;212228;1425746.3854999999;0.49578700991740027;6;0.0
Meta_498;212228;7946090.778299999;0.38888888888888884;214141;2460436.4074;0.38888826688396366;51;0.0
Meta_471;212228;6180292.827566666;0.0;256901;6180285.940099999;8.591163697492652E-18;1483;0.0
Meta_461;212228;5297393.8522;0.0;256901;4131292.1144000003;4.592175898738755E-15;2523;0.0
Meta_491;212228;7946090.778299999;0.0;256901;4482442.743300002;0.0;1831;0.0
Meta_431;212228;2648696.9261;0.0;218545;2682713.2944;0.10585336621394945;3600;1.0
Meta_441;212228;3531595.9014666663;0.0;236739;3185208.4431999996;0.061419744342728365;3600;1.0
Meta_481;212228;7063191.8029333325;0.0;247024;6806161.0551;0.036507058721887094;3600;1.0
Meta_492;212228;7946090.778299999;0.05555555555555555;243602;4872787.957300003;0.057858307741612644;3600;1.0
Meta_510;201059;0.0;0.5;201059;95840.7865;0.45925718134838295;12;0.0
Meta_501;201059;0.0;0.0;201271;1310519.6849;0.18085107307952683;3600;0.7359644065919712
Meta_502;201059;0.0;0.05555555555555555;203067;1122037.8532000002;0.16845938680872466;3600;0.7269920923744814
Meta_503;201059;0.0;0.1111111111111111;207765;1102679.0798;0.18835120446898754;3600;0.7857509482934028
Meta_504;201059;0.0;0.16666666666666666;201154;1039029.6978999997;0.19485455862793594;3600;0.7825323821629803
Meta_505;201059;0.0;0.2222222222222222;218135;885740.5359000001;0.2336089550183435;3600;0.7895899918095198
Meta_506;201059;0.0;0.2777777777777778;206308;567494.7213999998;0.2797949622379244;3600;0.7269737503023217
Meta_507;201059;0.0;0.3333333333333333;201104;352204.1486999999;0.33333387280876087;3600;0.6374854328733062
Meta_518;201059;882898.9753666666;0.38888888888888884;201371;776814.6157000005;0.388882347717326;102;0.0
Meta_519;201059;882898.9753666666;0.4444444444444444;201059;814411.1837000004;0.44444446686341077;50;0.0
Meta_520;201059;882898.9753666666;0.5;201059;654760.056;0.49160345447337844;4;0.0
Meta_508;201059;0.0;0.38888888888888884;201131;151263.4773;0.38888936276954844;3600;0.29557513230636545
Meta_509;201059;0.0;0.4444444444444444;201059;97245.6273;0.44444387363326265;3600;4.4549731206251807E-4
Meta_511;201059;882898.9753666666;0.0;201833;1102430.6479999998;0.10783338867729521;3600;1.0
Meta_512;201059;882898.9753666666;0.05555555555555555;205722;1085072.6760000004;0.20410481995313023;3600;1.0
Meta_513;201059;882898.9753666666;0.1111111111111111;201062;1262674.3516;0.21864091367788613;3600;1.0
Meta_514;201059;882898.9753666666;0.16666666666666666;202244;947871.2005999996;0.17718506786142207;3600;1.0
Meta_526;201059;1765797.9507333331;0.2777777777777778;201059;1765426.8772000007;0.26750488164413383;102;0.0
Meta_527;201059;1765797.9507333331;0.3333333333333333;202308;1763392.5595000007;0.3333337053684008;91;0.0
Meta_529;201059;1765797.9507333331;0.4444444444444444;202057;1033603.2865999996;0.44442871417009994;49;0.0
Meta_530;201059;1765797.9507333331;0.5;201059;654760.056;0.49160345447337844;6;0.0
Meta_525;201059;1765797.9507333331;0.2222222222222222;201284;1759821.3004999987;0.22219947892487876;180;0.0
Meta_528;201059;1765797.9507333331;0.38888888888888884;201065;1030689.7871999997;0.388631456229737;132;0.0
Meta_533;201059;2648696.9261;0.1111111111111111;201059;2330896.1017;0.11111174642543509;167;0.0
Meta_534;201059;2648696.9261;0.16666666666666666;208695;2468825.8802999994;0.16350570797217023;123;0.0
Meta_535;201059;2648696.9261;0.2222222222222222;202395;2361224.3646000004;0.22209046529796028;80;0.0
Meta_515;201059;882898.9753666666;0.2222222222222222;201981;1154280.8532999996;0.24863472924776808;3600;1.0
Meta_536;201059;2648696.9261;0.2777777777777778;209942;2291601.8810000005;0.27024875428342304;169;0.0
Meta_537;201059;2648696.9261;0.3333333333333333;201458;2595469.0029;0.3220917031342056;113;0.0
Meta_538;201059;2648696.9261;0.38888888888888884;201121;2084394.5684;0.38633831809458236;19;0.0
Meta_540;201059;2648696.9261;0.5;201059;654760.056;0.49160345447337844;3;0.0
Meta_539;201059;2648696.9261;0.4444444444444444;201152;675266.5924;0.44435688770525833;51;0.0
Meta_532;201059;2648696.9261;0.05555555555555555;222780;2596606.7815;0.055555695371005395;675;0.0
Meta_543;201059;3531595.9014666663;0.1111111111111111;201059;3522561.2082;0.11110991746561312;213;0.0
Meta_542;201059;3531595.9014666663;0.05555555555555555;210601;3227313.3105999995;0.05555712110556503;228;0.0
Meta_545;201059;3531595.9014666663;0.2222222222222222;203152;2803321.389800001;0.21616679410075504;38;0.0
Meta_544;201059;3531595.9014666663;0.16666666666666666;206016;3159595.4254000015;0.1666669365934481;71;0.0
Meta_547;201059;3531595.9014666663;0.3333333333333333;202346;3118676.1075000013;0.3333308278999597;94;0.0
Meta_548;201059;3531595.9014666663;0.38888888888888884;201059;2287982.4442;0.38484964657928816;17;0.0
Meta_549;201059;3531595.9014666663;0.4444444444444444;201639;1170098.5887;0.4443064630969326;55;0.0
Meta_550;201059;3531595.9014666663;0.5;201059;654760.056;0.49160345447337844;5;0.0
Meta_517;201059;882898.9753666666;0.3333333333333333;201231;869664.9945000003;0.32934924928829773;3420;0.0
Meta_546;201059;3531595.9014666663;0.2777777777777778;201082;2537562.7425999986;0.2777722148959949;264;0.0
Meta_524;201059;1765797.9507333331;0.16666666666666666;203254;1714876.1261000005;0.16665374022948234;1727;0.0
Meta_523;201059;1765797.9507333331;0.1111111111111111;222279;1764269.959;0.1111012897112862;2027;0.0
Meta_553;201059;4414494.876833333;0.1111111111111111;204241;3700737.478800002;0.11075381801930732;107;0.0
Meta_516;201059;882898.9753666666;0.2777777777777778;201954;878634.1198000002;0.2778172818292872;3600;1.0
Meta_555;201059;4414494.876833333;0.2222222222222222;203611;4406371.544299999;0.2221480094684613;32;0.0
Meta_557;201059;4414494.876833333;0.3333333333333333;206274;3487980.634799999;0.3327166483352439;30;0.0
Meta_556;201059;4414494.876833333;0.2777777777777778;201926;2822128.7647;0.27776027493156197;40;0.0
Meta_558;201059;4414494.876833333;0.38888888888888884;201059;2246259.0903999996;0.33090098175330235;16;0.0
Meta_560;201059;4414494.876833333;0.5;201059;654760.056;0.49160345447337844;4;0.0
Meta_554;201059;4414494.876833333;0.16666666666666666;213497;4047386.4032000005;0.16651455004406718;97;0.0
Meta_559;201059;4414494.876833333;0.4444444444444444;202789;1179395.1169000003;0.44443888245330254;53;0.0
Meta_552;201059;4414494.876833333;0.05555555555555555;212912;3821130.1198;0.05556267101621672;260;0.0
Meta_565;201059;5297393.8522;0.2222222222222222;209428;3307517.4447000013;0.22222270824584542;44;0.0
Meta_564;201059;5297393.8522;0.16666666666666666;210753;3021320.915400001;0.16666797820325213;100;0.0
Meta_567;201059;5297393.8522;0.3333333333333333;201409;4848688.1050999975;0.3333068082915756;26;0.0
Meta_563;201059;5297393.8522;0.1111111111111111;211736;4817207.036600002;0.11111174319795816;152;0.0
Meta_568;201059;5297393.8522;0.38888888888888884;201059;2246259.0903999996;0.33090098175330235;18;0.0
Meta_570;201059;5297393.8522;0.5;201059;654760.056;0.49160345447337844;3;0.0
Meta_566;201059;5297393.8522;0.2777777777777778;201088;3141662.420999999;0.27774464769158075;62;0.0
Meta_569;201059;5297393.8522;0.4444444444444444;202789;1179395.1169000003;0.44443888245330254;45;0.0
Meta_562;201059;5297393.8522;0.05555555555555555;215438;3406705.7694;0.054539095952450274;234;0.0
Meta_521;201059;1765797.9507333331;0.0;204869;1740106.8917999999;0.15751241519892245;3600;1.0
Meta_572;201059;6180292.827566666;0.05555555555555555;229854;5541068.946800003;0.05555550526164391;127;0.0
Meta_574;201059;6180292.827566666;0.16666666666666666;212704;4120813.277099999;0.16664251247952164;143;0.0
Meta_575;201059;6180292.827566666;0.2222222222222222;205866;2724840.5332999993;0.22222119122780193;78;0.0
Meta_578;201059;6180292.827566666;0.38888888888888884;201059;2246259.0903999996;0.33090098175330235;15;0.0
Meta_576;201059;6180292.827566666;0.2777777777777778;205970;2792590.7717;0.27774231541127914;86;0.0
Meta_580;201059;6180292.827566666;0.5;201059;654760.056;0.49160345447337844;3;0.0
Meta_573;201059;6180292.827566666;0.1111111111111111;201059;5025459.439899997;0.1109380644648754;205;0.0
Meta_577;201059;6180292.827566666;0.3333333333333333;202081;3741949.847700001;0.3300603070291465;56;0.0
Meta_579;201059;6180292.827566666;0.4444444444444444;202789;1179395.1169000003;0.44443888245330254;50;0.0
Meta_584;201059;7063191.8029333325;0.16666666666666666;203529;3188766.5270000002;0.1666690640398932;36;0.0
Meta_583;201059;7063191.8029333325;0.1111111111111111;206466;4915636.0942;0.11106518839577635;101;0.0
Meta_585;201059;7063191.8029333325;0.2222222222222222;202733;3164330.928499999;0.2222223724590533;83;0.0
Meta_522;201059;1765797.9507333331;0.05555555555555555;201350;1764578.6006999996;0.13463466342257693;3600;1.0
Meta_588;201059;7063191.8029333325;0.38888888888888884;201059;2246259.0903999996;0.33090098175330235;15;0.0
Meta_587;201059;7063191.8029333325;0.3333333333333333;213450;6310148.810100002;0.3271740114271665;78;0.0
Meta_589;201059;7063191.8029333325;0.4444444444444444;202789;1179395.1169000003;0.44443888245330254;51;0.0
Meta_590;201059;7063191.8029333325;0.5;201059;654760.056;0.49160345447337844;4;0.0
Meta_586;201059;7063191.8029333325;0.2777777777777778;221446;4278430.236399999;0.2684719724355053;137;0.0
Meta_582;201059;7063191.8029333325;0.05555555555555555;220943;3354168.145800002;0.050369929114012835;258;0.0
Meta_594;201059;7946090.778299999;0.16666666666666666;212233;3304835.2639999995;0.1666632604479928;63;0.0
Meta_593;201059;7946090.778299999;0.1111111111111111;206466;4915636.0942;0.11106518839577635;95;0.0
Meta_595;201059;7946090.778299999;0.2222222222222222;202733;3164330.928499999;0.2222223724590533;75;0.0
Meta_597;201059;7946090.778299999;0.3333333333333333;221676;6924228.7326000035;0.3333333325680049;57;0.0
Meta_598;201059;7946090.778299999;0.38888888888888884;201059;2246259.0903999996;0.33090098175330235;18;0.0
Meta_596;201059;7946090.778299999;0.2777777777777778;224400;3892320.7405000003;0.27754106413870866;138;0.0
Meta_592;201059;7946090.778299999;0.05555555555555555;207506;4225923.776800002;0.055553924364110455;241;0.0
Meta_600;201059;7946090.778299999;0.5;201059;654760.056;0.49160345447337844;3;0.0
Meta_599;201059;7946090.778299999;0.4444444444444444;202789;1179395.1169000003;0.44443888245330254;55;0.0
Meta_531;201059;2648696.9261;0.0;254665;2648681.433700001;0.004044101168799691;3600;1.0
Meta_541;201059;3531595.9014666663;0.0;256886;3368451.997200001;8.902908910791104E-5;3268;0.0
Meta_551;201059;4414494.876833333;0.0;244180;3294064.0352999973;0.12390329288156812;3600;1.0
Meta_561;201059;5297393.8522;0.0;251960;4926017.088100002;0.06346650229627708;3600;1.0
Meta_571;201059;6180292.827566666;0.0;206470;3350041.8958;0.1344673512295889;3600;1.0
Meta_581;201059;7063191.8029333325;0.0;230264;3293611.218200001;0.10507755914449857;3600;1.0
Meta_609;189891;0.0;0.4444444444444444;189933;0.0;0.42163286740556477;7;0.0
Meta_610;189891;0.0;0.5;189933;0.0;0.42163286740556477;5;0.0
Meta_591;201059;7946090.778299999;0.0;235218;3308792.4495999995;0.08968148294714826;3600;1.0
Meta_601;189891;0.0;0.0;204896;1339582.8582000006;0.17125641584873674;3600;0.7807601634469808
Meta_602;189891;0.0;0.05555555555555555;191012;1248163.6303;0.17991724286371197;3600;0.8056431175314334
Meta_603;189891;0.0;0.1111111111111111;191857;1079724.8648000003;0.14750761458243264;3600;0.7969882689472787
Meta_604;189891;0.0;0.16666666666666666;198014;1038683.8884999999;0.22503639139525003;3600;0.9035594778371002
Meta_605;189891;0.0;0.2222222222222222;189891;901654.7960000002;0.23476700274701942;3600;0.9005226895151918
Meta_606;189891;0.0;0.2777777777777778;195377;630034.5363999999;0.28309229617751014;3600;0.9338563088082736
Meta_607;189891;0.0;0.3333333333333333;189893;237926.4270999999;0.333326835756217;3600;0.9542699474357474
Meta_619;189891;882898.9753666666;0.4444444444444444;190003;319184.94859999995;0.44438347606019757;42;0.0
Meta_620;189891;882898.9753666666;0.5;189891;241896.0475;0.4574024918055502;4;0.0
Meta_608;189891;0.0;0.38888888888888884;189891;38207.4247;0.38888970327681005;3600;1.0
Meta_611;189891;882898.9753666666;0.0;190339;1135360.2308;0.1055807512809801;3600;1.0
Meta_618;189891;882898.9753666666;0.38888888888888884;189926;872013.6200000002;0.38874719232199184;729;0.0
Meta_612;189891;882898.9753666666;0.05555555555555555;189891;1139218.6228;0.1884416722047524;3600;1.0
Meta_624;189891;1765797.9507333331;0.16666666666666666;190939;1678413.0326000007;0.16634486743384777;266;0.0
Meta_613;189891;882898.9753666666;0.1111111111111111;189891;1240695.9798000003;0.21791997040615546;3600;1.0
Meta_614;189891;882898.9753666666;0.16666666666666666;192263;1150162.7860000003;0.18154939644054052;3600;1.0
Meta_615;189891;882898.9753666666;0.2222222222222222;207844;913484.7913;0.2222214541049334;3600;1.0
Meta_628;189891;1765797.9507333331;0.38888888888888884;190129;1065621.4889999998;0.3888618469418221;60;0.0
Meta_630;189891;1765797.9507333331;0.5;189891;241896.0475;0.4574024918055502;4;0.0
Meta_625;189891;1765797.9507333331;0.2222222222222222;192762;1711450.4832;0.2222232466773982;333;0.0
Meta_629;189891;1765797.9507333331;0.4444444444444444;189891;437161.8686;0.44441923282358853;34;0.0
Meta_627;189891;1765797.9507333331;0.3333333333333333;195895;1636107.7688999998;0.330003900307417;95;0.0
Meta_626;189891;1765797.9507333331;0.2777777777777778;190586;1735545.3128;0.2727752069439378;297;0.0
Meta_635;189891;2648696.9261;0.2222222222222222;194881;2329203.9509999994;0.22203118105098793;90;0.0
Meta_636;189891;2648696.9261;0.2777777777777778;190293;2584375.4513999997;0.2777782670676313;39;0.0
Meta_634;189891;2648696.9261;0.16666666666666666;189895;2575317.279500001;0.16487236702940253;228;0.0
Meta_637;189891;2648696.9261;0.3333333333333333;193183;2488268.4599999995;0.3331850226405518;69;0.0
Meta_639;189891;2648696.9261;0.4444444444444444;190003;552460.4654999999;0.4443628269871467;49;0.0
Meta_640;189891;2648696.9261;0.5;189891;241896.0475;0.4574024918055502;4;0.0
Meta_638;189891;2648696.9261;0.38888888888888884;189940;635450.7364000003;0.3888888145586332;165;0.0
Meta_642;189891;3531595.9014666663;0.05555555555555555;205831;2585305.2119;0.05535077831705097;231;0.0
Meta_643;189891;3531595.9014666663;0.1111111111111111;190921;2639392.0486999988;0.11098806750170111;70;0.0
Meta_644;189891;3531595.9014666663;0.16666666666666666;199903;2607691.8726000004;0.16656523826673722;83;0.0
Meta_633;189891;2648696.9261;0.1111111111111111;191578;2487449.8154;0.11111175469662363;850;0.0
Meta_646;189891;3531595.9014666663;0.2777777777777778;189891;2576054.5088000004;0.25771525092138436;57;0.0
Meta_623;189891;1765797.9507333331;0.1111111111111111;216547;1762355.4898;0.11111121883396008;1510;0.0
Meta_645;189891;3531595.9014666663;0.2222222222222222;189946;3396031.984400001;0.22172766262591062;149;0.0
Meta_649;189891;3531595.9014666663;0.4444444444444444;192242;831443.8083999997;0.4442968509458449;28;0.0
Meta_650;189891;3531595.9014666663;0.5;189891;241896.0475;0.4574024918055502;4;0.0
Meta_647;189891;3531595.9014666663;0.3333333333333333;200191;2266861.5233;0.33325333259501866;102;0.0
Meta_648;189891;3531595.9014666663;0.38888888888888884;190871;2029052.7954000009;0.38758361914983946;134;0.0
Meta_653;189891;4414494.876833333;0.1111111111111111;191472;4127805.467600001;0.10945377080330757;76;0.0
Meta_616;189891;882898.9753666666;0.2777777777777778;190230;898084.2020999995;0.28072040765120115;3600;1.0
Meta_654;189891;4414494.876833333;0.16666666666666666;203551;3296799.9469000017;0.16607186037890478;72;0.0
Meta_652;189891;4414494.876833333;0.05555555555555555;214982;4290745.9786;0.05538893165323683;223;0.0
Meta_656;189891;4414494.876833333;0.2777777777777778;189891;4163547.0580000016;0.2572591032383241;24;0.0
Meta_658;189891;4414494.876833333;0.38888888888888884;190741;774573.8592000001;0.3888870578209609;57;0.0
Meta_659;189891;4414494.876833333;0.4444444444444444;189892;347194.20109999995;0.4441147829454163;40;0.0
Meta_660;189891;4414494.876833333;0.5;189891;241896.0475;0.4574024918055502;4;0.0
Meta_655;189891;4414494.876833333;0.2222222222222222;191096;2902387.2291;0.22206178940457938;202;0.0
Meta_657;189891;4414494.876833333;0.3333333333333333;189891;2891115.8151;0.3333340727914838;185;0.0
Meta_663;189891;5297393.8522;0.1111111111111111;192575;3288866.1541000023;0.11111118999889569;47;0.0
Meta_617;189891;882898.9753666666;0.3333333333333333;189898;882898.1932000004;0.3553191000895422;3600;1.0
Meta_665;189891;5297393.8522;0.2222222222222222;196108;3562347.497400001;0.22222064646419204;67;0.0
Meta_664;189891;5297393.8522;0.16666666666666666;197914;4714650.1268000025;0.16660326185893884;150;0.0
Meta_666;189891;5297393.8522;0.2777777777777778;192714;2983853.878199999;0.2775314022564748;76;0.0
Meta_662;189891;5297393.8522;0.05555555555555555;230327;3770795.707499997;0.05555747696993255;301;0.0
Meta_667;189891;5297393.8522;0.3333333333333333;200434;1883438.8066;0.333333571351994;99;0.0
Meta_670;189891;5297393.8522;0.5;189891;241896.0475;0.4574024918055502;4;0.0
Meta_669;189891;5297393.8522;0.4444444444444444;190032;473931.2681;0.44198397566828507;29;0.0
Meta_668;189891;5297393.8522;0.38888888888888884;192033;1689441.7584000006;0.38836977864684336;72;0.0
Meta_641;189891;3531595.9014666663;0.0;256901;3305274.389500001;8.591163697492652E-18;1422;0.0
Meta_674;189891;6180292.827566666;0.16666666666666666;190396;4505140.8844;0.16666675617053894;64;0.0
Meta_673;189891;6180292.827566666;0.1111111111111111;190298;3319592.002500002;0.1110127948491988;167;0.0
Meta_676;189891;6180292.827566666;0.2777777777777778;191205;2424213.4956999994;0.27769461894089775;57;0.0
Meta_672;189891;6180292.827566666;0.05555555555555555;206028;3677930.4943000004;0.05556355449297761;238;0.0
Meta_675;189891;6180292.827566666;0.2222222222222222;189891;3890210.784500001;0.19684829249014013;195;0.0
Meta_678;189891;6180292.827566666;0.38888888888888884;191233;934013.2353999999;0.388888328606572;65;0.0
Meta_680;189891;6180292.827566666;0.5;189891;241896.0475;0.4574024918055502;4;0.0
Meta_679;189891;6180292.827566666;0.4444444444444444;189891;572533.6921;0.4442878241945373;40;0.0
Meta_677;189891;6180292.827566666;0.3333333333333333;192852;3578562.6324;0.33332441989233846;201;0.0
Meta_683;189891;7063191.8029333325;0.1111111111111111;201492;3042537.8342999993;0.11101200438864635;60;0.0
Meta_684;189891;7063191.8029333325;0.16666666666666666;218880;4385421.596100002;0.16666876452981016;71;0.0
Meta_685;189891;7063191.8029333325;0.2222222222222222;198837;2999812.177800001;0.22222251226685388;193;0.0
Meta_686;189891;7063191.8029333325;0.2777777777777778;189900;2808208.6739;0.277774566505322;87;0.0
Meta_621;189891;1765797.9507333331;0.0;204998;1754977.950499999;0.13969394844493008;3600;1.0
Meta_687;189891;7063191.8029333325;0.3333333333333333;204968;2042543.4884;0.33313713818064855;90;0.0
Meta_688;189891;7063191.8029333325;0.38888888888888884;191233;934013.2353999999;0.388888328606572;64;0.0
Meta_690;189891;7063191.8029333325;0.5;189891;241896.0475;0.4574024918055502;4;0.0
Meta_689;189891;7063191.8029333325;0.4444444444444444;189891;572533.6921;0.4442878241945373;37;0.0
Meta_622;189891;1765797.9507333331;0.05555555555555555;190027;1765915.290499998;0.20286100257312215;3600;1.0
Meta_693;189891;7946090.778299999;0.1111111111111111;201492;3042537.8342999993;0.11101200438864635;60;0.0
Meta_694;189891;7946090.778299999;0.16666666666666666;190843;4424826.559900001;0.1663048582373699;61;0.0
Meta_695;189891;7946090.778299999;0.2222222222222222;190057;3911041.927300001;0.22222225375529922;75;0.0
Meta_692;189891;7946090.778299999;0.05555555555555555;227414;4142814.9815000007;0.05530002601786595;255;0.0
Meta_696;189891;7946090.778299999;0.2777777777777778;189900;3928385.928;0.2777728123653658;72;0.0
Meta_697;189891;7946090.778299999;0.3333333333333333;190283;2156699.3104;0.33294066975629993;78;0.0
Meta_699;189891;7946090.778299999;0.4444444444444444;189891;572533.6921;0.4442878241945373;34;0.0
Meta_700;189891;7946090.778299999;0.5;189891;241896.0475;0.4574024918055502;4;0.0
Meta_698;189891;7946090.778299999;0.38888888888888884;191233;934013.2353999999;0.388888328606572;66;0.0
Meta_631;189891;2648696.9261;0.0;256901;2641601.8563000006;0.0;3153;0.0
Meta_632;189891;2648696.9261;0.05555555555555555;190187;2470550.3307000003;0.11898233335549611;3600;1.0
Meta_651;189891;4414494.876833333;0.0;203043;3136979.811999999;0.14008482078224974;3600;1.0
Meta_661;189891;5297393.8522;0.0;220004;4833218.733400001;0.10832008154279665;3600;1.0
Meta_671;189891;6180292.827566666;0.0;218955;4501592.567700001;0.11255136798763464;3600;1.0
Meta_681;189891;7063191.8029333325;0.0;238135;3926010.6631999994;0.0768798608027415;3600;1.0
Meta_682;189891;7063191.8029333325;0.05555555555555555;232435;5178010.044299999;0.06201500741450241;3600;1.0
Meta_709;178723;0.0;0.4444444444444444;179939;0.0;0.42163286740556477;54;0.0
Meta_710;178723;0.0;0.5;179156;0.0;0.39357309521329314;71;0.0
Meta_708;178723;0.0;0.38888888888888884;180446;0.0;0.38712443362860954;173;0.0
Meta_691;189891;7946090.778299999;0.0;248636;4406098.234200001;0.04071023477584967;3600;1.0
Meta_701;178723;0.0;0.0;185947;1264549.6674000004;0.17741556378317377;3600;0.8126448275456193
Meta_702;178723;0.0;0.05555555555555555;204231;1148557.3438999995;0.1729841747648295;3600;0.8431072101362613
Meta_703;178723;0.0;0.1111111111111111;182635;1003753.0357;0.1788182102781099;3600;0.8988259408623276
Meta_704;178723;0.0;0.16666666666666666;178752;490808.3308999998;0.26593796513657486;3600;0.9515428572701055
Meta_705;178723;0.0;0.2222222222222222;178717;552774.1802000001;0.2662662892793716;3600;0.9887270830667407
Meta_718;178723;882898.9753666666;0.38888888888888884;178801;413450.46419999993;0.38791810312310815;41;0.0
Meta_719;178723;882898.9753666666;0.4444444444444444;178723;27316.0144;0.41888710927397266;3;0.0
Meta_720;178723;882898.9753666666;0.5;178723;27316.0144;0.41888710927397266;2;0.0
Meta_706;178723;0.0;0.2777777777777778;162921;120424.8746;0.2800535496940993;3600;1.0
Meta_707;178723;0.0;0.3333333333333333;178827;94581.70629999998;0.3332601989772722;3600;1.0
Meta_711;178723;882898.9753666666;0.0;178770;1184706.8731000002;0.13180834021164103;3600;1.0
Meta_712;178723;882898.9753666666;0.05555555555555555;189794;1377100.4616999999;0.15574670822951933;3600;1.0
Meta_713;178723;882898.9753666666;0.1111111111111111;180067;1191479.5418999996;0.21719412588460724;3600;1.0
Meta_725;178723;1765797.9507333331;0.2222222222222222;179892;1741021.6556000002;0.2222113528338196;562;0.0
Meta_726;178723;1765797.9507333331;0.2777777777777778;178798;1593615.0924000004;0.27776350518053944;228;0.0
Meta_728;178723;1765797.9507333331;0.38888888888888884;178807;388579.00489999994;0.38888879517525743;35;0.0
Meta_729;178723;1765797.9507333331;0.4444444444444444;178723;27316.0144;0.41888710927397266;3;0.0
Meta_730;178723;1765797.9507333331;0.5;178723;27316.0144;0.41888710927397266;3;0.0
Meta_714;178723;882898.9753666666;0.16666666666666666;182208;998953.6001000004;0.19630305853180957;3600;1.0
Meta_715;178723;882898.9753666666;0.2222222222222222;178723;1117907.9882;0.22221509065666367;3600;1.0
Meta_716;178723;882898.9753666666;0.2777777777777778;179969;882896.1663;0.3199486346937088;3600;1.0
Meta_727;178723;1765797.9507333331;0.3333333333333333;182553;1761185.6696;0.33311504200048725;463;0.0
Meta_734;178723;2648696.9261;0.16666666666666666;178723;2620102.2485000007;0.16666603039415562;220;0.0
Meta_736;178723;2648696.9261;0.2777777777777778;181224;2523770.0814999994;0.2777436367194728;69;0.0
Meta_733;178723;2648696.9261;0.1111111111111111;185634;2393142.0235;0.11108371655144617;425;0.0
Meta_717;178723;882898.9753666666;0.3333333333333333;181643;625737.9876999997;0.35014656027844704;3600;1.0
Meta_739;178723;2648696.9261;0.4444444444444444;178723;27316.0144;0.41888710927397266;2;0.0
Meta_740;178723;2648696.9261;0.5;178723;27316.0144;0.41888710927397266;3;0.0
Meta_738;178723;2648696.9261;0.38888888888888884;178723;693591.5129999999;0.3887322497451543;56;0.0
Meta_737;178723;2648696.9261;0.3333333333333333;188660;2399852.3482000004;0.33331766542132774;185;0.0
Meta_743;178723;3531595.9014666663;0.1111111111111111;193750;3174293.814100002;0.10900594688800613;120;0.0
Meta_735;178723;2648696.9261;0.2222222222222222;181538;2622405.1500999997;0.22051296673619641;600;0.0
Meta_745;178723;3531595.9014666663;0.2222222222222222;178723;3531592.4673000006;0.22161471276018457;21;0.0
Meta_744;178723;3531595.9014666663;0.16666666666666666;178723;2737184.785400001;0.15819133803365143;230;0.0
Meta_746;178723;3531595.9014666663;0.2777777777777778;178723;3531579.6165999984;0.20181421299026087;193;0.0
Meta_748;178723;3531595.9014666663;0.38888888888888884;178731;708446.2872000003;0.38881700384497214;56;0.0
Meta_749;178723;3531595.9014666663;0.4444444444444444;178723;27316.0144;0.41888710927397266;3;0.0
Meta_747;178723;3531595.9014666663;0.3333333333333333;178723;3531593.9528999995;0.21899549964206608;183;0.0
Meta_750;178723;3531595.9014666663;0.5;178723;27316.0144;0.41888710927397266;3;0.0
Meta_721;178723;1765797.9507333331;0.0;211567;1765739.5025;0.08750979814131601;3600;1.0
Meta_742;178723;3531595.9014666663;0.05555555555555555;237405;2717730.0455;0.05539647879800558;1028;0.0
Meta_753;178723;4414494.876833333;0.1111111111111111;188730;3039141.7195000006;0.11103809275671467;203;0.0
Meta_754;178723;4414494.876833333;0.16666666666666666;183708;2842916.0580000007;0.16441876311973894;198;0.0
Meta_755;178723;4414494.876833333;0.2222222222222222;178723;3852306.9340000013;0.1432860195290138;16;0.0
Meta_756;178723;4414494.876833333;0.2777777777777778;178731;2429502.2186000003;0.27756224583354006;75;0.0
Meta_732;178723;2648696.9261;0.05555555555555555;237570;2647993.4118;0.055563323255582504;1817;0.0
Meta_759;178723;4414494.876833333;0.4444444444444444;178723;27316.0144;0.41888710927397266;3;0.0
Meta_760;178723;4414494.876833333;0.5;178723;27316.0144;0.41888710927397266;3;0.0
Meta_722;178723;1765797.9507333331;0.05555555555555555;182801;1765786.6866000013;0.1780335553156168;3600;1.0
Meta_758;178723;4414494.876833333;0.38888888888888884;178727;485223.4133000001;0.38888785382115804;88;0.0
Meta_757;178723;4414494.876833333;0.3333333333333333;178723;3671464.4150999985;0.21447912639455774;172;0.0
Meta_764;178723;5297393.8522;0.16666666666666666;178723;3501488.526799999;0.166601498875581;120;0.0
Meta_765;178723;5297393.8522;0.2222222222222222;178723;3722129.1060999986;0.18602710482269158;25;0.0
Meta_723;178723;1765797.9507333331;0.1111111111111111;204036;1748591.8373999996;0.11111316150997469;3449;0.0
Meta_763;178723;5297393.8522;0.1111111111111111;180850;3800575.5867000003;0.11103247965149181;206;0.0
Meta_768;178723;5297393.8522;0.38888888888888884;178759;476313.5402;0.38888809649091166;76;0.0
Meta_769;178723;5297393.8522;0.4444444444444444;178723;27316.0144;0.41888710927397266;3;0.0
Meta_770;178723;5297393.8522;0.5;178723;27316.0144;0.41888710927397266;3;0.0
Meta_767;178723;5297393.8522;0.3333333333333333;178815;1954659.4792999995;0.33333182421501273;150;0.0
Meta_766;178723;5297393.8522;0.2777777777777778;178723;3796646.9083999996;0.25841958400748616;178;0.0
Meta_752;178723;4414494.876833333;0.05555555555555555;230070;3017340.2947;0.055555622726330724;1326;0.0
Meta_773;178723;6180292.827566666;0.1111111111111111;178729;3289661.6202000007;0.10066488684615922;225;0.0
Meta_774;178723;6180292.827566666;0.16666666666666666;182330;3932591.7388000004;0.16666697489805876;127;0.0
Meta_775;178723;6180292.827566666;0.2222222222222222;193116;2577270.9166;0.22178366917584655;66;0.0
Meta_776;178723;6180292.827566666;0.2777777777777778;184396;2828766.859699999;0.27271841892954607;83;0.0
Meta_724;178723;1765797.9507333331;0.16666666666666666;178723;1853125.9794999994;0.19548859049557335;3600;1.0
Meta_779;178723;6180292.827566666;0.4444444444444444;178723;27316.0144;0.41888710927397266;3;0.0
Meta_780;178723;6180292.827566666;0.5;178723;27316.0144;0.41888710927397266;3;0.0
Meta_777;178723;6180292.827566666;0.3333333333333333;179853;2235125.0844999985;0.33332934382066176;160;0.0
Meta_778;178723;6180292.827566666;0.38888888888888884;193913;4022729.8788;0.3888866177726769;185;0.0
Meta_783;178723;7063191.8029333325;0.1111111111111111;182744;3819492.6342;0.11081586927690407;221;0.0
Meta_784;178723;7063191.8029333325;0.16666666666666666;181634;2762428.2339000003;0.15716711904325756;214;0.0
Meta_785;178723;7063191.8029333325;0.2222222222222222;181975;3008704.4547;0.2222214233550528;66;0.0
Meta_786;178723;7063191.8029333325;0.2777777777777778;178723;3842408.265899998;0.20202930433026106;180;0.0
Meta_731;178723;2648696.9261;0.0;225352;2629956.033099999;0.08768545826540876;3600;1.0
Meta_787;178723;7063191.8029333325;0.3333333333333333;178723;3633193.4254999985;0.19823602820089745;166;0.0
Meta_788;178723;7063191.8029333325;0.38888888888888884;179130;2385165.689100001;0.3888875527514585;156;0.0
Meta_789;178723;7063191.8029333325;0.4444444444444444;178723;27316.0144;0.41888710927397266;3;0.0
Meta_790;178723;7063191.8029333325;0.5;178723;27316.0144;0.41888710927397266;4;0.0
Meta_741;178723;3531595.9014666663;0.0;223001;3181752.1341000013;0.09707654005918899;3600;1.0
Meta_793;178723;7946090.778299999;0.1111111111111111;189995;3981441.4680999997;0.11096038497043997;131;0.0
Meta_794;178723;7946090.778299999;0.16666666666666666;178723;2974192.7268000008;0.16612656279774393;209;0.0
Meta_795;178723;7946090.778299999;0.2222222222222222;181975;3008704.4547;0.2222214233550528;60;0.0
Meta_751;178723;4414494.876833333;0.0;185367;4083172.3874000004;0.12906167088551435;3600;1.0
Meta_796;178723;7946090.778299999;0.2777777777777778;178723;3820132.9648999977;0.25819373150672514;173;0.0
Meta_798;178723;7946090.778299999;0.38888888888888884;178725;529157.3094;0.3888611435427478;113;0.0
Meta_799;178723;7946090.778299999;0.4444444444444444;178723;27316.0144;0.41888710927397266;3;0.0
Meta_800;178723;7946090.778299999;0.5;178723;27316.0144;0.41888710927397266;3;0.0
Meta_797;178723;7946090.778299999;0.3333333333333333;178723;3638247.3123000003;0.23253080350537786;157;0.0
Meta_762;178723;5297393.8522;0.05555555555555555;234289;4155728.657999999;0.055340246601860606;3178;0.0
Meta_761;178723;5297393.8522;0.0;222596;3514977.025100001;0.1221802158449061;3600;1.0
Meta_772;178723;6180292.827566666;0.05555555555555555;232063;4145887.189200002;0.0555050448429862;3331;0.0
Meta_782;178723;7063191.8029333325;0.05555555555555555;243594;5510994.242199997;0.05555380087527041;2881;0.0
Meta_771;178723;6180292.827566666;0.0;178723;4095114.4370000004;0.1614478780855642;3600;1.0
Meta_792;178723;7946090.778299999;0.05555555555555555;248776;5054488.528299998;0.055557512248487914;2293;0.0
Meta_808;167555;0.0;0.38888888888888884;168001;0.0;0.3681539197350748;3;0.0
Meta_809;167555;0.0;0.4444444444444444;168001;0.0;0.3681539197350748;3;0.0
Meta_810;167555;0.0;0.5;168001;0.0;0.3681539197350748;3;0.0
Meta_781;178723;7063191.8029333325;0.0;209844;4580133.460999999;0.11805298083034349;3600;1.0
Meta_807;167555;0.0;0.3333333333333333;168179;0.0;0.3315657053869967;602;0.0
Meta_791;178723;7946090.778299999;0.0;246270;5688103.202200002;0.06932050200499945;3600;1.0
Meta_801;167555;0.0;0.0;150511;149838.7762;0.24612326249367483;3600;0.8997291244288165
Meta_802;167555;0.0;0.05555555555555555;204933;1194762.5956000001;0.18140884072163063;3600;0.8999492307794539
Meta_803;167555;0.0;0.1111111111111111;161956;226586.8579000001;0.26723574332263456;3600;0.9638471965364778
Meta_804;167555;0.0;0.16666666666666666;167558;409789.21780000004;0.25527563266791947;3600;0.9870464744050395
Meta_818;167555;882898.9753666666;0.38888888888888884;168001;0.0;0.3681539197350748;3;0.0
Meta_819;167555;882898.9753666666;0.4444444444444444;168001;0.0;0.3681539197350748;3;0.0
Meta_820;167555;882898.9753666666;0.5;168001;0.0;0.3681539197350748;3;0.0
Meta_805;167555;0.0;0.2222222222222222;153017;13177.2227;0.26622512069155274;3600;1.0
Meta_806;167555;0.0;0.2777777777777778;159900;55746.227999999996;0.2861648314732666;3600;1.0
Meta_811;167555;882898.9753666666;0.0;170156;960517.5034000004;0.13738015212769158;3600;1.0
Meta_823;167555;1765797.9507333331;0.1111111111111111;204380;1732891.1883999994;0.11107936433619041;660;0.0
Meta_812;167555;882898.9753666666;0.05555555555555555;170615;1099033.0407000005;0.20357109171130608;3600;1.0
Meta_813;167555;882898.9753666666;0.1111111111111111;169776;1310007.2790000003;0.1852224635772584;3600;1.0
Meta_826;167555;1765797.9507333331;0.2777777777777778;174133;1641236.0190000006;0.27777924914790386;310;0.0
Meta_828;167555;1765797.9507333331;0.38888888888888884;168001;0.0;0.3681539197350748;3;0.0
Meta_829;167555;1765797.9507333331;0.4444444444444444;168001;0.0;0.3681539197350748;3;0.0
Meta_830;167555;1765797.9507333331;0.5;168001;0.0;0.3681539197350748;3;0.0
Meta_825;167555;1765797.9507333331;0.2222222222222222;169857;1755254.6730000002;0.22207812843478245;373;0.0
Meta_816;167555;882898.9753666666;0.2777777777777778;167558;880110.1518999999;0.2777791796496052;1852;0.0
Meta_833;167555;2648696.9261;0.1111111111111111;181531;2484255.0553999995;0.1109864997321696;213;0.0
Meta_834;167555;2648696.9261;0.16666666666666666;169880;2529009.6118;0.16657878398264472;254;0.0
Meta_814;167555;882898.9753666666;0.16666666666666666;171181;1130420.2049999998;0.26892665087305595;3600;1.0
Meta_835;167555;2648696.9261;0.2222222222222222;172034;2191905.9094;0.22103392036603614;111;0.0
Meta_837;167555;2648696.9261;0.3333333333333333;167555;2648688.964099999;0.30467471911286953;157;0.0
Meta_838;167555;2648696.9261;0.38888888888888884;168001;0.0;0.3681539197350748;3;0.0
Meta_839;167555;2648696.9261;0.4444444444444444;168001;0.0;0.3681539197350748;3;0.0
Meta_840;167555;2648696.9261;0.5;168001;0.0;0.3681539197350748;3;0.0
Meta_836;167555;2648696.9261;0.2777777777777778;167555;2648695.9835999985;0.24262263332444348;187;0.0
Meta_824;167555;1765797.9507333331;0.16666666666666666;201073;1679107.337699999;0.1666603293266221;1584;0.0
Meta_827;167555;1765797.9507333331;0.3333333333333333;175841;1765773.4606999997;0.3333308899238798;1226;0.0
Meta_843;167555;3531595.9014666663;0.1111111111111111;169672;3450332.2737000003;0.11046736178992454;217;0.0
Meta_844;167555;3531595.9014666663;0.16666666666666666;167555;3531594.638399999;0.14852800053432144;131;0.0
Meta_845;167555;3531595.9014666663;0.2222222222222222;169188;2647752.6423000004;0.2219197951931712;118;0.0
Meta_846;167555;3531595.9014666663;0.2777777777777778;167662;3241986.8207000005;0.27735253916769387;207;0.0
Meta_848;167555;3531595.9014666663;0.38888888888888884;168001;0.0;0.3681539197350748;3;0.0
Meta_849;167555;3531595.9014666663;0.4444444444444444;168001;0.0;0.3681539197350748;3;0.0
Meta_850;167555;3531595.9014666663;0.5;168001;0.0;0.3681539197350748;3;0.0
Meta_847;167555;3531595.9014666663;0.3333333333333333;174887;1936909.111300001;0.3302279658466343;149;0.0
Meta_842;167555;3531595.9014666663;0.05555555555555555;241511;3073702.4806999993;0.055552250506988345;902;0.0
Meta_815;167555;882898.9753666666;0.2222222222222222;175297;1050551.6251;0.2707446731525694;3600;1.0
Meta_854;167555;4414494.876833333;0.16666666666666666;180574;3592001.7835000004;0.15600175057192514;80;0.0
Meta_853;167555;4414494.876833333;0.1111111111111111;169149;3253532.7517999997;0.11110887627871195;230;0.0
Meta_817;167555;882898.9753666666;0.3333333333333333;167555;252835.49799999996;0.33334451079637895;3600;1.0
Meta_855;167555;4414494.876833333;0.2222222222222222;176405;3314270.3820000007;0.22222231774447496;201;0.0
Meta_858;167555;4414494.876833333;0.38888888888888884;168001;0.0;0.3681539197350748;3;0.0
Meta_859;167555;4414494.876833333;0.4444444444444444;168001;0.0;0.3681539197350748;3;0.0
Meta_860;167555;4414494.876833333;0.5;168001;0.0;0.3681539197350748;4;0.0
Meta_856;167555;4414494.876833333;0.2777777777777778;167555;3335401.5553;0.2727579818046787;192;0.0
Meta_857;167555;4414494.876833333;0.3333333333333333;167555;3090174.5255999994;0.3215269095899474;164;0.0
Meta_863;167555;5297393.8522;0.1111111111111111;167699;3314073.725;0.1110453334047312;224;0.0
Meta_821;167555;1765797.9507333331;0.0;219600;1763405.5371999997;0.08834771010138635;3600;1.0
Meta_822;167555;1765797.9507333331;0.05555555555555555;224511;1765788.7313999997;0.08616561825153471;3600;1.0
Meta_865;167555;5297393.8522;0.2222222222222222;172049;2260637.9020000002;0.21260975035209065;185;0.0
Meta_864;167555;5297393.8522;0.16666666666666666;167704;3481225.9774000016;0.16374901997262317;254;0.0
Meta_867;167555;5297393.8522;0.3333333333333333;167557;305424.59089999995;0.33312693982080566;45;0.0
Meta_868;167555;5297393.8522;0.38888888888888884;168001;0.0;0.3681539197350748;4;0.0
Meta_870;167555;5297393.8522;0.5;168001;0.0;0.3681539197350748;3;0.0
Meta_869;167555;5297393.8522;0.4444444444444444;168001;0.0;0.3681539197350748;4;0.0
Meta_866;167555;5297393.8522;0.2777777777777778;179792;3206980.2115999996;0.2770045185385218;185;0.0
Meta_873;167555;6180292.827566666;0.1111111111111111;167555;3893412.677800001;0.11060687103832333;244;0.0
Meta_874;167555;6180292.827566666;0.16666666666666666;167555;3473128.749;0.16666844114466653;224;0.0
Meta_875;167555;6180292.827566666;0.2222222222222222;167555;3441078.4171999996;0.22194419983751212;223;0.0
Meta_831;167555;2648696.9261;0.0;188786;2625697.9713;0.14314731842339878;3600;1.0
Meta_832;167555;2648696.9261;0.05555555555555555;215086;2642481.8130999994;0.10575278255080016;3600;1.0
Meta_878;167555;6180292.827566666;0.38888888888888884;168001;0.0;0.3681539197350748;3;0.0
Meta_879;167555;6180292.827566666;0.4444444444444444;168001;0.0;0.3681539197350748;3;0.0
Meta_880;167555;6180292.827566666;0.5;168001;0.0;0.3681539197350748;3;0.0
Meta_877;167555;6180292.827566666;0.3333333333333333;167557;305424.59089999995;0.33312693982080566;47;0.0
Meta_876;167555;6180292.827566666;0.2777777777777778;192013;2926628.695800001;0.2777172557368864;255;0.0
Meta_883;167555;7063191.8029333325;0.1111111111111111;172031;3898220.8729000012;0.11111307139546109;201;0.0
Meta_882;167555;7063191.8029333325;0.05555555555555555;231750;7052545.664200001;0.05469384193714794;290;0.0
Meta_884;167555;7063191.8029333325;0.16666666666666666;167555;3380898.185500003;0.16666600371110682;242;0.0
Meta_885;167555;7063191.8029333325;0.2222222222222222;212930;3320533.0319000003;0.2222108026963139;250;0.0
Meta_887;167555;7063191.8029333325;0.3333333333333333;168328;438847.49109999987;0.33333323437274315;65;0.0
Meta_888;167555;7063191.8029333325;0.38888888888888884;168001;0.0;0.3681539197350748;3;0.0
Meta_889;167555;7063191.8029333325;0.4444444444444444;168001;0.0;0.3681539197350748;3;0.0
Meta_890;167555;7063191.8029333325;0.5;168001;0.0;0.3681539197350748;3;0.0
Meta_886;167555;7063191.8029333325;0.2777777777777778;168754;2619813.833700001;0.27774789525062776;183;0.0
Meta_841;167555;3531595.9014666663;0.0;220705;3367958.5564999995;0.10446339749691982;3600;1.0
Meta_892;167555;7946090.778299999;0.05555555555555555;227029;4239307.6864;0.032893239466729604;242;0.0
Meta_893;167555;7946090.778299999;0.1111111111111111;171584;3615618.187;0.10594391582517668;217;0.0
Meta_894;167555;7946090.778299999;0.16666666666666666;167555;3418900.0464;0.16412841640619596;218;0.0
Meta_895;167555;7946090.778299999;0.2222222222222222;167555;2958668.968100001;0.21946279711525668;210;0.0
Meta_897;167555;7946090.778299999;0.3333333333333333;168328;438847.49109999987;0.33333323437274315;66;0.0
Meta_898;167555;7946090.778299999;0.38888888888888884;168001;0.0;0.3681539197350748;3;0.0
Meta_899;167555;7946090.778299999;0.4444444444444444;168001;0.0;0.3681539197350748;3;0.0
Meta_900;167555;7946090.778299999;0.5;168001;0.0;0.3681539197350748;3;0.0
Meta_851;167555;4414494.876833333;0.0;249871;4150846.411299999;0.02088823259796767;3600;1.0
Meta_896;167555;7946090.778299999;0.2777777777777778;167784;3284756.6100999997;0.2777774938832975;194;0.0
Meta_852;167555;4414494.876833333;0.05555555555555555;226059;4263030.628399999;0.0948999543661645;3600;1.0
Meta_881;167555;7063191.8029333325;0.0;256857;5281636.646700001;5.0638654427163446E-5;1557;0.0
Meta_871;167555;6180292.827566666;0.0;256901;6076345.481699997;2.309240718842063E-14;2855;0.0
Meta_861;167555;5297393.8522;0.0;208561;3258588.641999999;0.1608340190557541;3600;1.0
Meta_907;156387;0.0;0.3333333333333333;156692;0.0;0.3175346966122841;3;0.0
Meta_908;156387;0.0;0.38888888888888884;156692;0.0;0.3175346966122841;3;0.0
Meta_909;156387;0.0;0.4444444444444444;156692;0.0;0.3175346966122841;3;0.0
Meta_910;156387;0.0;0.5;156692;0.0;0.3175346966122841;3;0.0
Meta_862;167555;5297393.8522;0.05555555555555555;222808;4974773.3749;0.1328569797946942;3600;1.0
Meta_872;167555;6180292.827566666;0.05555555555555555;223949;4917712.276899999;0.07116050039239653;3600;1.0
Meta_891;167555;7946090.778299999;0.0;255891;4237628.7604;0.015336598189574118;3600;1.0
Meta_901;156387;0.0;0.0;256775;1832337.5594000006;0.009752646303815553;3600;0.8514242277686661
Meta_902;156387;0.0;0.05555555555555555;156360;351775.1227;0.24612826103202615;3600;0.9329487983513725
Meta_903;156387;0.0;0.1111111111111111;154717;78376.77509999998;0.27831449245434037;3600;0.9814065510608656
Meta_917;156387;882898.9753666666;0.3333333333333333;156692;0.0;0.3175346966122841;3;0.0
Meta_918;156387;882898.9753666666;0.38888888888888884;156692;0.0;0.3175346966122841;3;0.0
Meta_919;156387;882898.9753666666;0.4444444444444444;156692;0.0;0.3175346966122841;4;0.0
Meta_920;156387;882898.9753666666;0.5;156692;0.0;0.3175346966122841;3;0.0
Meta_904;156387;0.0;0.16666666666666666;156387;126063.83209999999;0.2569131257117524;3600;1.0
Meta_916;156387;882898.9753666666;0.2777777777777778;156516;193345.44870000004;0.2777785365630709;70;0.0
Meta_905;156387;0.0;0.2222222222222222;151603;165599.94199999998;0.26082015709208245;3600;1.0
Meta_906;156387;0.0;0.2777777777777778;156387;2644.2287;0.27725033944913213;3600;1.0
Meta_911;156387;882898.9753666666;0.0;156742;1111361.9566999995;0.18450971888288267;3600;1.0
Meta_912;156387;882898.9753666666;0.05555555555555555;165445;1023406.1303000005;0.17259659254855694;3600;1.0
Meta_926;156387;1765797.9507333331;0.2777777777777778;156390;417478.3732999999;0.2774671643858617;28;0.0
Meta_927;156387;1765797.9507333331;0.3333333333333333;156692;0.0;0.3175346966122841;3;0.0
Meta_928;156387;1765797.9507333331;0.38888888888888884;156692;0.0;0.3175346966122841;3;0.0
Meta_929;156387;1765797.9507333331;0.4444444444444444;156692;0.0;0.3175346966122841;3;0.0
Meta_930;156387;1765797.9507333331;0.5;156692;0.0;0.3175346966122841;3;0.0
Meta_925;156387;1765797.9507333331;0.2222222222222222;176976;1757845.3236000005;0.22202169085885734;303;0.0
Meta_924;156387;1765797.9507333331;0.16666666666666666;169267;1765796.4494;0.1666551709737716;753;0.0
Meta_934;156387;2648696.9261;0.16666666666666666;157765;2400797.6113999984;0.1660714255528557;163;0.0
Meta_913;156387;882898.9753666666;0.1111111111111111;186513;1015454.2086999996;0.1777041964779852;3600;1.0
Meta_935;156387;2648696.9261;0.2222222222222222;156387;2635513.006599999;0.22198265348539614;212;0.0
Meta_937;156387;2648696.9261;0.3333333333333333;156692;0.0;0.3175346966122841;3;0.0
Meta_938;156387;2648696.9261;0.38888888888888884;156692;0.0;0.3175346966122841;3;0.0
Meta_939;156387;2648696.9261;0.4444444444444444;156692;0.0;0.3175346966122841;4;0.0
Meta_936;156387;2648696.9261;0.2777777777777778;156417;304935.9706999999;0.2777774501023656;60;0.0
Meta_940;156387;2648696.9261;0.5;156692;0.0;0.3175346966122841;3;0.0
Meta_942;156387;3531595.9014666663;0.05555555555555555;228648;3506552.3392999982;0.05555556302424669;246;0.0
Meta_943;156387;3531595.9014666663;0.1111111111111111;177656;3388709.5565000004;0.11111166292356506;215;0.0
Meta_944;156387;3531595.9014666663;0.16666666666666666;161688;3393299.2710000006;0.16641531023163517;118;0.0
Meta_945;156387;3531595.9014666663;0.2222222222222222;173470;2532550.990500001;0.2222229271304552;77;0.0
Meta_946;156387;3531595.9014666663;0.2777777777777778;160849;2854947.334100001;0.2774197227607148;148;0.0
Meta_947;156387;3531595.9014666663;0.3333333333333333;156692;0.0;0.3175346966122841;3;0.0
Meta_948;156387;3531595.9014666663;0.38888888888888884;156692;0.0;0.3175346966122841;3;0.0
Meta_949;156387;3531595.9014666663;0.4444444444444444;156692;0.0;0.3175346966122841;3;0.0
Meta_950;156387;3531595.9014666663;0.5;156692;0.0;0.3175346966122841;2;0.0
Meta_914;156387;882898.9753666666;0.16666666666666666;156397;96455.35320000004;0.2739443406677311;3600;1.0
Meta_915;156387;882898.9753666666;0.2222222222222222;159610;199099.55239999993;0.2943738239343974;3600;1.0
Meta_921;156387;1765797.9507333331;0.0;210494;1765793.7752999999;0.1260632779394832;3600;1.0
Meta_922;156387;1765797.9507333331;0.05555555555555555;207125;1751331.3391;0.1292562131753532;3600;1.0
Meta_923;156387;1765797.9507333331;0.1111111111111111;201925;1742527.209;0.13547605658522474;3600;1.0
Meta_954;156387;4414494.876833333;0.16666666666666666;156429;3206934.6112000034;0.1666619226206367;118;0.0
Meta_957;156387;4414494.876833333;0.3333333333333333;156692;0.0;0.3175346966122841;3;0.0
Meta_958;156387;4414494.876833333;0.38888888888888884;156692;0.0;0.3175346966122841;3;0.0
Meta_959;156387;4414494.876833333;0.4444444444444444;156692;0.0;0.3175346966122841;3;0.0
Meta_960;156387;4414494.876833333;0.5;156692;0.0;0.3175346966122841;3;0.0
Meta_955;156387;4414494.876833333;0.2222222222222222;172266;4411304.058300003;0.22221440235814363;144;0.0
Meta_956;156387;4414494.876833333;0.2777777777777778;162133;2923492.9351;0.27756869688995167;168;0.0
Meta_953;156387;4414494.876833333;0.1111111111111111;239615;3678761.0393999997;0.11111265910696642;454;0.0
Meta_963;156387;5297393.8522;0.1111111111111111;170590;2938577.7584000025;0.1009645502911317;201;0.0
Meta_965;156387;5297393.8522;0.2222222222222222;163346;3496642.9691999997;0.21937242259477677;202;0.0
Meta_931;156387;2648696.9261;0.0;207202;2496048.1640999992;0.13501557888837057;3600;1.0
Meta_932;156387;2648696.9261;0.05555555555555555;227769;2492901.073000001;0.08289290046486289;3600;1.0
Meta_967;156387;5297393.8522;0.3333333333333333;156692;0.0;0.3175346966122841;3;0.0
Meta_968;156387;5297393.8522;0.38888888888888884;156692;0.0;0.3175346966122841;3;0.0
Meta_969;156387;5297393.8522;0.4444444444444444;156692;0.0;0.3175346966122841;3;0.0
Meta_970;156387;5297393.8522;0.5;156692;0.0;0.3175346966122841;3;0.0
Meta_966;156387;5297393.8522;0.2777777777777778;156657;2181046.498600001;0.27633670293186996;146;0.0
Meta_933;156387;2648696.9261;0.1111111111111111;212433;2625277.7754000006;0.17996888238185837;3600;1.0
Meta_972;156387;6180292.827566666;0.05555555555555555;212342;4212145.523100003;0.051281995514086534;214;0.0
Meta_974;156387;6180292.827566666;0.16666666666666666;160469;4169951.5481000002;0.16666321218088362;228;0.0
Meta_973;156387;6180292.827566666;0.1111111111111111;202067;5007093.073899999;0.11111115006564587;337;0.0
Meta_975;156387;6180292.827566666;0.2222222222222222;162404;4480568.307700001;0.2177784158597096;129;0.0
Meta_977;156387;6180292.827566666;0.3333333333333333;156692;0.0;0.3175346966122841;3;0.0
Meta_964;156387;5297393.8522;0.16666666666666666;178780;3233652.8265000004;0.16666258560970384;742;0.0
Meta_978;156387;6180292.827566666;0.38888888888888884;156692;0.0;0.3175346966122841;3;0.0
Meta_979;156387;6180292.827566666;0.4444444444444444;156692;0.0;0.3175346966122841;3;0.0
Meta_980;156387;6180292.827566666;0.5;156692;0.0;0.3175346966122841;3;0.0
Meta_976;156387;6180292.827566666;0.2777777777777778;157949;2263105.9075000007;0.27565757960290715;157;0.0
Meta_983;156387;7063191.8029333325;0.1111111111111111;200081;4632667.550800001;0.1111040920871536;124;0.0
Meta_941;156387;3531595.9014666663;0.0;242789;3250866.2204000005;0.032042023454438684;3600;1.0
Meta_985;156387;7063191.8029333325;0.2222222222222222;156387;3379168.2635000013;0.2193836972412281;226;0.0
Meta_987;156387;7063191.8029333325;0.3333333333333333;156692;0.0;0.3175346966122841;3;0.0
Meta_984;156387;7063191.8029333325;0.16666666666666666;176792;4028621.8316999977;0.16666541584987082;264;0.0
Meta_986;156387;7063191.8029333325;0.2777777777777778;160358;2293317.7663000007;0.27777129108581244;153;0.0
Meta_988;156387;7063191.8029333325;0.38888888888888884;156692;0.0;0.3175346966122841;3;0.0
Meta_989;156387;7063191.8029333325;0.4444444444444444;156692;0.0;0.3175346966122841;2;0.0
Meta_990;156387;7063191.8029333325;0.5;156692;0.0;0.3175346966122841;3;0.0
Meta_993;156387;7946090.778299999;0.1111111111111111;213198;3676023.2295999993;0.11111249321686985;328;0.0
Meta_994;156387;7946090.778299999;0.16666666666666666;156394;3188956.660699999;0.1648949126465476;185;0.0
Meta_995;156387;7946090.778299999;0.2222222222222222;158973;3184224.2942;0.2222228746699351;100;0.0
Meta_951;156387;4414494.876833333;0.0;247883;4136608.6487999996;0.02200959730123043;3600;1.0
Meta_997;156387;7946090.778299999;0.3333333333333333;156692;0.0;0.3175346966122841;3;0.0
Meta_998;156387;7946090.778299999;0.38888888888888884;156692;0.0;0.3175346966122841;3;0.0
Meta_999;156387;7946090.778299999;0.4444444444444444;156692;0.0;0.3175346966122841;4;0.0
Meta_1000;156387;7946090.778299999;0.5;156692;0.0;0.3175346966122841;3;0.0
Meta_996;156387;7946090.778299999;0.2777777777777778;156387;2545211.9149;0.27777745185943337;165;0.0
Meta_952;156387;4414494.876833333;0.05555555555555555;209142;4372343.026099998;0.10205117060697434;3600;1.0
Meta_961;156387;5297393.8522;0.0;241466;2924893.155400004;0.11817952681692939;3600;1.0
Meta_962;156387;5297393.8522;0.05555555555555555;219524;5133480.1324;0.08585901204639469;3600;1.0
Meta_971;156387;6180292.827566666;0.0;222241;3967193.3455999997;0.1374758690405646;3600;1.0
Meta_981;156387;7063191.8029333325;0.0;256901;3912455.2374999993;0.0;3347;0.0
Meta_982;156387;7063191.8029333325;0.05555555555555555;202064;6054360.4869;0.12999608969141466;3600;1.0
Meta_991;156387;7946090.778299999;0.0;256901;4771062.031200001;0.0;3285;0.0
Meta_992;156387;7946090.778299999;0.05555555555555555;185304;3443327.9370000004;0.20946776939502768;3600;1.0
