Goal_1;217000;0.0;0.0;217000;0.0;0.0;0;0.0
Goal_3;217000;0.0;0.1111111111111111;217000;0.0;0.0;0;0.0
Goal_4;217000;0.0;0.16666666666666666;217000;0.0;0.0;0;0.0
Goal_2;217000;0.0;0.05555555555555555;217000;0.0;0.0;0;0.0
Goal_5;217000;0.0;0.2222222222222222;217000;0.0;0.0;0;0.0
Goal_6;217000;0.0;0.2777777777777778;217000;0.0;0.0;0;0.0
Goal_7;217000;0.0;0.3333333333333333;217000;0.0;0.0;0;0.0
Goal_10;217000;0.0;0.5;217000;0.0;0.0;0;0.0
Goal_8;217000;0.0;0.38888888888888884;217000;0.0;0.0;0;0.0
Goal_9;217000;0.0;0.4444444444444444;217000;0.0;0.0;0;0.0
Goal_12;217000;0.0;0.05555555555555555;217000;0.0;0.0;0;0.0
Goal_11;217000;0.0;0.0;217000;0.0;0.0;0;0.0
Goal_13;217000;0.0;0.1111111111111111;217000;0.0;0.0;0;0.0
Goal_16;217000;0.0;0.2777777777777778;217000;0.0;0.0;0;0.0
Goal_15;217000;0.0;0.2222222222222222;217000;0.0;0.0;0;0.0
Goal_14;217000;0.0;0.16666666666666666;217000;0.0;0.0;0;0.0
Goal_17;217000;0.0;0.3333333333333333;217000;0.0;0.0;0;0.0
Goal_19;217000;0.0;0.4444444444444444;217000;0.0;0.0;0;0.0
Goal_18;217000;0.0;0.38888888888888884;217000;0.0;0.0;0;0.0
Goal_20;217000;0.0;0.5;217000;0.0;0.0;0;0.0
Goal_21;217000;0.0;0.0;217000;0.0;0.0;0;0.0
Goal_22;217000;0.0;0.05555555555555555;217000;0.0;0.0;0;0.0
Goal_24;217000;0.0;0.16666666666666666;217000;0.0;0.0;0;0.0
Goal_23;217000;0.0;0.1111111111111111;217000;0.0;0.0;0;0.0
Goal_25;217000;0.0;0.2222222222222222;217000;0.0;0.0;0;0.0
Goal_26;217000;0.0;0.2777777777777778;217000;0.0;0.0;0;0.0
Goal_27;217000;0.0;0.3333333333333333;217000;0.0;0.0;0;0.0
Goal_28;217000;0.0;0.38888888888888884;217000;0.0;0.0;0;0.0
Goal_29;217000;0.0;0.4444444444444444;217000;0.0;0.0;0;0.0
Goal_31;217000;0.0;0.0;217000;0.0;0.0;0;0.0
Goal_30;217000;0.0;0.5;217000;0.0;0.0;0;0.0
Goal_33;217000;0.0;0.1111111111111111;217000;0.0;0.0;0;0.0
Goal_32;217000;0.0;0.05555555555555555;217000;0.0;0.0;0;0.0
Goal_34;217000;0.0;0.16666666666666666;217000;0.0;0.0;0;0.0
Goal_35;217000;0.0;0.2222222222222222;217000;0.0;0.0;0;0.0
Goal_37;217000;0.0;0.3333333333333333;217000;0.0;0.0;0;0.0
Goal_36;217000;0.0;0.2777777777777778;217000;0.0;0.0;0;0.0
Goal_40;217000;0.0;0.5;217000;0.0;0.0;0;0.0
Goal_39;217000;0.0;0.4444444444444444;217000;0.0;0.0;0;0.0
Goal_38;217000;0.0;0.38888888888888884;217000;0.0;0.0;0;0.0
Goal_41;217000;0.0;0.0;217000;0.0;0.0;0;0.0
Goal_42;217000;0.0;0.05555555555555555;217000;0.0;0.0;0;0.0
Goal_43;217000;0.0;0.1111111111111111;217000;0.0;0.0;0;0.0
Goal_44;217000;0.0;0.16666666666666666;217000;0.0;0.0;0;0.0
Goal_45;217000;0.0;0.2222222222222222;217000;0.0;0.0;0;0.0
Goal_46;217000;0.0;0.2777777777777778;217000;0.0;0.0;0;0.0
Goal_47;217000;0.0;0.3333333333333333;217000;0.0;0.0;0;0.0
Goal_48;217000;0.0;0.38888888888888884;217000;0.0;0.0;0;0.0
Goal_49;217000;0.0;0.4444444444444444;217000;0.0;0.0;0;0.0
Goal_51;217000;0.0;0.0;217000;0.0;0.0;0;0.0
Goal_52;217000;0.0;0.05555555555555555;217000;0.0;0.0;0;0.0
Goal_50;217000;0.0;0.5;217000;0.0;0.0;0;0.0
Goal_54;217000;0.0;0.16666666666666666;217000;0.0;0.0;0;0.0
Goal_55;217000;0.0;0.2222222222222222;217000;0.0;0.0;0;0.0
Goal_53;217000;0.0;0.1111111111111111;217000;0.0;0.0;0;0.0
Goal_58;217000;0.0;0.38888888888888884;217000;0.0;0.0;0;0.0
Goal_56;217000;0.0;0.2777777777777778;217000;0.0;0.0;0;0.0
Goal_57;217000;0.0;0.3333333333333333;217000;0.0;0.0;0;0.0
Goal_60;217000;0.0;0.5;217000;0.0;0.0;0;0.0
Goal_59;217000;0.0;0.4444444444444444;217000;0.0;0.0;0;0.0
Goal_61;217000;0.0;0.0;217000;0.0;0.0;0;0.0
Goal_63;217000;0.0;0.1111111111111111;217000;0.0;0.0;0;0.0
Goal_62;217000;0.0;0.05555555555555555;217000;0.0;0.0;0;0.0
Goal_64;217000;0.0;0.16666666666666666;217000;0.0;0.0;0;0.0
Goal_66;217000;0.0;0.2777777777777778;217000;0.0;0.0;0;0.0
Goal_67;217000;0.0;0.3333333333333333;217000;0.0;0.0;0;0.0
Goal_65;217000;0.0;0.2222222222222222;217000;0.0;0.0;0;0.0
Goal_69;217000;0.0;0.4444444444444444;217000;0.0;0.0;0;0.0
Goal_68;217000;0.0;0.38888888888888884;217000;0.0;0.0;0;0.0
Goal_70;217000;0.0;0.5;217000;0.0;0.0;0;0.0
Goal_71;217000;0.0;0.0;217000;0.0;0.0;0;0.0
Goal_73;217000;0.0;0.1111111111111111;217000;0.0;0.0;0;0.0
Goal_72;217000;0.0;0.05555555555555555;217000;0.0;0.0;0;0.0
Goal_75;217000;0.0;0.2222222222222222;217000;0.0;0.0;0;0.0
Goal_74;217000;0.0;0.16666666666666666;217000;0.0;0.0;0;0.0
Goal_76;217000;0.0;0.2777777777777778;217000;0.0;0.0;0;0.0
Goal_77;217000;0.0;0.3333333333333333;217000;0.0;0.0;0;0.0
Goal_79;217000;0.0;0.4444444444444444;217000;0.0;0.0;0;0.0
Goal_78;217000;0.0;0.38888888888888884;217000;0.0;0.0;0;0.0
Goal_80;217000;0.0;0.5;217000;0.0;0.0;0;0.0
Goal_82;217000;0.0;0.05555555555555555;217000;0.0;0.0;0;0.0
Goal_81;217000;0.0;0.0;217000;0.0;0.0;0;0.0
Goal_83;217000;0.0;0.1111111111111111;217000;0.0;0.0;0;0.0
Goal_85;217000;0.0;0.2222222222222222;217000;0.0;0.0;0;0.0
Goal_84;217000;0.0;0.16666666666666666;217000;0.0;0.0;0;0.0
Goal_86;217000;0.0;0.2777777777777778;217000;0.0;0.0;0;0.0
Goal_88;217000;0.0;0.38888888888888884;217000;0.0;0.0;0;0.0
Goal_87;217000;0.0;0.3333333333333333;217000;0.0;0.0;0;0.0
Goal_90;217000;0.0;0.5;217000;0.0;0.0;0;0.0
Goal_89;217000;0.0;0.4444444444444444;217000;0.0;0.0;0;0.0
Goal_91;217000;0.0;0.0;217000;0.0;0.0;0;0.0
Goal_94;217000;0.0;0.16666666666666666;217000;0.0;0.0;0;0.0
Goal_93;217000;0.0;0.1111111111111111;217000;0.0;0.0;0;0.0
Goal_92;217000;0.0;0.05555555555555555;217000;0.0;0.0;0;0.0
Goal_97;217000;0.0;0.3333333333333333;217000;0.0;0.0;0;0.0
Goal_95;217000;0.0;0.2222222222222222;217000;0.0;0.0;0;0.0
Goal_96;217000;0.0;0.2777777777777778;217000;0.0;0.0;0;0.0
Goal_99;217000;0.0;0.4444444444444444;217000;0.0;0.0;0;0.0
Goal_98;217000;0.0;0.38888888888888884;217000;0.0;0.0;0;0.0
Goal_100;217000;0.0;0.5;217000;0.0;0.0;0;0.0
Goal_103;217000;0.0;0.1111111111111111;217000;0.0;0.0;0;0.0
Goal_101;217000;0.0;0.0;217000;0.0;0.0;0;0.0
Goal_102;217000;0.0;0.05555555555555555;217000;0.0;0.0;0;0.0
Goal_105;217000;0.0;0.2222222222222222;217000;0.0;0.0;0;0.0
Goal_104;217000;0.0;0.16666666666666666;217000;0.0;0.0;0;0.0
Goal_106;217000;0.0;0.2777777777777778;217000;0.0;0.0;0;0.0
Goal_107;217000;0.0;0.3333333333333333;217000;0.0;0.0;0;0.0
Goal_109;217000;0.0;0.4444444444444444;217000;0.0;0.0;0;0.0
Goal_108;217000;0.0;0.38888888888888884;217000;0.0;0.0;0;0.0
Goal_110;217000;0.0;0.5;217000;0.0;0.0;0;0.0
Goal_111;217000;0.0;0.0;217000;0.0;0.0;0;0.0
Goal_112;217000;0.0;0.05555555555555555;217000;0.0;0.0;0;0.0
Goal_113;217000;0.0;0.1111111111111111;217000;0.0;0.0;0;0.0
Goal_114;217000;0.0;0.16666666666666666;217000;0.0;0.0;0;0.0
Goal_115;217000;0.0;0.2222222222222222;217000;0.0;0.0;0;0.0
Goal_116;217000;0.0;0.2777777777777778;217000;0.0;0.0;0;0.0
Goal_117;217000;0.0;0.3333333333333333;217000;0.0;0.0;0;0.0
Goal_118;217000;0.0;0.38888888888888884;217000;0.0;0.0;0;0.0
Goal_121;217000;0.0;0.0;217000;0.0;0.0;0;0.0
Goal_120;217000;0.0;0.5;217000;0.0;0.0;0;0.0
Goal_119;217000;0.0;0.4444444444444444;217000;0.0;0.0;0;0.0
Goal_122;217000;0.0;0.05555555555555555;217000;0.0;0.0;0;0.0
Goal_123;217000;0.0;0.1111111111111111;217000;0.0;0.0;0;0.0
Goal_124;217000;0.0;0.16666666666666666;217000;0.0;0.0;0;0.0
Goal_125;217000;0.0;0.2222222222222222;217000;0.0;0.0;0;0.0
Goal_127;217000;0.0;0.3333333333333333;217000;0.0;0.0;0;0.0
Goal_126;217000;0.0;0.2777777777777778;217000;0.0;0.0;0;0.0
Goal_129;217000;0.0;0.4444444444444444;217000;0.0;0.0;0;0.0
Goal_128;217000;0.0;0.38888888888888884;217000;0.0;0.0;0;0.0
Goal_130;217000;0.0;0.5;217000;0.0;0.0;0;0.0
Goal_131;217000;0.0;0.0;217000;0.0;0.0;0;0.0
Goal_133;217000;0.0;0.1111111111111111;217000;0.0;0.0;0;0.0
Goal_132;217000;0.0;0.05555555555555555;217000;0.0;0.0;0;0.0
Goal_135;217000;0.0;0.2222222222222222;217000;0.0;0.0;0;0.0
Goal_134;217000;0.0;0.16666666666666666;217000;0.0;0.0;0;0.0
Goal_136;217000;0.0;0.2777777777777778;217000;0.0;0.0;0;0.0
Goal_137;217000;0.0;0.3333333333333333;217000;0.0;0.0;0;0.0
Goal_139;217000;0.0;0.4444444444444444;217000;0.0;0.0;0;0.0
Goal_138;217000;0.0;0.38888888888888884;217000;0.0;0.0;0;0.0
Goal_141;217000;0.0;0.0;217000;0.0;0.0;0;0.0
Goal_142;217000;0.0;0.05555555555555555;217000;0.0;0.0;0;0.0
Goal_140;217000;0.0;0.5;217000;0.0;0.0;0;0.0
Goal_144;217000;0.0;0.16666666666666666;217000;0.0;0.0;0;0.0
Goal_143;217000;0.0;0.1111111111111111;217000;0.0;0.0;0;0.0
Goal_145;217000;0.0;0.2222222222222222;217000;0.0;0.0;0;0.0
Goal_147;217000;0.0;0.3333333333333333;217000;0.0;0.0;0;0.0
Goal_148;217000;0.0;0.38888888888888884;217000;0.0;0.0;0;0.0
Goal_146;217000;0.0;0.2777777777777778;217000;0.0;0.0;0;0.0
Goal_149;217000;0.0;0.4444444444444444;217000;0.0;0.0;0;0.0
Goal_150;217000;0.0;0.5;217000;0.0;0.0;0;0.0
Goal_151;217000;0.0;0.0;217000;0.0;0.0;0;0.0
Goal_154;217000;0.0;0.16666666666666666;217000;0.0;0.0;0;0.0
Goal_152;217000;0.0;0.05555555555555555;217000;0.0;0.0;0;0.0
Goal_153;217000;0.0;0.1111111111111111;217000;0.0;0.0;0;0.0
Goal_155;217000;0.0;0.2222222222222222;217000;0.0;0.0;0;0.0
Goal_156;217000;0.0;0.2777777777777778;217000;0.0;0.0;0;0.0
Goal_157;217000;0.0;0.3333333333333333;217000;0.0;0.0;0;0.0
Goal_158;217000;0.0;0.38888888888888884;217000;0.0;0.0;0;0.0
Goal_159;217000;0.0;0.4444444444444444;217000;0.0;0.0;0;0.0
Goal_160;217000;0.0;0.5;217000;0.0;0.0;0;0.0
Goal_161;217000;0.0;0.0;217000;0.0;0.0;0;0.0
Goal_163;217000;0.0;0.1111111111111111;217000;0.0;0.0;0;0.0
Goal_162;217000;0.0;0.05555555555555555;217000;0.0;0.0;0;0.0
Goal_164;217000;0.0;0.16666666666666666;217000;0.0;0.0;0;0.0
Goal_165;217000;0.0;0.2222222222222222;217000;0.0;0.0;0;0.0
Goal_166;217000;0.0;0.2777777777777778;217000;0.0;0.0;0;0.0
Goal_167;217000;0.0;0.3333333333333333;217000;0.0;0.0;0;0.0
Goal_168;217000;0.0;0.38888888888888884;217000;0.0;0.0;0;0.0
Goal_169;217000;0.0;0.4444444444444444;217000;0.0;0.0;0;0.0
Goal_171;217000;0.0;0.0;217000;0.0;0.0;0;0.0
Goal_170;217000;0.0;0.5;217000;0.0;0.0;0;0.0
Goal_172;217000;0.0;0.05555555555555555;217000;0.0;0.0;0;0.0
Goal_174;217000;0.0;0.16666666666666666;217000;0.0;0.0;0;0.0
Goal_173;217000;0.0;0.1111111111111111;217000;0.0;0.0;0;0.0
Goal_175;217000;0.0;0.2222222222222222;217000;0.0;0.0;0;0.0
Goal_177;217000;0.0;0.3333333333333333;217000;0.0;0.0;0;0.0
Goal_176;217000;0.0;0.2777777777777778;217000;0.0;0.0;0;0.0
Goal_178;217000;0.0;0.38888888888888884;217000;0.0;0.0;0;0.0
Goal_179;217000;0.0;0.4444444444444444;217000;0.0;0.0;0;0.0
Goal_180;217000;0.0;0.5;217000;0.0;0.0;0;0.0
Goal_181;217000;0.0;0.0;217000;0.0;0.0;0;0.0
Goal_184;217000;0.0;0.16666666666666666;217000;0.0;0.0;0;0.0
Goal_182;217000;0.0;0.05555555555555555;217000;0.0;0.0;0;0.0
Goal_183;217000;0.0;0.1111111111111111;217000;0.0;0.0;0;0.0
Goal_186;217000;0.0;0.2777777777777778;217000;0.0;0.0;0;0.0
Goal_185;217000;0.0;0.2222222222222222;217000;0.0;0.0;0;0.0
Goal_187;217000;0.0;0.3333333333333333;217000;0.0;0.0;0;0.0
Goal_188;217000;0.0;0.38888888888888884;217000;0.0;0.0;0;0.0
Goal_189;217000;0.0;0.4444444444444444;217000;0.0;0.0;0;0.0
Goal_190;217000;0.0;0.5;217000;0.0;0.0;0;0.0
Goal_193;217000;0.0;0.1111111111111111;217000;0.0;0.0;0;0.0
Goal_191;217000;0.0;0.0;217000;0.0;0.0;0;0.0
Goal_192;217000;0.0;0.05555555555555555;217000;0.0;0.0;0;0.0
Goal_194;217000;0.0;0.16666666666666666;217000;0.0;0.0;0;0.0
Goal_195;217000;0.0;0.2222222222222222;217000;0.0;0.0;0;0.0
Goal_196;217000;0.0;0.2777777777777778;217000;0.0;0.0;0;0.0
Goal_198;217000;0.0;0.38888888888888884;217000;0.0;0.0;0;0.0
Goal_197;217000;0.0;0.3333333333333333;217000;0.0;0.0;0;0.0
Goal_199;217000;0.0;0.4444444444444444;217000;0.0;0.0;0;0.0
Goal_200;217000;0.0;0.5;217000;0.0;0.0;0;0.0
Goal_201;217000;0.0;0.0;217000;0.0;0.0;0;0.0
Goal_202;217000;0.0;0.05555555555555555;217000;0.0;0.0;0;0.0
Goal_203;217000;0.0;0.1111111111111111;217000;0.0;0.0;0;0.0
Goal_205;217000;0.0;0.2222222222222222;217000;0.0;0.0;0;0.0
Goal_204;217000;0.0;0.16666666666666666;217000;0.0;0.0;0;0.0
Goal_208;217000;0.0;0.38888888888888884;217000;0.0;0.0;0;0.0
Goal_207;217000;0.0;0.3333333333333333;217000;0.0;0.0;0;0.0
Goal_206;217000;0.0;0.2777777777777778;217000;0.0;0.0;0;0.0
Goal_211;217000;0.0;0.0;217000;0.0;0.0;0;0.0
Goal_209;217000;0.0;0.4444444444444444;217000;0.0;0.0;0;0.0
Goal_210;217000;0.0;0.5;217000;0.0;0.0;0;0.0
Goal_212;217000;0.0;0.05555555555555555;217000;0.0;0.0;0;0.0
Goal_213;217000;0.0;0.1111111111111111;217000;0.0;0.0;0;0.0
Goal_214;217000;0.0;0.16666666666666666;217000;0.0;0.0;0;0.0
Goal_216;217000;0.0;0.2777777777777778;217000;0.0;0.0;0;0.0
Goal_215;217000;0.0;0.2222222222222222;217000;0.0;0.0;0;0.0
Goal_217;217000;0.0;0.3333333333333333;217000;0.0;0.0;0;0.0
Goal_219;217000;0.0;0.4444444444444444;217000;0.0;0.0;0;0.0
Goal_218;217000;0.0;0.38888888888888884;217000;0.0;0.0;0;0.0
Goal_220;217000;0.0;0.5;217000;0.0;0.0;0;0.0
Goal_221;217000;0.0;0.0;217000;0.0;0.0;0;0.0
Goal_223;217000;0.0;0.1111111111111111;217000;0.0;0.0;0;0.0
Goal_222;217000;0.0;0.05555555555555555;217000;0.0;0.0;0;0.0
Goal_226;217000;0.0;0.2777777777777778;217000;0.0;0.0;0;0.0
Goal_225;217000;0.0;0.2222222222222222;217000;0.0;0.0;0;0.0
Goal_224;217000;0.0;0.16666666666666666;217000;0.0;0.0;0;0.0
Goal_227;217000;0.0;0.3333333333333333;217000;0.0;0.0;0;0.0
Goal_228;217000;0.0;0.38888888888888884;217000;0.0;0.0;0;0.0
Goal_229;217000;0.0;0.4444444444444444;217000;0.0;0.0;0;0.0
Goal_231;217000;0.0;0.0;217000;0.0;0.0;0;0.0
Goal_230;217000;0.0;0.5;217000;0.0;0.0;0;0.0
Goal_232;217000;0.0;0.05555555555555555;217000;0.0;0.0;0;0.0
Goal_233;217000;0.0;0.1111111111111111;217000;0.0;0.0;0;0.0
Goal_234;217000;0.0;0.16666666666666666;217000;0.0;0.0;0;0.0
Goal_235;217000;0.0;0.2222222222222222;217000;0.0;0.0;0;0.0
Goal_237;217000;0.0;0.3333333333333333;217000;0.0;0.0;0;0.0
Goal_236;217000;0.0;0.2777777777777778;217000;0.0;0.0;0;0.0
Goal_238;217000;0.0;0.38888888888888884;217000;0.0;0.0;0;0.0
Goal_241;217000;0.0;0.0;217000;0.0;0.0;0;0.0
Goal_239;217000;0.0;0.4444444444444444;217000;0.0;0.0;0;0.0
Goal_240;217000;0.0;0.5;217000;0.0;0.0;0;0.0
Goal_242;217000;0.0;0.05555555555555555;217000;0.0;0.0;0;0.0
Goal_244;217000;0.0;0.16666666666666666;217000;0.0;0.0;0;0.0
Goal_243;217000;0.0;0.1111111111111111;217000;0.0;0.0;0;0.0
Goal_245;217000;0.0;0.2222222222222222;217000;0.0;0.0;0;0.0
Goal_246;217000;0.0;0.2777777777777778;217000;0.0;0.0;0;0.0
Goal_247;217000;0.0;0.3333333333333333;217000;0.0;0.0;0;0.0
Goal_248;217000;0.0;0.38888888888888884;217000;0.0;0.0;0;0.0
Goal_249;217000;0.0;0.4444444444444444;217000;0.0;0.0;0;0.0
Goal_250;217000;0.0;0.5;217000;0.0;0.0;0;0.0
Goal_251;217000;0.0;0.0;217000;0.0;0.0;0;0.0
Goal_253;217000;0.0;0.1111111111111111;217000;0.0;0.0;0;0.0
Goal_252;217000;0.0;0.05555555555555555;217000;0.0;0.0;0;0.0
Goal_254;217000;0.0;0.16666666666666666;217000;0.0;0.0;0;0.0
Goal_255;217000;0.0;0.2222222222222222;217000;0.0;0.0;0;0.0
Goal_256;217000;0.0;0.2777777777777778;217000;0.0;0.0;0;0.0
Goal_259;217000;0.0;0.4444444444444444;217000;0.0;0.0;0;0.0
Goal_258;217000;0.0;0.38888888888888884;217000;0.0;0.0;0;0.0
Goal_257;217000;0.0;0.3333333333333333;217000;0.0;0.0;0;0.0
Goal_260;217000;0.0;0.5;217000;0.0;0.0;0;0.0
Goal_261;217000;0.0;0.0;217000;0.0;0.0;0;0.0
Goal_262;217000;0.0;0.05555555555555555;217000;0.0;0.0;0;0.0
Goal_265;217000;0.0;0.2222222222222222;217000;0.0;0.0;0;0.0
Goal_264;217000;0.0;0.16666666666666666;217000;0.0;0.0;0;0.0
Goal_263;217000;0.0;0.1111111111111111;217000;0.0;0.0;0;0.0
Goal_266;217000;0.0;0.2777777777777778;217000;0.0;0.0;0;0.0
Goal_268;217000;0.0;0.38888888888888884;217000;0.0;0.0;0;0.0
Goal_267;217000;0.0;0.3333333333333333;217000;0.0;0.0;0;0.0
Goal_270;217000;0.0;0.5;217000;0.0;0.0;0;0.0
Goal_271;217000;0.0;0.0;217000;0.0;0.0;0;0.0
Goal_269;217000;0.0;0.4444444444444444;217000;0.0;0.0;0;0.0
Goal_272;217000;0.0;0.05555555555555555;217000;0.0;0.0;0;0.0
Goal_274;217000;0.0;0.16666666666666666;217000;0.0;0.0;0;0.0
Goal_273;217000;0.0;0.1111111111111111;217000;0.0;0.0;0;0.0
Goal_275;217000;0.0;0.2222222222222222;217000;0.0;0.0;0;0.0
Goal_276;217000;0.0;0.2777777777777778;217000;0.0;0.0;0;0.0
Goal_277;217000;0.0;0.3333333333333333;217000;0.0;0.0;0;0.0
Goal_280;217000;0.0;0.5;217000;0.0;0.0;0;0.0
Goal_278;217000;0.0;0.38888888888888884;217000;0.0;0.0;0;0.0
Goal_279;217000;0.0;0.4444444444444444;217000;0.0;0.0;0;0.0
Goal_281;217000;0.0;0.0;217000;0.0;0.0;0;0.0
Goal_282;217000;0.0;0.05555555555555555;217000;0.0;0.0;0;0.0
Goal_283;217000;0.0;0.1111111111111111;217000;0.0;0.0;0;0.0
Goal_285;217000;0.0;0.2222222222222222;217000;0.0;0.0;0;0.0
Goal_286;217000;0.0;0.2777777777777778;217000;0.0;0.0;0;0.0
Goal_284;217000;0.0;0.16666666666666666;217000;0.0;0.0;0;0.0
Goal_288;217000;0.0;0.38888888888888884;217000;0.0;0.0;0;0.0
Goal_289;217000;0.0;0.4444444444444444;217000;0.0;0.0;0;0.0
Goal_287;217000;0.0;0.3333333333333333;217000;0.0;0.0;0;0.0
Goal_291;217000;0.0;0.0;217000;0.0;0.0;0;0.0
Goal_290;217000;0.0;0.5;217000;0.0;0.0;0;0.0
Goal_292;217000;0.0;0.05555555555555555;217000;0.0;0.0;0;0.0
Goal_293;217000;0.0;0.1111111111111111;217000;0.0;0.0;0;0.0
Goal_295;217000;0.0;0.2222222222222222;217000;0.0;0.0;0;0.0
Goal_294;217000;0.0;0.16666666666666666;217000;0.0;0.0;0;0.0
Goal_297;217000;0.0;0.3333333333333333;217000;0.0;0.0;0;0.0
Goal_298;217000;0.0;0.38888888888888884;217000;0.0;0.0;0;0.0
Goal_296;217000;0.0;0.2777777777777778;217000;0.0;0.0;0;0.0
Goal_299;217000;0.0;0.4444444444444444;217000;0.0;0.0;0;0.0
Goal_300;217000;0.0;0.5;217000;0.0;0.0;0;0.0
Goal_301;217000;0.0;0.0;217000;0.0;0.0;0;0.0
Goal_302;217000;0.0;0.05555555555555555;217000;0.0;0.0;0;0.0
Goal_303;217000;0.0;0.1111111111111111;217000;0.0;0.0;0;0.0
Goal_304;217000;0.0;0.16666666666666666;217000;0.0;0.0;0;0.0
Goal_305;217000;0.0;0.2222222222222222;217000;0.0;0.0;0;0.0
Goal_306;217000;0.0;0.2777777777777778;217000;0.0;0.0;0;0.0
Goal_307;217000;0.0;0.3333333333333333;217000;0.0;0.0;0;0.0
Goal_308;217000;0.0;0.38888888888888884;217000;0.0;0.0;0;0.0
Goal_310;217000;0.0;0.5;217000;0.0;0.0;0;0.0
Goal_309;217000;0.0;0.4444444444444444;217000;0.0;0.0;0;0.0
Goal_313;217000;0.0;0.1111111111111111;217000;0.0;0.0;0;0.0
Goal_312;217000;0.0;0.05555555555555555;217000;0.0;0.0;0;0.0
Goal_311;217000;0.0;0.0;217000;0.0;0.0;0;0.0
Goal_315;217000;0.0;0.2222222222222222;217000;0.0;0.0;0;0.0
Goal_316;217000;0.0;0.2777777777777778;217000;0.0;0.0;0;0.0
Goal_314;217000;0.0;0.16666666666666666;217000;0.0;0.0;0;0.0
Goal_318;217000;0.0;0.38888888888888884;217000;0.0;0.0;0;0.0
Goal_317;217000;0.0;0.3333333333333333;217000;0.0;0.0;0;0.0
Goal_319;217000;0.0;0.4444444444444444;217000;0.0;0.0;0;0.0
Goal_320;217000;0.0;0.5;217000;0.0;0.0;0;0.0
Goal_322;217000;0.0;0.05555555555555555;217000;0.0;0.0;0;0.0
Goal_321;217000;0.0;0.0;217000;0.0;0.0;0;0.0
Goal_324;217000;0.0;0.16666666666666666;217000;0.0;0.0;0;0.0
Goal_325;217000;0.0;0.2222222222222222;217000;0.0;0.0;0;0.0
Goal_323;217000;0.0;0.1111111111111111;217000;0.0;0.0;0;0.0
Goal_328;217000;0.0;0.38888888888888884;217000;0.0;0.0;0;0.0
Goal_327;217000;0.0;0.3333333333333333;217000;0.0;0.0;0;0.0
Goal_326;217000;0.0;0.2777777777777778;217000;0.0;0.0;0;0.0
Goal_331;217000;0.0;0.0;217000;0.0;0.0;0;0.0
Goal_330;217000;0.0;0.5;217000;0.0;0.0;0;0.0
Goal_329;217000;0.0;0.4444444444444444;217000;0.0;0.0;0;0.0
Goal_332;217000;0.0;0.05555555555555555;217000;0.0;0.0;0;0.0
Goal_333;217000;0.0;0.1111111111111111;217000;0.0;0.0;0;0.0
Goal_334;217000;0.0;0.16666666666666666;217000;0.0;0.0;0;0.0
Goal_335;217000;0.0;0.2222222222222222;217000;0.0;0.0;0;0.0
Goal_337;217000;0.0;0.3333333333333333;217000;0.0;0.0;0;0.0
Goal_336;217000;0.0;0.2777777777777778;217000;0.0;0.0;0;0.0
Goal_340;217000;0.0;0.5;217000;0.0;0.0;0;0.0
Goal_339;217000;0.0;0.4444444444444444;217000;0.0;0.0;0;0.0
Goal_338;217000;0.0;0.38888888888888884;217000;0.0;0.0;0;0.0
Goal_341;217000;0.0;0.0;217000;0.0;0.0;0;0.0
Goal_343;217000;0.0;0.1111111111111111;217000;0.0;0.0;0;0.0
Goal_342;217000;0.0;0.05555555555555555;217000;0.0;0.0;0;0.0
Goal_345;217000;0.0;0.2222222222222222;217000;0.0;0.0;0;0.0
Goal_344;217000;0.0;0.16666666666666666;217000;0.0;0.0;0;0.0
Goal_346;217000;0.0;0.2777777777777778;217000;0.0;0.0;0;0.0
Goal_347;217000;0.0;0.3333333333333333;217000;0.0;0.0;0;0.0
Goal_349;217000;0.0;0.4444444444444444;217000;0.0;0.0;0;0.0
Goal_348;217000;0.0;0.38888888888888884;217000;0.0;0.0;0;0.0
Goal_350;217000;0.0;0.5;217000;0.0;0.0;0;0.0
Goal_352;217000;0.0;0.05555555555555555;217000;0.0;0.0;0;0.0
Goal_351;217000;0.0;0.0;217000;0.0;0.0;0;0.0
Goal_354;217000;0.0;0.16666666666666666;217000;0.0;0.0;0;0.0
Goal_353;217000;0.0;0.1111111111111111;217000;0.0;0.0;0;0.0
Goal_355;217000;0.0;0.2222222222222222;217000;0.0;0.0;0;0.0
Goal_357;217000;0.0;0.3333333333333333;217000;0.0;0.0;0;0.0
Goal_356;217000;0.0;0.2777777777777778;217000;0.0;0.0;0;0.0
Goal_358;217000;0.0;0.38888888888888884;217000;0.0;0.0;0;0.0
Goal_361;217000;0.0;0.0;217000;0.0;0.0;0;0.0
Goal_359;217000;0.0;0.4444444444444444;217000;0.0;0.0;0;0.0
Goal_360;217000;0.0;0.5;217000;0.0;0.0;0;0.0
Goal_364;217000;0.0;0.16666666666666666;217000;0.0;0.0;0;0.0
Goal_362;217000;0.0;0.05555555555555555;217000;0.0;0.0;0;0.0
Goal_363;217000;0.0;0.1111111111111111;217000;0.0;0.0;0;0.0
Goal_365;217000;0.0;0.2222222222222222;217000;0.0;0.0;0;0.0
Goal_367;217000;0.0;0.3333333333333333;217000;0.0;0.0;0;0.0
Goal_366;217000;0.0;0.2777777777777778;217000;0.0;0.0;0;0.0
Goal_368;217000;0.0;0.38888888888888884;217000;0.0;0.0;0;0.0
Goal_369;217000;0.0;0.4444444444444444;217000;0.0;0.0;0;0.0
Goal_370;217000;0.0;0.5;217000;0.0;0.0;0;0.0
Goal_373;217000;0.0;0.1111111111111111;217000;0.0;0.0;0;0.0
Goal_371;217000;0.0;0.0;217000;0.0;0.0;0;0.0
Goal_372;217000;0.0;0.05555555555555555;217000;0.0;0.0;0;0.0
Goal_375;217000;0.0;0.2222222222222222;217000;0.0;0.0;0;0.0
Goal_374;217000;0.0;0.16666666666666666;217000;0.0;0.0;0;0.0
Goal_376;217000;0.0;0.2777777777777778;217000;0.0;0.0;0;0.0
Goal_379;217000;0.0;0.4444444444444444;217000;0.0;0.0;0;0.0
Goal_378;217000;0.0;0.38888888888888884;217000;0.0;0.0;0;0.0
Goal_377;217000;0.0;0.3333333333333333;217000;0.0;0.0;0;0.0
Goal_381;217000;0.0;0.0;217000;0.0;0.0;0;0.0
Goal_380;217000;0.0;0.5;217000;0.0;0.0;0;0.0
Goal_382;217000;0.0;0.05555555555555555;217000;0.0;0.0;0;0.0
Goal_385;217000;0.0;0.2222222222222222;217000;0.0;0.0;0;0.0
Goal_383;217000;0.0;0.1111111111111111;217000;0.0;0.0;0;0.0
Goal_384;217000;0.0;0.16666666666666666;217000;0.0;0.0;0;0.0
Goal_386;217000;0.0;0.2777777777777778;217000;0.0;0.0;0;0.0
Goal_387;217000;0.0;0.3333333333333333;217000;0.0;0.0;0;0.0
Goal_388;217000;0.0;0.38888888888888884;217000;0.0;0.0;0;0.0
Goal_389;217000;0.0;0.4444444444444444;217000;0.0;0.0;0;0.0
Goal_390;217000;0.0;0.5;217000;0.0;0.0;0;0.0
Goal_391;217000;0.0;0.0;217000;0.0;0.0;0;0.0
Goal_393;217000;0.0;0.1111111111111111;217000;0.0;0.0;0;0.0
Goal_392;217000;0.0;0.05555555555555555;217000;0.0;0.0;0;0.0
Goal_394;217000;0.0;0.16666666666666666;217000;0.0;0.0;0;0.0
Goal_395;217000;0.0;0.2222222222222222;217000;0.0;0.0;0;0.0
Goal_396;217000;0.0;0.2777777777777778;217000;0.0;0.0;0;0.0
Goal_397;217000;0.0;0.3333333333333333;217000;0.0;0.0;0;0.0
Goal_399;217000;0.0;0.4444444444444444;217000;0.0;0.0;0;0.0
Goal_398;217000;0.0;0.38888888888888884;217000;0.0;0.0;0;0.0
Goal_400;217000;0.0;0.5;217000;0.0;0.0;0;0.0
Goal_401;217000;0.0;0.0;217000;0.0;0.0;0;0.0
Goal_402;217000;0.0;0.05555555555555555;217000;0.0;0.0;0;0.0
Goal_403;217000;0.0;0.1111111111111111;217000;0.0;0.0;0;0.0
Goal_405;217000;0.0;0.2222222222222222;217000;0.0;0.0;0;0.0
Goal_404;217000;0.0;0.16666666666666666;217000;0.0;0.0;0;0.0
Goal_406;217000;0.0;0.2777777777777778;217000;0.0;0.0;0;0.0
Goal_408;217000;0.0;0.38888888888888884;217000;0.0;0.0;0;0.0
Goal_409;217000;0.0;0.4444444444444444;217000;0.0;0.0;0;0.0
Goal_407;217000;0.0;0.3333333333333333;217000;0.0;0.0;0;0.0
Goal_412;217000;0.0;0.05555555555555555;217000;0.0;0.0;0;0.0
Goal_410;217000;0.0;0.5;217000;0.0;0.0;0;0.0
Goal_411;217000;0.0;0.0;217000;0.0;0.0;0;0.0
Goal_413;217000;0.0;0.1111111111111111;217000;0.0;0.0;0;0.0
Goal_414;217000;0.0;0.16666666666666666;217000;0.0;0.0;0;0.0
Goal_415;217000;0.0;0.2222222222222222;217000;0.0;0.0;0;0.0
Goal_416;217000;0.0;0.2777777777777778;217000;0.0;0.0;0;0.0
Goal_418;217000;0.0;0.38888888888888884;217000;0.0;0.0;0;0.0
Goal_417;217000;0.0;0.3333333333333333;217000;0.0;0.0;0;0.0
Goal_420;217000;0.0;0.5;217000;0.0;0.0;0;0.0
Goal_419;217000;0.0;0.4444444444444444;217000;0.0;0.0;0;0.0
Goal_421;217000;0.0;0.0;217000;0.0;0.0;0;0.0
Goal_422;217000;0.0;0.05555555555555555;217000;0.0;0.0;0;0.0
Goal_423;217000;0.0;0.1111111111111111;217000;0.0;0.0;0;0.0
Goal_424;217000;0.0;0.16666666666666666;217000;0.0;0.0;0;0.0
Goal_426;217000;0.0;0.2777777777777778;217000;0.0;0.0;0;0.0
Goal_427;217000;0.0;0.3333333333333333;217000;0.0;0.0;0;0.0
Goal_425;217000;0.0;0.2222222222222222;217000;0.0;0.0;0;0.0
Goal_430;217000;0.0;0.5;217000;0.0;0.0;0;0.0
Goal_428;217000;0.0;0.38888888888888884;217000;0.0;0.0;0;0.0
Goal_429;217000;0.0;0.4444444444444444;217000;0.0;0.0;0;0.0
Goal_432;217000;0.0;0.05555555555555555;217000;0.0;0.0;0;0.0
Goal_431;217000;0.0;0.0;217000;0.0;0.0;0;0.0
Goal_433;217000;0.0;0.1111111111111111;217000;0.0;0.0;0;0.0
Goal_436;217000;0.0;0.2777777777777778;217000;0.0;0.0;0;0.0
Goal_434;217000;0.0;0.16666666666666666;217000;0.0;0.0;0;0.0
Goal_435;217000;0.0;0.2222222222222222;217000;0.0;0.0;0;0.0
Goal_438;217000;0.0;0.38888888888888884;217000;0.0;0.0;0;0.0
Goal_437;217000;0.0;0.3333333333333333;217000;0.0;0.0;0;0.0
Goal_439;217000;0.0;0.4444444444444444;217000;0.0;0.0;0;0.0
Goal_442;217000;0.0;0.05555555555555555;217000;0.0;0.0;0;0.0
Goal_440;217000;0.0;0.5;217000;0.0;0.0;0;0.0
Goal_441;217000;0.0;0.0;217000;0.0;0.0;0;0.0
Goal_443;217000;0.0;0.1111111111111111;217000;0.0;0.0;0;0.0
Goal_444;217000;0.0;0.16666666666666666;217000;0.0;0.0;0;0.0
Goal_445;217000;0.0;0.2222222222222222;217000;0.0;0.0;0;0.0
Goal_447;217000;0.0;0.3333333333333333;217000;0.0;0.0;0;0.0
Goal_446;217000;0.0;0.2777777777777778;217000;0.0;0.0;0;0.0
Goal_448;217000;0.0;0.38888888888888884;217000;0.0;0.0;0;0.0
Goal_449;217000;0.0;0.4444444444444444;217000;0.0;0.0;0;0.0
Goal_450;217000;0.0;0.5;217000;0.0;0.0;0;0.0
Goal_451;217000;0.0;0.0;217000;0.0;0.0;0;0.0
Goal_454;217000;0.0;0.16666666666666666;217000;0.0;0.0;0;0.0
Goal_453;217000;0.0;0.1111111111111111;217000;0.0;0.0;0;0.0
Goal_452;217000;0.0;0.05555555555555555;217000;0.0;0.0;0;0.0
Goal_455;217000;0.0;0.2222222222222222;217000;0.0;0.0;0;0.0
Goal_457;217000;0.0;0.3333333333333333;217000;0.0;0.0;0;0.0
Goal_456;217000;0.0;0.2777777777777778;217000;0.0;0.0;0;0.0
Goal_459;217000;0.0;0.4444444444444444;217000;0.0;0.0;0;0.0
Goal_458;217000;0.0;0.38888888888888884;217000;0.0;0.0;0;0.0
Goal_460;217000;0.0;0.5;217000;0.0;0.0;0;0.0
Goal_461;217000;0.0;0.0;217000;0.0;0.0;0;0.0
Goal_463;217000;0.0;0.1111111111111111;217000;0.0;0.0;0;0.0
Goal_462;217000;0.0;0.05555555555555555;217000;0.0;0.0;0;0.0
Goal_466;217000;0.0;0.2777777777777778;217000;0.0;0.0;0;0.0
Goal_464;217000;0.0;0.16666666666666666;217000;0.0;0.0;0;0.0
Goal_465;217000;0.0;0.2222222222222222;217000;0.0;0.0;0;0.0
Goal_467;217000;0.0;0.3333333333333333;217000;0.0;0.0;0;0.0
Goal_468;217000;0.0;0.38888888888888884;217000;0.0;0.0;0;0.0
Goal_469;217000;0.0;0.4444444444444444;217000;0.0;0.0;0;0.0
Goal_470;217000;0.0;0.5;217000;0.0;0.0;0;0.0
Goal_472;217000;0.0;0.05555555555555555;217000;0.0;0.0;0;0.0
Goal_471;217000;0.0;0.0;217000;0.0;0.0;0;0.0
Goal_474;217000;0.0;0.16666666666666666;217000;0.0;0.0;0;0.0
Goal_473;217000;0.0;0.1111111111111111;217000;0.0;0.0;0;0.0
Goal_475;217000;0.0;0.2222222222222222;217000;0.0;0.0;0;0.0
Goal_478;217000;0.0;0.38888888888888884;217000;0.0;0.0;0;0.0
Goal_477;217000;0.0;0.3333333333333333;217000;0.0;0.0;0;0.0
Goal_476;217000;0.0;0.2777777777777778;217000;0.0;0.0;0;0.0
Goal_480;217000;0.0;0.5;217000;0.0;0.0;0;0.0
Goal_481;217000;0.0;0.0;217000;0.0;0.0;0;0.0
Goal_479;217000;0.0;0.4444444444444444;217000;0.0;0.0;0;0.0
Goal_484;217000;0.0;0.16666666666666666;217000;0.0;0.0;0;0.0
Goal_482;217000;0.0;0.05555555555555555;217000;0.0;0.0;0;0.0
Goal_483;217000;0.0;0.1111111111111111;217000;0.0;0.0;0;0.0
Goal_485;217000;0.0;0.2222222222222222;217000;0.0;0.0;0;0.0
Goal_486;217000;0.0;0.2777777777777778;217000;0.0;0.0;0;0.0
Goal_487;217000;0.0;0.3333333333333333;217000;0.0;0.0;0;0.0
Goal_489;217000;0.0;0.4444444444444444;217000;0.0;0.0;0;0.0
Goal_488;217000;0.0;0.38888888888888884;217000;0.0;0.0;0;0.0
Goal_490;217000;0.0;0.5;217000;0.0;0.0;0;0.0
Goal_491;217000;0.0;0.0;217000;0.0;0.0;0;0.0
Goal_493;217000;0.0;0.1111111111111111;217000;0.0;0.0;0;0.0
Goal_492;217000;0.0;0.05555555555555555;217000;0.0;0.0;0;0.0
Goal_494;217000;0.0;0.16666666666666666;217000;0.0;0.0;0;0.0
Goal_496;217000;0.0;0.2777777777777778;217000;0.0;0.0;0;0.0
Goal_495;217000;0.0;0.2222222222222222;217000;0.0;0.0;0;0.0
Goal_497;217000;0.0;0.3333333333333333;217000;0.0;0.0;0;0.0
Goal_499;217000;0.0;0.4444444444444444;217000;0.0;0.0;0;0.0
Goal_498;217000;0.0;0.38888888888888884;217000;0.0;0.0;0;0.0
Goal_502;217000;0.0;0.05555555555555555;217000;0.0;0.0;0;0.0
Goal_501;217000;0.0;0.0;217000;0.0;0.0;0;0.0
Goal_500;217000;0.0;0.5;217000;0.0;0.0;0;0.0
Goal_503;217000;0.0;0.1111111111111111;217000;0.0;0.0;0;0.0
Goal_504;217000;0.0;0.16666666666666666;217000;0.0;0.0;0;0.0
Goal_505;217000;0.0;0.2222222222222222;217000;0.0;0.0;0;0.0
Goal_506;217000;0.0;0.2777777777777778;217000;0.0;0.0;0;0.0
Goal_507;217000;0.0;0.3333333333333333;217000;0.0;0.0;0;0.0
Goal_508;217000;0.0;0.38888888888888884;217000;0.0;0.0;0;0.0
Goal_511;217000;0.0;0.0;217000;0.0;0.0;0;0.0
Goal_509;217000;0.0;0.4444444444444444;217000;0.0;0.0;0;0.0
Goal_510;217000;0.0;0.5;217000;0.0;0.0;0;0.0
Goal_512;217000;0.0;0.05555555555555555;217000;0.0;0.0;0;0.0
Goal_514;217000;0.0;0.16666666666666666;217000;0.0;0.0;0;0.0
Goal_513;217000;0.0;0.1111111111111111;217000;0.0;0.0;0;0.0
Goal_515;217000;0.0;0.2222222222222222;217000;0.0;0.0;0;0.0
Goal_517;217000;0.0;0.3333333333333333;217000;0.0;0.0;0;0.0
Goal_516;217000;0.0;0.2777777777777778;217000;0.0;0.0;0;0.0
Goal_519;217000;0.0;0.4444444444444444;217000;0.0;0.0;0;0.0
Goal_518;217000;0.0;0.38888888888888884;217000;0.0;0.0;0;0.0
Goal_520;217000;0.0;0.5;217000;0.0;0.0;0;0.0
Goal_523;217000;0.0;0.1111111111111111;217000;0.0;0.0;0;0.0
Goal_521;217000;0.0;0.0;217000;0.0;0.0;0;0.0
Goal_522;217000;0.0;0.05555555555555555;217000;0.0;0.0;0;0.0
Goal_524;217000;0.0;0.16666666666666666;217000;0.0;0.0;0;0.0
Goal_526;217000;0.0;0.2777777777777778;217000;0.0;0.0;0;0.0
Goal_525;217000;0.0;0.2222222222222222;217000;0.0;0.0;0;0.0
Goal_527;217000;0.0;0.3333333333333333;217000;0.0;0.0;0;0.0
Goal_528;217000;0.0;0.38888888888888884;217000;0.0;0.0;0;0.0
Goal_529;217000;0.0;0.4444444444444444;217000;0.0;0.0;0;0.0
Goal_530;217000;0.0;0.5;217000;0.0;0.0;0;0.0
Goal_532;217000;0.0;0.05555555555555555;217000;0.0;0.0;0;0.0
Goal_531;217000;0.0;0.0;217000;0.0;0.0;0;0.0
Goal_533;217000;0.0;0.1111111111111111;217000;0.0;0.0;0;0.0
Goal_534;217000;0.0;0.16666666666666666;217000;0.0;0.0;0;0.0
Goal_535;217000;0.0;0.2222222222222222;217000;0.0;0.0;0;0.0
Goal_536;217000;0.0;0.2777777777777778;217000;0.0;0.0;0;0.0
Goal_537;217000;0.0;0.3333333333333333;217000;0.0;0.0;0;0.0
Goal_538;217000;0.0;0.38888888888888884;217000;0.0;0.0;0;0.0
Goal_539;217000;0.0;0.4444444444444444;217000;0.0;0.0;0;0.0
Goal_541;217000;0.0;0.0;217000;0.0;0.0;0;0.0
Goal_540;217000;0.0;0.5;217000;0.0;0.0;0;0.0
Goal_543;217000;0.0;0.1111111111111111;217000;0.0;0.0;0;0.0
Goal_544;217000;0.0;0.16666666666666666;217000;0.0;0.0;0;0.0
Goal_542;217000;0.0;0.05555555555555555;217000;0.0;0.0;0;0.0
Goal_545;217000;0.0;0.2222222222222222;217000;0.0;0.0;0;0.0
Goal_546;217000;0.0;0.2777777777777778;217000;0.0;0.0;0;0.0
Goal_547;217000;0.0;0.3333333333333333;217000;0.0;0.0;0;0.0
Goal_548;217000;0.0;0.38888888888888884;217000;0.0;0.0;0;0.0
Goal_549;217000;0.0;0.4444444444444444;217000;0.0;0.0;0;0.0
Goal_550;217000;0.0;0.5;217000;0.0;0.0;0;0.0
Goal_551;217000;0.0;0.0;217000;0.0;0.0;0;0.0
Goal_552;217000;0.0;0.05555555555555555;217000;0.0;0.0;0;0.0
Goal_553;217000;0.0;0.1111111111111111;217000;0.0;0.0;0;0.0
Goal_555;217000;0.0;0.2222222222222222;217000;0.0;0.0;0;0.0
Goal_554;217000;0.0;0.16666666666666666;217000;0.0;0.0;0;0.0
Goal_556;217000;0.0;0.2777777777777778;217000;0.0;0.0;0;0.0
Goal_557;217000;0.0;0.3333333333333333;217000;0.0;0.0;0;0.0
Goal_558;217000;0.0;0.38888888888888884;217000;0.0;0.0;0;0.0
Goal_559;217000;0.0;0.4444444444444444;217000;0.0;0.0;0;0.0
Goal_561;217000;0.0;0.0;217000;0.0;0.0;0;0.0
Goal_562;217000;0.0;0.05555555555555555;217000;0.0;0.0;0;0.0
Goal_560;217000;0.0;0.5;217000;0.0;0.0;0;0.0
Goal_563;217000;0.0;0.1111111111111111;217000;0.0;0.0;0;0.0
Goal_564;217000;0.0;0.16666666666666666;217000;0.0;0.0;0;0.0
Goal_565;217000;0.0;0.2222222222222222;217000;0.0;0.0;0;0.0
Goal_566;217000;0.0;0.2777777777777778;217000;0.0;0.0;0;0.0
Goal_568;217000;0.0;0.38888888888888884;217000;0.0;0.0;0;0.0
Goal_567;217000;0.0;0.3333333333333333;217000;0.0;0.0;0;0.0
Goal_569;217000;0.0;0.4444444444444444;217000;0.0;0.0;0;0.0
Goal_571;217000;0.0;0.0;217000;0.0;0.0;0;0.0
Goal_570;217000;0.0;0.5;217000;0.0;0.0;0;0.0
Goal_574;217000;0.0;0.16666666666666666;217000;0.0;0.0;0;0.0
Goal_572;217000;0.0;0.05555555555555555;217000;0.0;0.0;0;0.0
Goal_573;217000;0.0;0.1111111111111111;217000;0.0;0.0;0;0.0
Goal_575;217000;0.0;0.2222222222222222;217000;0.0;0.0;0;0.0
Goal_577;217000;0.0;0.3333333333333333;217000;0.0;0.0;0;0.0
Goal_576;217000;0.0;0.2777777777777778;217000;0.0;0.0;0;0.0
Goal_579;217000;0.0;0.4444444444444444;217000;0.0;0.0;0;0.0
Goal_578;217000;0.0;0.38888888888888884;217000;0.0;0.0;0;0.0
Goal_580;217000;0.0;0.5;217000;0.0;0.0;0;0.0
Goal_582;217000;0.0;0.05555555555555555;217000;0.0;0.0;0;0.0
Goal_583;217000;0.0;0.1111111111111111;217000;0.0;0.0;0;0.0
Goal_581;217000;0.0;0.0;217000;0.0;0.0;0;0.0
Goal_584;217000;0.0;0.16666666666666666;217000;0.0;0.0;0;0.0
Goal_585;217000;0.0;0.2222222222222222;217000;0.0;0.0;0;0.0
Goal_586;217000;0.0;0.2777777777777778;217000;0.0;0.0;0;0.0
Goal_588;217000;0.0;0.38888888888888884;217000;0.0;0.0;0;0.0
Goal_587;217000;0.0;0.3333333333333333;217000;0.0;0.0;0;0.0
Goal_589;217000;0.0;0.4444444444444444;217000;0.0;0.0;0;0.0
Goal_590;217000;0.0;0.5;217000;0.0;0.0;0;0.0
Goal_591;217000;0.0;0.0;217000;0.0;0.0;0;0.0
Goal_592;217000;0.0;0.05555555555555555;217000;0.0;0.0;0;0.0
Goal_593;217000;0.0;0.1111111111111111;217000;0.0;0.0;0;0.0
Goal_595;217000;0.0;0.2222222222222222;217000;0.0;0.0;0;0.0
Goal_594;217000;0.0;0.16666666666666666;217000;0.0;0.0;0;0.0
Goal_596;217000;0.0;0.2777777777777778;217000;0.0;0.0;0;0.0
Goal_597;217000;0.0;0.3333333333333333;217000;0.0;0.0;0;0.0
Goal_598;217000;0.0;0.38888888888888884;217000;0.0;0.0;0;0.0
Goal_599;217000;0.0;0.4444444444444444;217000;0.0;0.0;0;0.0
Goal_600;217000;0.0;0.5;217000;0.0;0.0;0;0.0
Goal_601;217000;0.0;0.0;217000;0.0;0.0;0;0.0
Goal_604;217000;0.0;0.16666666666666666;217000;0.0;0.0;0;0.0
Goal_602;217000;0.0;0.05555555555555555;217000;0.0;0.0;0;0.0
Goal_603;217000;0.0;0.1111111111111111;217000;0.0;0.0;0;0.0
Goal_605;217000;0.0;0.2222222222222222;217000;0.0;0.0;0;0.0
Goal_606;217000;0.0;0.2777777777777778;217000;0.0;0.0;0;0.0
Goal_607;217000;0.0;0.3333333333333333;217000;0.0;0.0;0;0.0
Goal_610;217000;0.0;0.5;217000;0.0;0.0;0;0.0
Goal_608;217000;0.0;0.38888888888888884;217000;0.0;0.0;0;0.0
Goal_609;217000;0.0;0.4444444444444444;217000;0.0;0.0;0;0.0
Goal_612;217000;0.0;0.05555555555555555;217000;0.0;0.0;0;0.0
Goal_611;217000;0.0;0.0;217000;0.0;0.0;0;0.0
Goal_613;217000;0.0;0.1111111111111111;217000;0.0;0.0;0;0.0
Goal_614;217000;0.0;0.16666666666666666;217000;0.0;0.0;0;0.0
Goal_615;217000;0.0;0.2222222222222222;217000;0.0;0.0;0;0.0
Goal_616;217000;0.0;0.2777777777777778;217000;0.0;0.0;0;0.0
Goal_618;217000;0.0;0.38888888888888884;217000;0.0;0.0;0;0.0
Goal_619;217000;0.0;0.4444444444444444;217000;0.0;0.0;0;0.0
Goal_617;217000;0.0;0.3333333333333333;217000;0.0;0.0;0;0.0
Goal_620;217000;0.0;0.5;217000;0.0;0.0;0;0.0
Goal_622;217000;0.0;0.05555555555555555;217000;0.0;0.0;0;0.0
Goal_621;217000;0.0;0.0;217000;0.0;0.0;0;0.0
Goal_623;217000;0.0;0.1111111111111111;217000;0.0;0.0;0;0.0
Goal_625;217000;0.0;0.2222222222222222;217000;0.0;0.0;0;0.0
Goal_624;217000;0.0;0.16666666666666666;217000;0.0;0.0;0;0.0
Goal_626;217000;0.0;0.2777777777777778;217000;0.0;0.0;0;0.0
Goal_627;217000;0.0;0.3333333333333333;217000;0.0;0.0;0;0.0
Goal_628;217000;0.0;0.38888888888888884;217000;0.0;0.0;0;0.0
Goal_630;217000;0.0;0.5;217000;0.0;0.0;0;0.0
Goal_631;217000;0.0;0.0;217000;0.0;0.0;0;0.0
Goal_629;217000;0.0;0.4444444444444444;217000;0.0;0.0;0;0.0
Goal_633;217000;0.0;0.1111111111111111;217000;0.0;0.0;0;0.0
Goal_632;217000;0.0;0.05555555555555555;217000;0.0;0.0;0;0.0
Goal_634;217000;0.0;0.16666666666666666;217000;0.0;0.0;0;0.0
Goal_635;217000;0.0;0.2222222222222222;217000;0.0;0.0;0;0.0
Goal_637;217000;0.0;0.3333333333333333;217000;0.0;0.0;0;0.0
Goal_636;217000;0.0;0.2777777777777778;217000;0.0;0.0;0;0.0
Goal_639;217000;0.0;0.4444444444444444;217000;0.0;0.0;0;0.0
Goal_640;217000;0.0;0.5;217000;0.0;0.0;0;0.0
Goal_638;217000;0.0;0.38888888888888884;217000;0.0;0.0;0;0.0
Goal_643;217000;0.0;0.1111111111111111;217000;0.0;0.0;0;0.0
Goal_642;217000;0.0;0.05555555555555555;217000;0.0;0.0;0;0.0
Goal_641;217000;0.0;0.0;217000;0.0;0.0;0;0.0
Goal_644;217000;0.0;0.16666666666666666;217000;0.0;0.0;0;0.0
Goal_645;217000;0.0;0.2222222222222222;217000;0.0;0.0;0;0.0
Goal_646;217000;0.0;0.2777777777777778;217000;0.0;0.0;0;0.0
Goal_648;217000;0.0;0.38888888888888884;217000;0.0;0.0;0;0.0
Goal_649;217000;0.0;0.4444444444444444;217000;0.0;0.0;0;0.0
Goal_647;217000;0.0;0.3333333333333333;217000;0.0;0.0;0;0.0
Goal_650;217000;0.0;0.5;217000;0.0;0.0;0;0.0
Goal_651;217000;0.0;0.0;217000;0.0;0.0;0;0.0
Goal_652;217000;0.0;0.05555555555555555;217000;0.0;0.0;0;0.0
Goal_653;217000;0.0;0.1111111111111111;217000;0.0;0.0;0;0.0
Goal_654;217000;0.0;0.16666666666666666;217000;0.0;0.0;0;0.0
Goal_655;217000;0.0;0.2222222222222222;217000;0.0;0.0;0;0.0
Goal_657;217000;0.0;0.3333333333333333;217000;0.0;0.0;0;0.0
Goal_656;217000;0.0;0.2777777777777778;217000;0.0;0.0;0;0.0
Goal_658;217000;0.0;0.38888888888888884;217000;0.0;0.0;0;0.0
Goal_661;217000;0.0;0.0;217000;0.0;0.0;0;0.0
Goal_660;217000;0.0;0.5;217000;0.0;0.0;0;0.0
Goal_659;217000;0.0;0.4444444444444444;217000;0.0;0.0;0;0.0
Goal_663;217000;0.0;0.1111111111111111;217000;0.0;0.0;0;0.0
Goal_662;217000;0.0;0.05555555555555555;217000;0.0;0.0;0;0.0
Goal_664;217000;0.0;0.16666666666666666;217000;0.0;0.0;0;0.0
Goal_665;217000;0.0;0.2222222222222222;217000;0.0;0.0;0;0.0
Goal_666;217000;0.0;0.2777777777777778;217000;0.0;0.0;0;0.0
Goal_667;217000;0.0;0.3333333333333333;217000;0.0;0.0;0;0.0
Goal_668;217000;0.0;0.38888888888888884;217000;0.0;0.0;0;0.0
Goal_670;217000;0.0;0.5;217000;0.0;0.0;0;0.0
Goal_669;217000;0.0;0.4444444444444444;217000;0.0;0.0;0;0.0
Goal_671;217000;0.0;0.0;217000;0.0;0.0;0;0.0
Goal_673;217000;0.0;0.1111111111111111;217000;0.0;0.0;0;0.0
Goal_672;217000;0.0;0.05555555555555555;217000;0.0;0.0;0;0.0
Goal_676;217000;0.0;0.2777777777777778;217000;0.0;0.0;0;0.0
Goal_675;217000;0.0;0.2222222222222222;217000;0.0;0.0;0;0.0
Goal_674;217000;0.0;0.16666666666666666;217000;0.0;0.0;0;0.0
Goal_677;217000;0.0;0.3333333333333333;217000;0.0;0.0;0;0.0
Goal_678;217000;0.0;0.38888888888888884;217000;0.0;0.0;0;0.0
Goal_679;217000;0.0;0.4444444444444444;217000;0.0;0.0;0;0.0
Goal_680;217000;0.0;0.5;217000;0.0;0.0;0;0.0
Goal_682;217000;0.0;0.05555555555555555;217000;0.0;0.0;0;0.0
Goal_681;217000;0.0;0.0;217000;0.0;0.0;0;0.0
Goal_684;217000;0.0;0.16666666666666666;217000;0.0;0.0;0;0.0
Goal_683;217000;0.0;0.1111111111111111;217000;0.0;0.0;0;0.0
Goal_685;217000;0.0;0.2222222222222222;217000;0.0;0.0;0;0.0
Goal_686;217000;0.0;0.2777777777777778;217000;0.0;0.0;0;0.0
Goal_687;217000;0.0;0.3333333333333333;217000;0.0;0.0;0;0.0
Goal_688;217000;0.0;0.38888888888888884;217000;0.0;0.0;0;0.0
Goal_689;217000;0.0;0.4444444444444444;217000;0.0;0.0;0;0.0
Goal_690;217000;0.0;0.5;217000;0.0;0.0;0;0.0
Goal_691;217000;0.0;0.0;217000;0.0;0.0;0;0.0
Goal_693;217000;0.0;0.1111111111111111;217000;0.0;0.0;0;0.0
Goal_692;217000;0.0;0.05555555555555555;217000;0.0;0.0;0;0.0
Goal_694;217000;0.0;0.16666666666666666;217000;0.0;0.0;0;0.0
Goal_696;217000;0.0;0.2777777777777778;217000;0.0;0.0;0;0.0
Goal_697;217000;0.0;0.3333333333333333;217000;0.0;0.0;0;0.0
Goal_695;217000;0.0;0.2222222222222222;217000;0.0;0.0;0;0.0
Goal_698;217000;0.0;0.38888888888888884;217000;0.0;0.0;0;0.0
Goal_699;217000;0.0;0.4444444444444444;217000;0.0;0.0;0;0.0
Goal_700;217000;0.0;0.5;217000;0.0;0.0;0;0.0
Goal_702;217000;0.0;0.05555555555555555;217000;0.0;0.0;0;0.0
Goal_703;217000;0.0;0.1111111111111111;217000;0.0;0.0;0;0.0
Goal_701;217000;0.0;0.0;217000;0.0;0.0;0;0.0
Goal_704;217000;0.0;0.16666666666666666;217000;0.0;0.0;0;0.0
Goal_706;217000;0.0;0.2777777777777778;217000;0.0;0.0;0;0.0
Goal_705;217000;0.0;0.2222222222222222;217000;0.0;0.0;0;0.0
Goal_707;217000;0.0;0.3333333333333333;217000;0.0;0.0;0;0.0
Goal_709;217000;0.0;0.4444444444444444;217000;0.0;0.0;0;0.0
Goal_708;217000;0.0;0.38888888888888884;217000;0.0;0.0;0;0.0
Goal_712;217000;0.0;0.05555555555555555;217000;0.0;0.0;0;0.0
Goal_711;217000;0.0;0.0;217000;0.0;0.0;0;0.0
Goal_710;217000;0.0;0.5;217000;0.0;0.0;0;0.0
Goal_713;217000;0.0;0.1111111111111111;217000;0.0;0.0;0;0.0
Goal_715;217000;0.0;0.2222222222222222;217000;0.0;0.0;0;0.0
Goal_714;217000;0.0;0.16666666666666666;217000;0.0;0.0;0;0.0
Goal_716;217000;0.0;0.2777777777777778;217000;0.0;0.0;0;0.0
Goal_717;217000;0.0;0.3333333333333333;217000;0.0;0.0;0;0.0
Goal_718;217000;0.0;0.38888888888888884;217000;0.0;0.0;0;0.0
Goal_721;217000;0.0;0.0;217000;0.0;0.0;0;0.0
Goal_720;217000;0.0;0.5;217000;0.0;0.0;0;0.0
Goal_719;217000;0.0;0.4444444444444444;217000;0.0;0.0;0;0.0
Goal_722;217000;0.0;0.05555555555555555;217000;0.0;0.0;0;0.0
Goal_724;217000;0.0;0.16666666666666666;217000;0.0;0.0;0;0.0
Goal_723;217000;0.0;0.1111111111111111;217000;0.0;0.0;0;0.0
Goal_725;217000;0.0;0.2222222222222222;217000;0.0;0.0;0;0.0
Goal_727;217000;0.0;0.3333333333333333;217000;0.0;0.0;0;0.0
Goal_726;217000;0.0;0.2777777777777778;217000;0.0;0.0;0;0.0
Goal_728;217000;0.0;0.38888888888888884;217000;0.0;0.0;0;0.0
Goal_730;217000;0.0;0.5;217000;0.0;0.0;0;0.0
Goal_729;217000;0.0;0.4444444444444444;217000;0.0;0.0;0;0.0
Goal_731;217000;0.0;0.0;217000;0.0;0.0;0;0.0
Goal_733;217000;0.0;0.1111111111111111;217000;0.0;0.0;0;0.0
Goal_732;217000;0.0;0.05555555555555555;217000;0.0;0.0;0;0.0
Goal_734;217000;0.0;0.16666666666666666;217000;0.0;0.0;0;0.0
Goal_735;217000;0.0;0.2222222222222222;217000;0.0;0.0;0;0.0
Goal_736;217000;0.0;0.2777777777777778;217000;0.0;0.0;0;0.0
Goal_737;217000;0.0;0.3333333333333333;217000;0.0;0.0;0;0.0
Goal_738;217000;0.0;0.38888888888888884;217000;0.0;0.0;0;0.0
Goal_739;217000;0.0;0.4444444444444444;217000;0.0;0.0;0;0.0
Goal_740;217000;0.0;0.5;217000;0.0;0.0;0;0.0
Goal_741;217000;0.0;0.0;217000;0.0;0.0;0;0.0
Goal_742;217000;0.0;0.05555555555555555;217000;0.0;0.0;0;0.0
Goal_744;217000;0.0;0.16666666666666666;217000;0.0;0.0;0;0.0
Goal_745;217000;0.0;0.2222222222222222;217000;0.0;0.0;0;0.0
Goal_743;217000;0.0;0.1111111111111111;217000;0.0;0.0;0;0.0
Goal_747;217000;0.0;0.3333333333333333;217000;0.0;0.0;0;0.0
Goal_748;217000;0.0;0.38888888888888884;217000;0.0;0.0;0;0.0
Goal_746;217000;0.0;0.2777777777777778;217000;0.0;0.0;0;0.0
Goal_750;217000;0.0;0.5;217000;0.0;0.0;0;0.0
Goal_751;217000;0.0;0.0;217000;0.0;0.0;0;0.0
Goal_749;217000;0.0;0.4444444444444444;217000;0.0;0.0;0;0.0
Goal_753;217000;0.0;0.1111111111111111;217000;0.0;0.0;0;0.0
Goal_754;217000;0.0;0.16666666666666666;217000;0.0;0.0;0;0.0
Goal_752;217000;0.0;0.05555555555555555;217000;0.0;0.0;0;0.0
Goal_755;217000;0.0;0.2222222222222222;217000;0.0;0.0;0;0.0
Goal_756;217000;0.0;0.2777777777777778;217000;0.0;0.0;0;0.0
Goal_757;217000;0.0;0.3333333333333333;217000;0.0;0.0;0;0.0
Goal_758;217000;0.0;0.38888888888888884;217000;0.0;0.0;0;0.0
Goal_760;217000;0.0;0.5;217000;0.0;0.0;0;0.0
Goal_759;217000;0.0;0.4444444444444444;217000;0.0;0.0;0;0.0
Goal_761;217000;0.0;0.0;217000;0.0;0.0;0;0.0
Goal_762;217000;0.0;0.05555555555555555;217000;0.0;0.0;0;0.0
Goal_763;217000;0.0;0.1111111111111111;217000;0.0;0.0;0;0.0
Goal_764;217000;0.0;0.16666666666666666;217000;0.0;0.0;0;0.0
Goal_765;217000;0.0;0.2222222222222222;217000;0.0;0.0;0;0.0
Goal_766;217000;0.0;0.2777777777777778;217000;0.0;0.0;0;0.0
Goal_767;217000;0.0;0.3333333333333333;217000;0.0;0.0;0;0.0
Goal_769;217000;0.0;0.4444444444444444;217000;0.0;0.0;0;0.0
Goal_768;217000;0.0;0.38888888888888884;217000;0.0;0.0;0;0.0
Goal_770;217000;0.0;0.5;217000;0.0;0.0;0;0.0
Goal_771;217000;0.0;0.0;217000;0.0;0.0;0;0.0
Goal_772;217000;0.0;0.05555555555555555;217000;0.0;0.0;0;0.0
Goal_774;217000;0.0;0.16666666666666666;217000;0.0;0.0;0;0.0
Goal_773;217000;0.0;0.1111111111111111;217000;0.0;0.0;0;0.0
Goal_775;217000;0.0;0.2222222222222222;217000;0.0;0.0;0;0.0
Goal_776;217000;0.0;0.2777777777777778;217000;0.0;0.0;0;0.0
Goal_777;217000;0.0;0.3333333333333333;217000;0.0;0.0;0;0.0
Goal_778;217000;0.0;0.38888888888888884;217000;0.0;0.0;0;0.0
Goal_780;217000;0.0;0.5;217000;0.0;0.0;0;0.0
Goal_779;217000;0.0;0.4444444444444444;217000;0.0;0.0;0;0.0
Goal_781;217000;0.0;0.0;217000;0.0;0.0;0;0.0
Goal_784;217000;0.0;0.16666666666666666;217000;0.0;0.0;0;0.0
Goal_782;217000;0.0;0.05555555555555555;217000;0.0;0.0;0;0.0
Goal_783;217000;0.0;0.1111111111111111;217000;0.0;0.0;0;0.0
Goal_785;217000;0.0;0.2222222222222222;217000;0.0;0.0;0;0.0
Goal_786;217000;0.0;0.2777777777777778;217000;0.0;0.0;0;0.0
Goal_787;217000;0.0;0.3333333333333333;217000;0.0;0.0;0;0.0
Goal_790;217000;0.0;0.5;217000;0.0;0.0;0;0.0
Goal_788;217000;0.0;0.38888888888888884;217000;0.0;0.0;0;0.0
Goal_789;217000;0.0;0.4444444444444444;217000;0.0;0.0;0;0.0
Goal_792;217000;0.0;0.05555555555555555;217000;0.0;0.0;0;0.0
Goal_793;217000;0.0;0.1111111111111111;217000;0.0;0.0;0;0.0
Goal_791;217000;0.0;0.0;217000;0.0;0.0;0;0.0
Goal_796;217000;0.0;0.2777777777777778;217000;0.0;0.0;0;0.0
Goal_794;217000;0.0;0.16666666666666666;217000;0.0;0.0;0;0.0
Goal_795;217000;0.0;0.2222222222222222;217000;0.0;0.0;0;0.0
Goal_797;217000;0.0;0.3333333333333333;217000;0.0;0.0;0;0.0
Goal_799;217000;0.0;0.4444444444444444;217000;0.0;0.0;0;0.0
Goal_798;217000;0.0;0.38888888888888884;217000;0.0;0.0;0;0.0
Goal_801;217000;0.0;0.0;217000;0.0;0.0;0;0.0
Goal_800;217000;0.0;0.5;217000;0.0;0.0;0;0.0
Goal_802;217000;0.0;0.05555555555555555;217000;0.0;0.0;0;0.0
Goal_803;217000;0.0;0.1111111111111111;217000;0.0;0.0;0;0.0
Goal_804;217000;0.0;0.16666666666666666;217000;0.0;0.0;0;0.0
Goal_805;217000;0.0;0.2222222222222222;217000;0.0;0.0;0;0.0
Goal_807;217000;0.0;0.3333333333333333;217000;0.0;0.0;0;0.0
Goal_808;217000;0.0;0.38888888888888884;217000;0.0;0.0;0;0.0
Goal_806;217000;0.0;0.2777777777777778;217000;0.0;0.0;0;0.0
Goal_810;217000;0.0;0.5;217000;0.0;0.0;0;0.0
Goal_809;217000;0.0;0.4444444444444444;217000;0.0;0.0;0;0.0
Goal_811;217000;0.0;0.0;217000;0.0;0.0;0;0.0
Goal_812;217000;0.0;0.05555555555555555;217000;0.0;0.0;0;0.0
Goal_813;217000;0.0;0.1111111111111111;217000;0.0;0.0;0;0.0
Goal_814;217000;0.0;0.16666666666666666;217000;0.0;0.0;0;0.0
Goal_816;217000;0.0;0.2777777777777778;217000;0.0;0.0;0;0.0
Goal_815;217000;0.0;0.2222222222222222;217000;0.0;0.0;0;0.0
Goal_817;217000;0.0;0.3333333333333333;217000;0.0;0.0;0;0.0
Goal_819;217000;0.0;0.4444444444444444;217000;0.0;0.0;0;0.0
Goal_820;217000;0.0;0.5;217000;0.0;0.0;0;0.0
Goal_818;217000;0.0;0.38888888888888884;217000;0.0;0.0;0;0.0
Goal_821;217000;0.0;0.0;217000;0.0;0.0;0;0.0
Goal_822;217000;0.0;0.05555555555555555;217000;0.0;0.0;0;0.0
Goal_823;217000;0.0;0.1111111111111111;217000;0.0;0.0;0;0.0
Goal_824;217000;0.0;0.16666666666666666;217000;0.0;0.0;0;0.0
Goal_826;217000;0.0;0.2777777777777778;217000;0.0;0.0;0;0.0
Goal_825;217000;0.0;0.2222222222222222;217000;0.0;0.0;0;0.0
Goal_829;217000;0.0;0.4444444444444444;217000;0.0;0.0;0;0.0
Goal_828;217000;0.0;0.38888888888888884;217000;0.0;0.0;0;0.0
Goal_827;217000;0.0;0.3333333333333333;217000;0.0;0.0;0;0.0
Goal_830;217000;0.0;0.5;217000;0.0;0.0;0;0.0
Goal_832;217000;0.0;0.05555555555555555;217000;0.0;0.0;0;0.0
Goal_831;217000;0.0;0.0;217000;0.0;0.0;0;0.0
Goal_833;217000;0.0;0.1111111111111111;217000;0.0;0.0;0;0.0
Goal_834;217000;0.0;0.16666666666666666;217000;0.0;0.0;0;0.0
Goal_835;217000;0.0;0.2222222222222222;217000;0.0;0.0;0;0.0
Goal_836;217000;0.0;0.2777777777777778;217000;0.0;0.0;0;0.0
Goal_838;217000;0.0;0.38888888888888884;217000;0.0;0.0;0;0.0
Goal_837;217000;0.0;0.3333333333333333;217000;0.0;0.0;0;0.0
Goal_839;217000;0.0;0.4444444444444444;217000;0.0;0.0;0;0.0
Goal_840;217000;0.0;0.5;217000;0.0;0.0;0;0.0
Goal_841;217000;0.0;0.0;217000;0.0;0.0;0;0.0
Goal_843;217000;0.0;0.1111111111111111;217000;0.0;0.0;0;0.0
Goal_842;217000;0.0;0.05555555555555555;217000;0.0;0.0;0;0.0
Goal_844;217000;0.0;0.16666666666666666;217000;0.0;0.0;0;0.0
Goal_845;217000;0.0;0.2222222222222222;217000;0.0;0.0;0;0.0
Goal_847;217000;0.0;0.3333333333333333;217000;0.0;0.0;0;0.0
Goal_846;217000;0.0;0.2777777777777778;217000;0.0;0.0;0;0.0
Goal_849;217000;0.0;0.4444444444444444;217000;0.0;0.0;0;0.0
Goal_848;217000;0.0;0.38888888888888884;217000;0.0;0.0;0;0.0
Goal_850;217000;0.0;0.5;217000;0.0;0.0;0;0.0
Goal_851;217000;0.0;0.0;217000;0.0;0.0;0;0.0
Goal_853;217000;0.0;0.1111111111111111;217000;0.0;0.0;0;0.0
Goal_852;217000;0.0;0.05555555555555555;217000;0.0;0.0;0;0.0
Goal_856;217000;0.0;0.2777777777777778;217000;0.0;0.0;0;0.0
Goal_854;217000;0.0;0.16666666666666666;217000;0.0;0.0;0;0.0
Goal_855;217000;0.0;0.2222222222222222;217000;0.0;0.0;0;0.0
Goal_857;217000;0.0;0.3333333333333333;217000;0.0;0.0;0;0.0
Goal_858;217000;0.0;0.38888888888888884;217000;0.0;0.0;0;0.0
Goal_859;217000;0.0;0.4444444444444444;217000;0.0;0.0;0;0.0
Goal_862;217000;0.0;0.05555555555555555;217000;0.0;0.0;0;0.0
Goal_860;217000;0.0;0.5;217000;0.0;0.0;0;0.0
Goal_861;217000;0.0;0.0;217000;0.0;0.0;0;0.0
Goal_863;217000;0.0;0.1111111111111111;217000;0.0;0.0;0;0.0
Goal_864;217000;0.0;0.16666666666666666;217000;0.0;0.0;0;0.0
Goal_865;217000;0.0;0.2222222222222222;217000;0.0;0.0;0;0.0
Goal_867;217000;0.0;0.3333333333333333;217000;0.0;0.0;0;0.0
Goal_866;217000;0.0;0.2777777777777778;217000;0.0;0.0;0;0.0
Goal_868;217000;0.0;0.38888888888888884;217000;0.0;0.0;0;0.0
Goal_869;217000;0.0;0.4444444444444444;217000;0.0;0.0;0;0.0
Goal_870;217000;0.0;0.5;217000;0.0;0.0;0;0.0
Goal_871;217000;0.0;0.0;217000;0.0;0.0;0;0.0
Goal_872;217000;0.0;0.05555555555555555;217000;0.0;0.0;0;0.0
Goal_874;217000;0.0;0.16666666666666666;217000;0.0;0.0;0;0.0
Goal_873;217000;0.0;0.1111111111111111;217000;0.0;0.0;0;0.0
Goal_877;217000;0.0;0.3333333333333333;217000;0.0;0.0;0;0.0
Goal_875;217000;0.0;0.2222222222222222;217000;0.0;0.0;0;0.0
Goal_876;217000;0.0;0.2777777777777778;217000;0.0;0.0;0;0.0
Goal_879;217000;0.0;0.4444444444444444;217000;0.0;0.0;0;0.0
Goal_878;217000;0.0;0.38888888888888884;217000;0.0;0.0;0;0.0
Goal_880;217000;0.0;0.5;217000;0.0;0.0;0;0.0
Goal_882;217000;0.0;0.05555555555555555;217000;0.0;0.0;0;0.0
Goal_881;217000;0.0;0.0;217000;0.0;0.0;0;0.0
Goal_883;217000;0.0;0.1111111111111111;217000;0.0;0.0;0;0.0
Goal_885;217000;0.0;0.2222222222222222;217000;0.0;0.0;0;0.0
Goal_884;217000;0.0;0.16666666666666666;217000;0.0;0.0;0;0.0
Goal_886;217000;0.0;0.2777777777777778;217000;0.0;0.0;0;0.0
Goal_888;217000;0.0;0.38888888888888884;217000;0.0;0.0;0;0.0
Goal_887;217000;0.0;0.3333333333333333;217000;0.0;0.0;0;0.0
Goal_889;217000;0.0;0.4444444444444444;217000;0.0;0.0;0;0.0
Goal_892;217000;0.0;0.05555555555555555;217000;0.0;0.0;0;0.0
Goal_891;217000;0.0;0.0;217000;0.0;0.0;0;0.0
Goal_890;217000;0.0;0.5;217000;0.0;0.0;0;0.0
Goal_893;217000;0.0;0.1111111111111111;217000;0.0;0.0;0;0.0
Goal_894;217000;0.0;0.16666666666666666;217000;0.0;0.0;0;0.0
Goal_895;217000;0.0;0.2222222222222222;217000;0.0;0.0;0;0.0
Goal_898;217000;0.0;0.38888888888888884;217000;0.0;0.0;0;0.0
Goal_897;217000;0.0;0.3333333333333333;217000;0.0;0.0;0;0.0
Goal_896;217000;0.0;0.2777777777777778;217000;0.0;0.0;0;0.0
Goal_901;217000;0.0;0.0;217000;0.0;0.0;0;0.0
Goal_900;217000;0.0;0.5;217000;0.0;0.0;0;0.0
Goal_899;217000;0.0;0.4444444444444444;217000;0.0;0.0;0;0.0
Goal_903;217000;0.0;0.1111111111111111;217000;0.0;0.0;0;0.0
Goal_902;217000;0.0;0.05555555555555555;217000;0.0;0.0;0;0.0
Goal_904;217000;0.0;0.16666666666666666;217000;0.0;0.0;0;0.0
Goal_906;217000;0.0;0.2777777777777778;217000;0.0;0.0;0;0.0
Goal_905;217000;0.0;0.2222222222222222;217000;0.0;0.0;0;0.0
Goal_907;217000;0.0;0.3333333333333333;217000;0.0;0.0;0;0.0
Goal_908;217000;0.0;0.38888888888888884;217000;0.0;0.0;0;0.0
Goal_909;217000;0.0;0.4444444444444444;217000;0.0;0.0;0;0.0
Goal_910;217000;0.0;0.5;217000;0.0;0.0;0;0.0
Goal_912;217000;0.0;0.05555555555555555;217000;0.0;0.0;0;0.0
Goal_911;217000;0.0;0.0;217000;0.0;0.0;0;0.0
Goal_913;217000;0.0;0.1111111111111111;217000;0.0;0.0;0;0.0
Goal_916;217000;0.0;0.2777777777777778;217000;0.0;0.0;0;0.0
Goal_915;217000;0.0;0.2222222222222222;217000;0.0;0.0;0;0.0
Goal_914;217000;0.0;0.16666666666666666;217000;0.0;0.0;0;0.0
Goal_917;217000;0.0;0.3333333333333333;217000;0.0;0.0;0;0.0
Goal_918;217000;0.0;0.38888888888888884;217000;0.0;0.0;0;0.0
Goal_919;217000;0.0;0.4444444444444444;217000;0.0;0.0;0;0.0
Goal_920;217000;0.0;0.5;217000;0.0;0.0;0;0.0
Goal_921;217000;0.0;0.0;217000;0.0;0.0;0;0.0
Goal_922;217000;0.0;0.05555555555555555;217000;0.0;0.0;0;0.0
Goal_924;217000;0.0;0.16666666666666666;217000;0.0;0.0;0;0.0
Goal_923;217000;0.0;0.1111111111111111;217000;0.0;0.0;0;0.0
Goal_925;217000;0.0;0.2222222222222222;217000;0.0;0.0;0;0.0
Goal_926;217000;0.0;0.2777777777777778;217000;0.0;0.0;0;0.0
Goal_928;217000;0.0;0.38888888888888884;217000;0.0;0.0;0;0.0
Goal_927;217000;0.0;0.3333333333333333;217000;0.0;0.0;0;0.0
Goal_929;217000;0.0;0.4444444444444444;217000;0.0;0.0;0;0.0
Goal_931;217000;0.0;0.0;217000;0.0;0.0;0;0.0
Goal_930;217000;0.0;0.5;217000;0.0;0.0;0;0.0
Goal_932;217000;0.0;0.05555555555555555;217000;0.0;0.0;0;0.0
Goal_934;217000;0.0;0.16666666666666666;217000;0.0;0.0;0;0.0
Goal_933;217000;0.0;0.1111111111111111;217000;0.0;0.0;0;0.0
Goal_936;217000;0.0;0.2777777777777778;217000;0.0;0.0;0;0.0
Goal_937;217000;0.0;0.3333333333333333;217000;0.0;0.0;0;0.0
Goal_935;217000;0.0;0.2222222222222222;217000;0.0;0.0;0;0.0
Goal_938;217000;0.0;0.38888888888888884;217000;0.0;0.0;0;0.0
Goal_940;217000;0.0;0.5;217000;0.0;0.0;0;0.0
Goal_939;217000;0.0;0.4444444444444444;217000;0.0;0.0;0;0.0
Goal_942;217000;0.0;0.05555555555555555;217000;0.0;0.0;0;0.0
Goal_943;217000;0.0;0.1111111111111111;217000;0.0;0.0;0;0.0
Goal_941;217000;0.0;0.0;217000;0.0;0.0;0;0.0
Goal_944;217000;0.0;0.16666666666666666;217000;0.0;0.0;0;0.0
Goal_946;217000;0.0;0.2777777777777778;217000;0.0;0.0;0;0.0
Goal_945;217000;0.0;0.2222222222222222;217000;0.0;0.0;0;0.0
Goal_947;217000;0.0;0.3333333333333333;217000;0.0;0.0;0;0.0
Goal_948;217000;0.0;0.38888888888888884;217000;0.0;0.0;0;0.0
Goal_949;217000;0.0;0.4444444444444444;217000;0.0;0.0;0;0.0
Goal_952;217000;0.0;0.05555555555555555;217000;0.0;0.0;0;0.0
Goal_951;217000;0.0;0.0;217000;0.0;0.0;0;0.0
Goal_950;217000;0.0;0.5;217000;0.0;0.0;0;0.0
Goal_953;217000;0.0;0.1111111111111111;217000;0.0;0.0;0;0.0
Goal_955;217000;0.0;0.2222222222222222;217000;0.0;0.0;0;0.0
Goal_954;217000;0.0;0.16666666666666666;217000;0.0;0.0;0;0.0
Goal_956;217000;0.0;0.2777777777777778;217000;0.0;0.0;0;0.0
Goal_957;217000;0.0;0.3333333333333333;217000;0.0;0.0;0;0.0
Goal_958;217000;0.0;0.38888888888888884;217000;0.0;0.0;0;0.0
Goal_960;217000;0.0;0.5;217000;0.0;0.0;0;0.0
Goal_959;217000;0.0;0.4444444444444444;217000;0.0;0.0;0;0.0
Goal_961;217000;0.0;0.0;217000;0.0;0.0;0;0.0
Goal_963;217000;0.0;0.1111111111111111;217000;0.0;0.0;0;0.0
Goal_962;217000;0.0;0.05555555555555555;217000;0.0;0.0;0;0.0
Goal_964;217000;0.0;0.16666666666666666;217000;0.0;0.0;0;0.0
Goal_965;217000;0.0;0.2222222222222222;217000;0.0;0.0;0;0.0
Goal_966;217000;0.0;0.2777777777777778;217000;0.0;0.0;0;0.0
Goal_967;217000;0.0;0.3333333333333333;217000;0.0;0.0;0;0.0
Goal_969;217000;0.0;0.4444444444444444;217000;0.0;0.0;0;0.0
Goal_968;217000;0.0;0.38888888888888884;217000;0.0;0.0;0;0.0
Goal_970;217000;0.0;0.5;217000;0.0;0.0;0;0.0
Goal_972;217000;0.0;0.05555555555555555;217000;0.0;0.0;0;0.0
Goal_971;217000;0.0;0.0;217000;0.0;0.0;0;0.0
Goal_973;217000;0.0;0.1111111111111111;217000;0.0;0.0;0;0.0
Goal_974;217000;0.0;0.16666666666666666;217000;0.0;0.0;0;0.0
Goal_975;217000;0.0;0.2222222222222222;217000;0.0;0.0;0;0.0
Goal_976;217000;0.0;0.2777777777777778;217000;0.0;0.0;0;0.0
Goal_977;217000;0.0;0.3333333333333333;217000;0.0;0.0;0;0.0
Goal_978;217000;0.0;0.38888888888888884;217000;0.0;0.0;0;0.0
Goal_979;217000;0.0;0.4444444444444444;217000;0.0;0.0;0;0.0
Goal_982;217000;0.0;0.05555555555555555;217000;0.0;0.0;0;0.0
Goal_981;217000;0.0;0.0;217000;0.0;0.0;0;0.0
Goal_980;217000;0.0;0.5;217000;0.0;0.0;0;0.0
Goal_983;217000;0.0;0.1111111111111111;217000;0.0;0.0;0;0.0
Goal_984;217000;0.0;0.16666666666666666;217000;0.0;0.0;0;0.0
Goal_985;217000;0.0;0.2222222222222222;217000;0.0;0.0;0;0.0
Goal_987;217000;0.0;0.3333333333333333;217000;0.0;0.0;0;0.0
Goal_986;217000;0.0;0.2777777777777778;217000;0.0;0.0;0;0.0
Goal_988;217000;0.0;0.38888888888888884;217000;0.0;0.0;0;0.0
Goal_989;217000;0.0;0.4444444444444444;217000;0.0;0.0;0;0.0
Goal_991;217000;0.0;0.0;217000;0.0;0.0;0;0.0
Goal_990;217000;0.0;0.5;217000;0.0;0.0;0;0.0
Goal_993;217000;0.0;0.1111111111111111;217000;0.0;0.0;0;0.0
Goal_992;217000;0.0;0.05555555555555555;217000;0.0;0.0;0;0.0
Goal_994;217000;0.0;0.16666666666666666;217000;0.0;0.0;0;0.0
Goal_995;217000;0.0;0.2222222222222222;217000;0.0;0.0;0;0.0
Goal_997;217000;0.0;0.3333333333333333;217000;0.0;0.0;0;0.0
Goal_998;217000;0.0;0.38888888888888884;217000;0.0;0.0;0;0.0
Goal_996;217000;0.0;0.2777777777777778;217000;0.0;0.0;0;0.0
Goal_999;217000;0.0;0.4444444444444444;217000;0.0;0.0;0;0.0
Goal_1000;217000;0.0;0.5;217000;0.0;0.0;0;0.0
