Meta_1;720739;0.0;0.0;712697;3137225.989699997;0.14387289692493432;3600;0.05088566268926488
Meta_2;720739;0.0;0.0528;713344;3109864.670700002;0.15035852614505735;3600;0.06849256794862284
Meta_3;720739;0.0;0.1056;715831;3266264.770399999;0.14442272923743055;3600;0.056946409064222415
Meta_4;720739;0.0;0.15839999999999999;717257;3203869.6836999985;0.15839972616012765;3600;0.0014114729240003938
Meta_5;720739;0.0;0.2112;713768;2988769.6162999994;0.21120124415099245;139;0.0
Meta_6;720739;0.0;264;713642;2981668.0102999993;0.21762492329280167;25;0.0
Meta_7;720739;0.0;0.31679999999999997;713642;2981668.0102999993;0.217624923292801;21;0.0
Meta_8;720739;0.0;0.3696;713642;2981668.0102999993;0.217624923292801;18;0.0
Meta_9;720739;0.0;0.4224;713642;2981668.0102999993;0.2176249232933567;19;0.0
Meta_10;720739;0.0;0.4752;713642;2981668.0102999993;0.217624923292801;23;0.0
Meta_11;720739;1077618.5555555555;0.0;710388;3070863.760599998;0.1446395675104634;3600;0.08390919030735948
Meta_12;720739;1077618.5555555555;0.0528;718349;3335325.5301000006;0.14492269409727954;3600;0.040918852532074335
Meta_13;720739;1077618.5555555555;0.1056;712620;3115331.5782000013;0.15037725492936108;3600;0.11835036583292026
Meta_14;720739;1077618.5555555555;0.15839999999999999;717117;3196412.2956999997;0.15839877123242185;3600;0.0024105121565810537
Meta_15;720739;1077618.5555555555;0.2112;713770;2988879.7870999994;0.21119914926679587;337;0.0
Meta_16;720739;1077618.5555555555;264;713642;2981668.0102999993;0.21762492329277747;15;0.0
Meta_17;720739;1077618.5555555555;0.31679999999999997;713642;2981668.0102999993;0.21762492329280125;42;3.926279539312795E-16
Meta_18;720739;1077618.5555555555;0.3696;713642;2981668.0102999993;0.217624923292801;22;3.9262795393127866E-16
Meta_19;720739;1077618.5555555555;0.4224;713642;2981668.0102999993;0.217624923292801;28;0.0
Meta_20;720739;1077618.5555555555;0.4752;713642;2981668.0102999993;0.21762492329280744;27;0.0
Meta_21;720739;2155237.111111111;0.0;716851;3268798.7215999993;0.14449984041735095;3600;0.0587563367829638
Meta_22;720739;2155237.111111111;0.0528;717006;3254768.8728999994;0.15197127314444805;3600;0.11741100656215035
Meta_23;720739;2155237.111111111;0.1056;711813;3058639.9701000005;0.15023863458111583;3600;0.1640320326464113
Meta_24;720739;2155237.111111111;0.15839999999999999;717404;3212000.6373999994;0.1584003749468665;3600;0.004228009237949349
Meta_25;720739;2155237.111111111;0.2112;713768;2988769.6162999994;0.21120124415099234;219;0.0
Meta_26;720739;2155237.111111111;264;713642;2981668.0102999993;0.217624923292801;27;0.0
Meta_27;720739;2155237.111111111;0.31679999999999997;713642;2981668.0102999993;0.217624923292801;44;3.701171989729756E-16
Meta_28;720739;2155237.111111111;0.3696;713642;2981668.0102999993;0.217624923292801;21;5.551757984594651E-16
Meta_29;720739;2155237.111111111;0.4224;713642;2981668.0102999993;0.217624923292801;17;0.0
Meta_30;720739;2155237.111111111;0.4752;713642;2981668.0102999993;0.217624923292801;22;0.0
Meta_31;720739;3232855.6666666665;0.0;716756;3265060.7404999994;0.14445307927547066;3600;0.07745921612632936
Meta_32;720739;3232855.6666666665;0.0528;717365;3296963.1847999995;0.14460849939837908;3600;0.0870120278406214
Meta_33;720739;3232855.6666666665;0.1056;716242;3324933.0350999986;0.1443674967220401;3600;0.21813241369653788
Meta_34;720739;3232855.6666666665;0.15839999999999999;717753;3232854.1143;0.15840326746403213;781;0.0
Meta_35;720739;3232855.6666666665;0.2112;717787;3232909.2686999994;0.16700029095914343;43;1.177585765143752E-14
Meta_36;720739;3232855.6666666665;264;717787;3232909.2686999994;0.16700029095914118;52;0.0
Meta_37;720739;3232855.6666666665;0.31679999999999997;717787;3232909.2686999994;0.16700029095914115;57;1.55856939504405E-15
Meta_38;720739;3232855.6666666665;0.3696;717787;3232909.2686999994;0.16700029095914234;45;8.485544484127638E-15
Meta_39;720739;3232855.6666666665;0.4224;717787;3232909.2686999994;0.16700029095913774;68;2.0780925267249238E-15
Meta_40;720739;3232855.6666666665;0.4752;717787;3232909.2686999994;0.16700029095914168;59;0.0
Meta_41;720739;4310474.222222222;0.0;720738;4310305.930700002;0.14544206489126008;3600;0.02130557963730478
Meta_42;720739;4310474.222222222;0.0528;720738;4206894.186700002;0.14544206489126008;3600;4.8557379136449086E-5
Meta_43;720739;4310474.222222222;0.1056;720738;4310459.9047;0.14544206489126008;124;0.0
Meta_44;720739;4310474.222222222;0.15839999999999999;720739;4310470.6782;0.14544458429268883;23;0.0
Meta_45;720739;4310474.222222222;0.2112;720739;4230247.172;0.14544458429268936;13;0.0
Meta_46;720739;4310474.222222222;264;720739;4310469.954100001;0.14544458429269064;18;0.0
Meta_47;720739;4310474.222222222;0.31679999999999997;720739;4299030.835499999;0.14544458429268883;23;0.0
Meta_48;720739;4310474.222222222;0.3696;720739;4223744.028400002;0.14544458429269003;15;0.0
Meta_49;720739;4310474.222222222;0.4224;720739;4310472.427000002;0.14544458429268883;21;0.0
Meta_50;720739;4310474.222222222;0.4752;720739;4278679.411700002;0.14544458429268883;15;0.0
Meta_51;720739;5388092.777777778;0.0;720739;5272392.569099999;0.14544458429268883;3600;0.02086049268231267
Meta_52;720739;5388092.777777778;0.0528;720738;5287970.586199999;0.14544235643170048;3600;0.0032143387351967244
Meta_53;720739;5388092.777777778;0.1056;720738;5276507.829200002;0.14544206489126008;3600;0.04465644167742266
Meta_54;720739;5388092.777777778;0.15839999999999999;720739;5388086.497800004;0.14544458429268542;14;0.0
Meta_55;720739;5388092.777777778;0.2112;720739;5373406.838399999;0.1454445842926897;27;0.0
Meta_56;720739;5388092.777777778;264;720739;4982633.6035;0.14544458429269744;17;0.0
Meta_57;720739;5388092.777777778;0.31679999999999997;720739;5388088.1322000045;0.14544458429268883;6;0.0
Meta_58;720739;5388092.777777778;0.3696;720739;5388088.822899999;0.14544458429284685;19;0.0
Meta_59;720739;5388092.777777778;0.4224;720739;5294684.451900002;0.14544458429268967;28;0.0
Meta_60;720739;5388092.777777778;0.4752;720739;5388083.6199;0.14544458429268686;17;0.0
Meta_61;720739;6465711.333333333;0.0;720739;6465575.214299997;0.14544458429268883;3600;1.54266883830916E-4
Meta_62;720739;6465711.333333333;0.0528;720735;6465532.133800003;0.14543649143383566;3600;0.023849912935494287
Meta_63;720739;6465711.333333333;0.1056;720735;6270626.402799999;0.14543583650655717;3600;0.046959323475236354
Meta_64;720739;6465711.333333333;0.15839999999999999;720739;6465709.304300003;0.14544458429268883;17;0.0
Meta_65;720739;6465711.333333333;0.2112;720739;6464649.1263999995;0.14544458429268883;11;0.0
Meta_66;720739;6465711.333333333;264;720739;6415784.7163;0.14544458429268922;17;0.0
Meta_67;720739;6465711.333333333;0.31679999999999997;720739;6465710.220200003;0.14544458429268883;14;0.0
Meta_68;720739;6465711.333333333;0.3696;720739;6460842.645300003;0.14544458429268883;16;0.0
Meta_69;720739;6465711.333333333;0.4224;720739;6465710.9316;0.14544458429268883;16;0.0
Meta_70;720739;6465711.333333333;0.4752;720739;6465710.032899996;0.14544458429268883;20;0.0
Meta_71;720739;7543329.888888888;0.0;720738;6834122.261999997;0.14544206489126008;3600;0.0205891556444508
Meta_72;720739;7543329.888888888;0.0528;720738;6275006.6437000055;0.14544206489126008;3600;0.02388544061310234
Meta_73;720739;7543329.888888888;0.1056;720739;6255082.8757000035;0.14544458429268883;3600;0.04628526734997201
Meta_74;720739;7543329.888888888;0.15839999999999999;720739;7543328.811799998;0.14544458429268883;13;0.0
Meta_75;720739;7543329.888888888;0.2112;720739;7543319.500699998;0.14544458429269408;15;0.0
Meta_76;720739;7543329.888888888;264;720739;7085929.8518;0.14544458429268883;20;0.0
Meta_77;720739;7543329.888888888;0.31679999999999997;720739;7543329.3242000025;0.14544458429268883;13;0.0
Meta_78;720739;7543329.888888888;0.3696;720739;7538619.810299998;0.14544458429268883;6;0.0
Meta_79;720739;7543329.888888888;0.4224;720739;7543326.294199995;0.14544458429268883;13;0.0
Meta_80;720739;7543329.888888888;0.4752;720739;7543299.374899999;0.14544458429268883;25;0.0
Meta_81;720739;8620948.444444444;0.0;720738;6489053.9004;0.14544206489126008;3600;0.02088227724480217
Meta_82;720739;8620948.444444444;0.0528;720738;7522882.357999998;0.14544206489126008;3600;0.02370321106819312
Meta_83;720739;8620948.444444444;0.1056;720738;8279845.007499998;0.14544206489126008;3600;0.04387874345833196
Meta_84;720739;8620948.444444444;0.15839999999999999;720739;8420623.433299996;0.14544458429268886;14;0.0
Meta_85;720739;8620948.444444444;0.2112;720739;8620947.370000001;0.14544458429268883;14;0.0
Meta_86;720739;8620948.444444444;264;720739;8323462.709000003;0.14544458429269258;14;0.0
Meta_87;720739;8620948.444444444;0.31679999999999997;720739;7789025.553199998;0.14544458429268892;15;0.0
Meta_88;720739;8620948.444444444;0.3696;720739;8620943.547000002;0.14544458429268906;15;0.0
Meta_89;720739;8620948.444444444;0.4224;720739;8487188.5473;0.14544458429268972;8;0.0
Meta_90;720739;8620948.444444444;0.4752;720739;8617712.164899997;0.1454445842927251;23;0.0
Meta_91;720739;9698567.0;0.0;720738;8647750.5168;0.14544206489126008;3600;0.021973348490018165
Meta_92;720739;9698567.0;0.0528;720738;9576142.397200001;0.14544206489126008;3600;0.005246899154035148
Meta_93;720739;9698567.0;0.1056;720737;9641701.4697;0.145439973104147;3600;0.04674863294087705
Meta_94;720739;9698567.0;0.15839999999999999;720739;9436751.084699998;0.1454445842926889;14;0.0
Meta_95;720739;9698567.0;0.2112;720739;8119961.9582;0.14544458429268892;15;0.0
Meta_96;720739;9698567.0;264;720739;9602180.9667;0.14544458429268886;6;0.0
Meta_97;720739;9698567.0;0.31679999999999997;720739;9040943.045;0.14544458429268883;13;0.0
Meta_98;720739;9698567.0;0.3696;720739;9654600.699099999;0.14544458429268883;6;0.0
Meta_99;720739;9698567.0;0.4224;720739;9698553.711099999;0.14544458429268992;17;0.0
Meta_100;720739;9698567.0;0.4752;720739;8868363.135499997;0.14544458429269008;14;0.0
Meta_101;686898;0.0;0.0;686898;2425051.5813;0.16477462372323687;3600;0.2803239799767534
Meta_102;686898;0.0;0.0528;686898;2411676.2376;0.1665641015685678;3605;0.3015900018704234
Meta_103;686898;0.0;0.1056;680788;2241783.900700001;0.1895080745401392;3600;0.48131670906212165
Meta_104;686898;0.0;0.15839999999999999;686898;2429440.4473;0.16599352742300663;3600;0.2029080235044371
Meta_105;686898;0.0;0.2112;686898;2315870.675199999;0.21119927630986943;3600;0.14589041353795373
Meta_106;686898;0.0;264;686898;2101649.2722;0.26399986290088656;3600;0.08408809480869765
Meta_107;686898;0.0;0.31679999999999997;686898;1951763.316999999;0.3167996050904083;3600;0.024101814191489296
Meta_108;686898;0.0;0.3696;686898;1892323.9473000003;0.36959833074892523;3600;7.013716250714793E-4
Meta_109;686898;0.0;0.4224;686898;1887392.8027000003;0.38848090251160516;10;0.0
Meta_110;686898;0.0;0.4752;686898;1887392.8027000003;0.38848090251160217;10;0.0
Meta_111;686898;1077618.5555555555;0.0;686878;2411171.8313;0.17080643939684859;3602;0.39181227188714307
Meta_112;686898;1077618.5555555555;0.0528;686898;2435655.4235;0.16722843552113145;3604;0.40329733640150556
Meta_113;686898;1077618.5555555555;0.1056;686898;2431744.6416000007;0.16689164604125123;3600;0.50734248087521
Meta_114;686898;1077618.5555555555;0.15839999999999999;686898;2479594.2238999987;0.16646573066546644;3600;0.3764722801773425
Meta_115;686898;1077618.5555555555;0.2112;686898;2233390.6340000005;0.2111827606218013;3600;0.19806204171834327
Meta_116;686898;1077618.5555555555;264;686898;2106128.6317000003;0.263999910520618;3600;0.17751789544012506
Meta_117;686898;1077618.5555555555;0.31679999999999997;686898;1967296.341100001;0.316798825256969;3600;0.08581559372329703
Meta_118;686898;1077618.5555555555;0.3696;686898;1892259.4516000003;0.36959926063648385;3600;0.003879404973632805
Meta_119;686898;1077618.5555555555;0.4224;686898;1887392.8027000003;0.38848090251160217;11;2.7816582291159045E-16
Meta_120;686898;1077618.5555555555;0.4752;686898;1887392.8027000003;0.38848090251130213;11;2.781658229117256E-16
Meta_121;686898;2155237.111111111;0.0;686904;2411373.9647999997;0.16650714944298464;3600;0.5412913595949929
Meta_122;686898;2155237.111111111;0.0528;683381;2298276.3541000006;0.18926177701860974;3600;0.7071298462368113
Meta_123;686898;2155237.111111111;0.1056;686897;2426685.7163000004;0.17068298701802856;3600;0.86293116266518
Meta_124;686898;2155237.111111111;0.15839999999999999;686898;2411988.878900001;0.17596288573612598;3600;1.0
Meta_125;686898;2155237.111111111;0.2112;686898;2429080.5688000005;0.21155950528152814;3600;1.0
Meta_126;686898;2155237.111111111;264;686898;2155082.5645000003;0.2639999283239176;671;0.0
Meta_127;686898;2155237.111111111;0.31679999999999997;686898;2147754.5482;0.31627622215616535;44;0.0
Meta_128;686898;2155237.111111111;0.3696;686898;2142766.5825;0.3694784232183354;34;0.0
Meta_129;686898;2155237.111111111;0.4224;686898;2153068.3183999993;0.378445129057936;7;0.0
Meta_130;686898;2155237.111111111;0.4752;686898;2153995.3071999997;0.3837118484234262;8;0.0
Meta_131;686898;3232855.6666666665;0.0;686898;3233562.5051999986;0.15927532381413176;3600;0.5141260335019856
Meta_132;686898;3232855.6666666665;0.0528;686906;3232855.1109999986;0.15755204938079792;3600;0.5669147508279472
Meta_133;686898;3232855.6666666665;0.1056;686898;3232822.9758000015;0.15827090723821022;3600;0.9152255050255992
Meta_134;686898;3232855.6666666665;0.15839999999999999;687963;3231774.7674000002;0.15840062768671453;238;0.0
Meta_135;686898;3232855.6666666665;0.2112;686898;3230380.5113999997;0.21101593637055197;93;0.0
Meta_136;686898;3232855.6666666665;264;686898;3232523.6849000007;0.2638932875074076;19;0.0
Meta_137;686898;3232855.6666666665;0.31679999999999997;686898;3218423.8257;0.3144722773237685;17;0.0
Meta_138;686898;3232855.6666666665;0.3696;686898;3187706.2394999997;0.3695541858308351;19;0.0
Meta_139;686898;3232855.6666666665;0.4224;686898;3232855.6050000004;0.3582226238980788;13;0.0
Meta_140;686898;3232855.6666666665;0.4752;686898;3232851.7151999995;0.36363638588855013;7;0.0
Meta_141;686898;4310474.222222222;0.0;686898;4308933.552699997;0.14833431029573993;3600;0.4396038456857321
Meta_142;686898;4310474.222222222;0.0528;686898;4310403.742399999;0.15736344770511052;3603;0.565724322139179
Meta_143;686898;4310474.222222222;0.1056;686902;4270129.586000001;0.14280622408474153;3600;0.8723515839693377
Meta_144;686898;4310474.222222222;0.15839999999999999;687098;4303146.802500001;0.1584023443704498;448;0.0
Meta_145;686898;4310474.222222222;0.2112;686899;4310308.986299999;0.20951088911864174;110;0.0
Meta_146;686898;4310474.222222222;264;686954;4309496.157400001;0.2639595320582964;19;0.0
Meta_147;686898;4310474.222222222;0.31679999999999997;686989;4307150.044499998;0.31680120475754764;17;0.0
Meta_148;686898;4310474.222222222;0.3696;686898;3876356.1112000006;0.3563507508443688;18;0.0
Meta_149;686898;4310474.222222222;0.4224;686898;4296113.5558;0.3790404991700372;14;0.0
Meta_150;686898;4310474.222222222;0.4752;686898;4310474.1543;0.37855114484882024;12;0.0
Meta_151;686898;5388092.777777778;0.0;686898;5330885.694199999;0.1461428333388445;3600;0.42267077648229434
Meta_152;686898;5388092.777777778;0.0528;686898;5348850.792699998;0.15705003100329193;3600;0.5637890036647731
Meta_153;686898;5388092.777777778;0.1056;686898;5374294.1094;0.14671936820508866;3602;0.8864610018924042
Meta_154;686898;5388092.777777778;0.15839999999999999;686901;5098066.591400001;0.16737954888413029;3600;1.0
Meta_155;686898;5388092.777777778;0.2112;686898;5241873.4512;0.2112010343640019;13;0.0
Meta_156;686898;5388092.777777778;264;686911;5385465.967399999;0.2639362418314433;15;0.0
Meta_157;686898;5388092.777777778;0.31679999999999997;686898;5300843.999499999;0.3167996242790705;18;0.0
Meta_158;686898;5388092.777777778;0.3696;686898;5370201.321200001;0.3489436249706103;15;0.0
Meta_159;686898;5388092.777777778;0.4224;686898;5385907.7149;0.36813540678046414;7;0.0
Meta_160;686898;5388092.777777778;0.4752;686898;5362770.5411;0.3731822391054649;4;0.0
Meta_161;686898;6465711.333333333;0.0;686899;6299209.709400002;0.14329897050135498;3600;0.3995122874513624
Meta_162;686898;6465711.333333333;0.0528;686898;6465706.560199999;0.15129210937503007;3603;0.5252749214643118
Meta_163;686898;6465711.333333333;0.1056;686898;6167583.852999998;0.15119232503106306;3606;0.8993098117628181
Meta_164;686898;6465711.333333333;0.15839999999999999;686915;6195145.1144;0.15840013106663875;550;0.0
Meta_165;686898;6465711.333333333;0.2112;686898;6380790.057999997;0.21120143576073427;52;0.0
Meta_166;686898;6465711.333333333;264;687398;6392058.901000001;0.2606242539820189;17;0.0
Meta_167;686898;6465711.333333333;0.31679999999999997;686898;6025056.879499997;0.31285959777019057;15;0.0
Meta_168;686898;6465711.333333333;0.3696;686898;5682614.3569;0.3499538136612532;11;0.0
Meta_169;686898;6465711.333333333;0.4224;686899;6397150.3924;0.38343825162168677;11;0.0
Meta_170;686898;6465711.333333333;0.4752;686898;6465507.311399998;0.37989207057111574;11;0.0
Meta_171;686898;7543329.888888888;0.0;686898;7403523.9293;0.14327662417009746;3600;0.39933556453046004
Meta_172;686898;7543329.888888888;0.0528;684910;6633981.496599997;0.16004138435390433;3602;0.6056079858596382
Meta_173;686898;7543329.888888888;0.1056;686464;7169943.687399999;0.15891279101376693;3607;0.9181482617902141
Meta_174;686898;7543329.888888888;0.15839999999999999;687866;6728824.507699996;0.15825662411961888;239;0.0
Meta_175;686898;7543329.888888888;0.2112;686975;7485211.785300001;0.21120019996595915;21;0.0
Meta_176;686898;7543329.888888888;264;686898;6463217.571700002;0.2574408161138536;13;0.0
Meta_177;686898;7543329.888888888;0.31679999999999997;686898;7543329.1384;0.3157339858830574;13;0.0
Meta_178;686898;7543329.888888888;0.3696;686898;5899523.271100001;0.3642159412176705;13;0.0
Meta_179;686898;7543329.888888888;0.4224;686898;7543300.548900002;0.3847195275549899;6;0.0
Meta_180;686898;7543329.888888888;0.4752;686898;6627095.729200002;0.37851999473559755;13;0.0
Meta_181;686898;8620948.444444444;0.0;686898;8527337.412999993;0.14858506997006427;3613;0.44148880718751266
Meta_182;686898;8620948.444444444;0.0528;686898;8106339.407899996;0.15227977542869903;3601;0.5322551903581647
Meta_183;686898;8620948.444444444;0.1056;686898;8059817.674699999;0.15007890191669604;3600;0.8962314114251654
Meta_184;686898;8620948.444444444;0.15839999999999999;690401;8007966.4065999985;0.15837408863309185;229;0.0
Meta_185;686898;8620948.444444444;0.2112;686909;7585299.3992;0.21120002676938815;15;0.0
Meta_186;686898;8620948.444444444;264;686898;7712500.577599998;0.26400052767437804;14;0.0
Meta_187;686898;8620948.444444444;0.31679999999999997;687287;6909353.017499996;0.3167533864867613;18;0.0
Meta_188;686898;8620948.444444444;0.3696;686898;8571086.563699996;0.36835027875904786;13;0.0
Meta_189;686898;8620948.444444444;0.4224;686898;8576887.437899997;0.382289254736326;17;0.0
Meta_190;686898;8620948.444444444;0.4752;686898;8018735.2189;0.3766779021424236;15;0.0
Meta_191;686898;9698567.0;0.0;686898;8740340.844499998;0.14640122822585305;3602;0.4247061310991475
Meta_192;686898;9698567.0;0.0528;687672;7280933.060199998;0.14870052002186188;3611;0.5061794405363397
Meta_193;686898;9698567.0;0.1056;686898;9413528.1856;0.14520814273401195;3600;0.8813180578251283
Meta_194;686898;9698567.0;0.15839999999999999;686898;9697276.334400002;0.15840057814820743;14;0.0
Meta_195;686898;9698567.0;0.2112;686898;9698566.839;0.20843243705555695;15;0.0
Meta_196;686898;9698567.0;264;686898;9680625.307399997;0.26399289922933245;17;0.0
Meta_197;686898;9698567.0;0.31679999999999997;686898;7607945.874699996;0.3167994536425022;18;0.0
Meta_198;686898;9698567.0;0.3696;686898;7329069.641499998;0.36693280372400877;13;0.0
Meta_199;686898;9698567.0;0.4224;686898;9606519.287500003;0.3634916634915747;5;0.0
Meta_200;686898;9698567.0;0.4752;686898;9268186.6829;0.3690335448087319;12;0.0
Meta_201;653058;0.0;0.0;655937;1941276.9392999986;0.18815004001207944;3600;0.4275363053125657
Meta_202;653058;0.0;0.0528;653061;1989963.5875000001;0.17756485406701944;3608;0.41159366168829276
Meta_203;653058;0.0;0.1056;657109;1957033.8233999999;0.18469032211862593;3600;0.5267112915166337
Meta_204;653058;0.0;0.15839999999999999;654824;1989103.583199999;0.18144507024665812;3600;0.4513971432762942
Meta_205;653058;0.0;0.2112;656828;1830324.7198;0.21298818280399526;3605;0.30875146166540607
Meta_206;653058;0.0;264;653068;1535862.059700001;0.26399953506417334;3606;0.2028165820776286
Meta_207;653058;0.0;0.31679999999999997;653058;1425731.2043999995;0.3167988229631593;3600;0.1901168647860505
Meta_208;653058;0.0;0.3696;653058;1156134.2788999993;0.3696001127597964;3600;0.043536676040755666
Meta_209;653058;0.0;0.4224;653058;1083793.1287000005;0.42239779473752614;3600;0.008158789071728949
Meta_210;653058;0.0;0.4752;653058;1061839.4940000002;0.46492666175327807;9;7.954998887626028E-14
Meta_211;653058;1077618.5555555555;0.0;655602;2011753.6479999993;0.1794801022910618;3600;0.5426110228559629
Meta_212;653058;1077618.5555555555;0.0528;653062;1936365.5267;0.1819945837633842;3607;0.5790818298544637
Meta_213;653058;1077618.5555555555;0.1056;654577;2045943.1184000003;0.16802682655971346;3600;0.6446207799280859
Meta_214;653058;1077618.5555555555;0.15839999999999999;657692;1922116.3509000002;0.1902051507562444;3600;0.7972333006479352
Meta_215;653058;1077618.5555555555;0.2112;654102;1764127.5563999997;0.21761399846073856;3600;0.7367205227067904
Meta_216;653058;1077618.5555555555;264;653782;1562146.1505000007;0.26399953549756683;3600;0.6838046988684162
Meta_217;653058;1077618.5555555555;0.31679999999999997;653058;1304537.5347999993;0.3167984337287479;3600;0.6447881568235051
Meta_218;653058;1077618.5555555555;0.3696;653058;1164854.2248999996;0.3696007175643093;3600;0.6538487271651134
Meta_219;653058;1077618.5555555555;0.4224;653058;1083914.075;0.42239711996355017;3600;1.0
Meta_220;653058;1077618.5555555555;0.4752;653058;1077609.7005000005;0.4595614402729106;14;0.0
Meta_221;653058;2155237.111111111;0.0;653618;2259249.6230000006;0.16462612653730438;3600;0.5629342342992166
Meta_222;653058;2155237.111111111;0.0528;653137;2176324.0525000007;0.16969357170818122;3600;0.6336447050182197
Meta_223;653058;2155237.111111111;0.1056;653067;2170538.0569000007;0.18069010898978877;3600;0.949192497723694
Meta_224;653058;2155237.111111111;0.15839999999999999;656076;2281498.5006;0.16220729233417247;3606;1.0
Meta_225;653058;2155237.111111111;0.2112;653058;2239094.0528;0.21119882706818605;3600;1.0
Meta_226;653058;2155237.111111111;264;654322;2145208.2548;0.26400091136550824;94;0.0
Meta_227;653058;2155237.111111111;0.31679999999999997;653058;2149847.6305;0.31550313103793004;41;0.0
Meta_228;653058;2155237.111111111;0.3696;653060;2152003.9505000003;0.3692262487994949;17;0.0
Meta_229;653058;2155237.111111111;0.4224;653064;2110594.083700001;0.42217350399277753;37;0.0
Meta_230;653058;2155237.111111111;0.4752;653058;2155237.0094999997;0.42430886097048937;12;0.0
Meta_231;653058;3232855.6666666665;0.0;653485;3232791.361599998;0.1594456354378935;3606;0.501807346315629
Meta_232;653058;3232855.6666666665;0.0528;655120;3232863.7541000005;0.15330974916593945;3600;0.5171414280436606
Meta_233;653058;3232855.6666666665;0.1056;653327;3232773.3090999993;0.1622267446251767;3601;0.8786911414536207
Meta_234;653058;3232855.6666666665;0.15839999999999999;657972;3232837.4953;0.15840125434501087;213;0.0
Meta_235;653058;3232855.6666666665;0.2112;654572;3220814.5724999993;0.21120023704865987;98;0.0
Meta_236;653058;3232855.6666666665;264;653372;3212613.8672;0.2639713528450895;22;0.0
Meta_237;653058;3232855.6666666665;0.31679999999999997;653130;3182079.3629;0.31679616441533676;20;0.0
Meta_238;653058;3232855.6666666665;0.3696;653058;3215793.527999999;0.36911214510577395;14;0.0
Meta_239;653058;3232855.6666666665;0.4224;653058;3168221.986699999;0.422400927411414;17;0.0
Meta_240;653058;3232855.6666666665;0.4752;653058;3232854.0106000006;0.4455647945591208;11;0.0
Meta_241;653058;4310474.222222222;0.0;653058;4254931.4284000015;0.15590359176716023;3600;0.47891286756899454
Meta_242;653058;4310474.222222222;0.0528;653059;4292327.7575;0.16211580818944518;3607;0.5848942248548278
Meta_243;653058;4310474.222222222;0.1056;662404;4310468.2511;0.14461405002156066;3600;0.8220994871211752
Meta_244;653058;4310474.222222222;0.15839999999999999;687681;4246274.412500001;0.15986974927810682;3600;1.0
Meta_245;653058;4310474.222222222;0.2112;653789;4255036.550500002;0.21116856940524456;22;0.0
Meta_246;653058;4310474.222222222;264;653058;4229345.6417;0.26400077633895225;20;0.0
Meta_247;653058;4310474.222222222;0.31679999999999997;654594;4124592.7558999993;0.3155998592432638;17;0.0
Meta_248;653058;4310474.222222222;0.3696;653070;4310472.368799999;0.36958180755830283;17;0.0
Meta_249;653058;4310474.222222222;0.4224;653058;3654206.022;0.42162544733025026;16;0.0
Meta_250;653058;4310474.222222222;0.4752;653058;4055078.942400001;0.4568907626276733;11;0.0
Meta_251;653058;5388092.777777778;0.0;653230;5377495.478900002;0.14743145591316226;3600;0.40577445887825453
Meta_252;653058;5388092.777777778;0.0528;653067;5330251.214700001;0.15596908859435477;3600;0.5309949031874763
Meta_253;653058;5388092.777777778;0.1056;653146;5380002.417600002;0.14639913656400516;3600;0.6925511056664365
Meta_254;653058;5388092.777777778;0.15839999999999999;653537;5364834.108400002;0.16489280231273085;3600;1.0
Meta_255;653058;5388092.777777778;0.2112;654080;5278520.2876;0.21120102471361116;24;0.0
Meta_256;653058;5388092.777777778;264;653058;5385431.260599996;0.2639998732150146;20;0.0
Meta_257;653058;5388092.777777778;0.31679999999999997;653058;4285203.984199999;0.31659510780188443;11;0.0
Meta_258;653058;5388092.777777778;0.3696;653058;5377917.2903;0.3693383019444609;19;0.0
Meta_259;653058;5388092.777777778;0.4224;654531;4569853.245800002;0.4223984886265895;16;0.0
Meta_260;653058;5388092.777777778;0.4752;653058;4414692.9018;0.46356368182500146;5;0.0
Meta_261;653058;6465711.333333333;0.0;653081;6279878.013800002;0.14917811490537516;3600;0.4081109958432864
Meta_262;653058;6465711.333333333;0.0528;653067;6457107.051500002;0.15113521783118314;3600;0.507446729771507
Meta_263;653058;6465711.333333333;0.1056;658282;6383204.8823000025;0.1436620053347191;3600;0.7269901043130307
Meta_264;653058;6465711.333333333;0.15839999999999999;685330;5907348.919800001;0.1584006849779427;252;0.0
Meta_265;653058;6465711.333333333;0.2112;653459;6341870.871100003;0.21119923291231937;16;0.0
Meta_266;653058;6465711.333333333;264;665064;6297725.286300001;0.263988826510672;18;0.0
Meta_267;653058;6465711.333333333;0.31679999999999997;656891;4299505.672999999;0.316799256755108;53;0.0
Meta_268;653058;6465711.333333333;0.3696;653058;5878106.7943;0.3694481326416239;17;0.0
Meta_269;653058;6465711.333333333;0.4224;653058;6415651.1496;0.42236944337640164;13;0.0
Meta_270;653058;6465711.333333333;0.4752;653058;6465542.349999997;0.4567392591675668;11;0.0
Meta_271;653058;7543329.888888888;0.0;653058;7496658.402999999;0.14378293288722344;3600;0.36804057668349816
Meta_272;653058;7543329.888888888;0.0528;653058;7478763.029399999;0.15278319794831005;3600;0.5042956814836503
Meta_273;653058;7543329.888888888;0.1056;653062;7209771.449400001;0.15471901480391753;3600;0.8601604038304355
Meta_274;653058;7543329.888888888;0.15839999999999999;654552;7529228.628499999;0.15839913110394666;88;0.0
Meta_275;653058;7543329.888888888;0.2112;653084;7197433.038599998;0.21120158801699684;16;0.0
Meta_276;653058;7543329.888888888;264;653227;7151409.9484;0.26389730471644135;17;0.0
Meta_277;653058;7543329.888888888;0.31679999999999997;653058;7543329.087799995;0.29704983903700694;15;0.0
Meta_278;653058;7543329.888888888;0.3696;653059;6682753.472699998;0.3694503967840998;16;0.0
Meta_279;653058;7543329.888888888;0.4224;653058;5062962.412599998;0.4222489031314853;13;0.0
Meta_280;653058;7543329.888888888;0.4752;653058;5166665.662199998;0.4442742094482308;10;0.0
Meta_281;653058;8620948.444444444;0.0;653058;8055997.821199995;0.14652016362335737;3600;0.4158693017088857
Meta_282;653058;8620948.444444444;0.0528;656643;8123021.827799996;0.14392418092835635;3600;0.44156781304184023
Meta_283;653058;8620948.444444444;0.1056;652962;7605725.042399999;0.18452795281539244;3600;0.9413099086248407
Meta_284;653058;8620948.444444444;0.15839999999999999;653058;7898919.102800002;0.15759889276728886;60;0.0
Meta_285;653058;8620948.444444444;0.2112;653184;7023935.636999998;0.2080839468305589;32;0.0
Meta_286;653058;8620948.444444444;264;654503;8304917.397400001;0.26399965992880514;13;0.0
Meta_287;653058;8620948.444444444;0.31679999999999997;653058;7113080.619500001;0.31568111317470715;16;0.0
Meta_288;653058;8620948.444444444;0.3696;653069;8558209.926099999;0.3678339041549878;17;0.0
Meta_289;653058;8620948.444444444;0.4224;653283;7185138.662300002;0.42238274354799593;15;0.0
Meta_290;653058;8620948.444444444;0.4752;653058;7266639.205600001;0.4628142685252301;4;0.0
Meta_291;653058;9698567.0;0.0;683407;9369451.0142;0.14152450729738678;3600;0.34799962823375574
Meta_292;653058;9698567.0;0.0528;656339;8541509.329300003;0.14501871699569222;3600;0.43793263348427075
Meta_293;653058;9698567.0;0.1056;653619;8693847.199299997;0.14299493286884102;3605;0.7888275139062275
Meta_294;653058;9698567.0;0.15839999999999999;668770;6686058.832700002;0.15244949967937818;116;0.0
Meta_295;653058;9698567.0;0.2112;653068;9559757.810300002;0.2111998794901627;17;0.0
Meta_296;653058;9698567.0;264;659289;6447102.173900003;0.26399859637407763;13;0.0
Meta_297;653058;9698567.0;0.31679999999999997;653058;8339699.121099996;0.31680029245770064;13;0.0
Meta_298;653058;9698567.0;0.3696;653058;8095158.1853;0.3690102486988667;13;0.0
Meta_299;653058;9698567.0;0.4224;653058;8263286.6213;0.42144411111292973;13;0.0
Meta_300;653058;9698567.0;0.4752;653058;7249171.889799998;0.45493276755982603;5;0.0
Meta_301;619218;0.0;0.0;621072;1886204.9684999993;0.1569491010664055;3600;0.4389757213907046
Meta_302;619218;0.0;0.0528;625457;2036707.7127999992;0.15492710155376527;3600;0.46697284958554264
Meta_303;619218;0.0;0.1056;620005;2074097.0498000004;0.15116805481424378;3600;0.5624918213602662
Meta_304;619218;0.0;0.15839999999999999;624983;1719544.5877999996;0.20255232131640785;3600;0.6845240059324886
Meta_305;619218;0.0;0.2112;620911;1861283.7977999994;0.22184654829658873;3600;0.6493826576554121
Meta_306;619218;0.0;264;623107;1340427.5621999998;0.26400004597059895;3600;0.5064422977178309
Meta_307;619218;0.0;0.31679999999999997;619218;1236172.4097999998;0.3168004799269313;3603;0.5318105584417153
Meta_308;619218;0.0;0.3696;619218;735144.4323000001;0.3695964691325187;3600;0.30932906079613515
Meta_309;619218;0.0;0.4224;619218;497827.0246000001;0.4223987631350117;3600;0.06530412625905646
Meta_310;619218;0.0;0.4752;619218;434779.01449999993;0.4752009972345715;3600;0.0013215084227449297
Meta_311;619218;1077618.5555555555;0.0;620668;1695108.7183000008;0.19888043460191557;3600;0.6950950460162542
Meta_312;619218;1077618.5555555555;0.0528;620199;2049469.4128999999;0.16805643855741378;3600;0.6616258300646112
Meta_313;619218;1077618.5555555555;0.1056;622884;2077274.8355999994;0.15075561605638468;3600;0.8144193541405421
Meta_314;619218;1077618.5555555555;0.15839999999999999;624228;1896712.329999999;0.17042270195389805;3606;1.0
Meta_315;619218;1077618.5555555555;0.2112;620881;1765517.3313999993;0.211433527734528;3601;1.0
Meta_316;619218;1077618.5555555555;264;619698;1637615.120199999;0.2640003875985112;3600;1.0
Meta_317;619218;1077618.5555555555;0.31679999999999997;619381;1226369.9209999996;0.31680058318126675;3600;1.0
Meta_318;619218;1077618.5555555555;0.3696;619239;1076343.3818000003;0.36937300991104516;109;0.0
Meta_319;619218;1077618.5555555555;0.4224;619218;1060311.3635;0.4223594995207074;14;0.0
Meta_320;619218;1077618.5555555555;0.4752;620041;1046770.1697;0.47519339063556915;14;0.0
Meta_321;619218;2155237.111111111;0.0;624493;2150764.877;0.17808656280174015;3600;0.6199010566107779
Meta_322;619218;2155237.111111111;0.0528;619218;2274442.6464000004;0.17614897369283614;3600;0.6920773710332292
Meta_323;619218;2155237.111111111;0.1056;619218;2157138.219300001;0.19216581775121808;3600;1.0
Meta_324;619218;2155237.111111111;0.15839999999999999;624175;2152689.1981999995;0.18102581775074367;3600;1.0
Meta_325;619218;2155237.111111111;0.2112;620089;2153848.738400001;0.21119467636289027;2765;0.0
Meta_326;619218;2155237.111111111;264;621235;2155168.8688000003;0.26400139775543746;30;0.0
Meta_327;619218;2155237.111111111;0.31679999999999997;619700;2155231.928000001;0.3167988210626819;23;0.0
Meta_328;619218;2155237.111111111;0.3696;619685;2123142.6386000006;0.3695988223409176;14;0.0
Meta_329;619218;2155237.111111111;0.4224;619218;2148973.176600001;0.4223998763041904;12;0.0
Meta_330;619218;2155237.111111111;0.4752;619453;1646070.9551999993;0.47448748674680624;11;0.0
Meta_331;619218;3232855.6666666665;0.0;622141;3233710.5159;0.18277809649036045;3600;0.6361506771982384
Meta_332;619218;3232855.6666666665;0.0528;622968;3232813.2576000006;0.18729911931535403;3600;0.7030006125135876
Meta_333;619218;3232855.6666666665;0.1056;619221;3242027.6695;0.22313304928660171;3600;1.0
Meta_334;619218;3232855.6666666665;0.15839999999999999;622662;3193871.9049999975;0.18457518631165531;3600;1.0
Meta_335;619218;3232855.6666666665;0.2112;619304;3229308.003000001;0.2112015013337284;92;0.0
Meta_336;619218;3232855.6666666665;264;619222;3209406.862500001;0.2639999877622753;21;0.0
Meta_337;619218;3232855.6666666665;0.31679999999999997;627905;3231553.0145000005;0.3167999646786641;16;0.0
Meta_338;619218;3232855.6666666665;0.3696;619218;3232841.4753999994;0.3695979740772759;16;0.0
Meta_339;619218;3232855.6666666665;0.4224;619313;3068996.2645000005;0.42239820986302046;12;0.0
Meta_340;619218;3232855.6666666665;0.4752;619218;3057613.727;0.4751352343916801;12;0.0
Meta_341;619218;4310474.222222222;0.0;619218;4308408.908600001;0.1676915894197895;3607;0.5698140244135941
Meta_342;619218;4310474.222222222;0.0528;621747;4309266.5819;0.17752604281942927;3600;0.6784428569400403
Meta_343;619218;4310474.222222222;0.1056;619248;4162402.7443999997;0.18141532299090765;3600;1.0
Meta_344;619218;4310474.222222222;0.15839999999999999;623192;4235686.840500001;0.15840227110338864;791;0.0
Meta_345;619218;4310474.222222222;0.2112;621423;4261266.006399999;0.209462090123365;19;0.0
Meta_346;619218;4310474.222222222;264;619231;4201686.149200001;0.26266171096217067;13;0.0
Meta_347;619218;4310474.222222222;0.31679999999999997;620974;4242402.054500001;0.316471404142466;14;0.0
Meta_348;619218;4310474.222222222;0.3696;619387;3734069.5474000005;0.3695975874731714;31;0.0
Meta_349;619218;4310474.222222222;0.4224;619218;4303271.0211000005;0.42237169034761396;15;0.0
Meta_350;619218;4310474.222222222;0.4752;619218;4246228.739500002;0.47439045011189546;10;0.0
Meta_351;619218;5388092.777777778;0.0;619303;5232789.085899999;0.1602071564165487;3600;0.549462246980127
Meta_352;619218;5388092.777777778;0.0528;619503;5385532.257400001;0.15693500488011256;3600;0.5496782211733775
Meta_353;619218;5388092.777777778;0.1056;619218;5370558.4109999975;0.16640208775867082;3600;1.0
Meta_354;619218;5388092.777777778;0.15839999999999999;624685;4629981.7469999995;0.15775401575546535;34;0.0
Meta_355;619218;5388092.777777778;0.2112;624131;5227740.3794;0.21120118550246245;18;0.0
Meta_356;619218;5388092.777777778;264;622508;4720473.9921;0.26399998936392105;17;0.0
Meta_357;619218;5388092.777777778;0.31679999999999997;619248;5026900.0852999985;0.3167485641273154;15;0.0
Meta_358;619218;5388092.777777778;0.3696;620641;3874792.5272;0.3695979534247987;16;0.0
Meta_359;619218;5388092.777777778;0.4224;619901;4825082.125099999;0.42229820881508784;13;0.0
Meta_360;619218;5388092.777777778;0.4752;619218;3222616.9253999987;0.4730984163512448;12;0.0
Meta_361;619218;6465711.333333333;0.0;619218;6360863.716700002;0.16539973247720605;3600;0.5800801655136103
Meta_362;619218;6465711.333333333;0.0528;619446;6429256.887900001;0.16140557005923062;3600;0.5886949423228056
Meta_363;619218;6465711.333333333;0.1056;619444;6280925.065299999;0.16957331295204248;3600;1.0
Meta_364;619218;6465711.333333333;0.15839999999999999;619961;5447690.057600003;0.15817623281932788;277;0.0
Meta_365;619218;6465711.333333333;0.2112;624780;5461465.8516;0.21119972910106727;18;0.0
Meta_366;619218;6465711.333333333;264;619218;5386309.806600003;0.2639951972494531;13;0.0
Meta_367;619218;6465711.333333333;0.31679999999999997;622073;3895568.1109999996;0.31679059022522943;13;0.0
Meta_368;619218;6465711.333333333;0.3696;626797;4927213.067999997;0.36569636980679804;15;0.0
Meta_369;619218;6465711.333333333;0.4224;619218;5009165.363799999;0.4223734098070576;12;0.0
Meta_370;619218;6465711.333333333;0.4752;619218;3052655.2401000005;0.4751236510447066;12;0.0
Meta_371;619218;7543329.888888888;0.0;619218;7407203.575900001;0.1452174580598032;3600;0.4368409681495691
Meta_372;619218;7543329.888888888;0.0528;647668;7436124.517500001;0.1424575695684657;3600;0.4365398398808751
Meta_373;619218;7543329.888888888;0.1056;619218;7386664.6214;0.1591144402113585;3600;1.0
Meta_374;619218;7543329.888888888;0.15839999999999999;629222;7023026.936799998;0.15839410924559133;97;0.0
Meta_375;619218;7543329.888888888;0.2112;619224;7522959.854000005;0.2112006227912649;17;0.0
Meta_376;619218;7543329.888888888;264;619708;5264886.126299999;0.263999419892297;22;0.0
Meta_377;619218;7543329.888888888;0.31679999999999997;621145;6241299.873200001;0.31674026056797583;16;0.0
Meta_378;619218;7543329.888888888;0.3696;619688;5945248.710399999;0.36870158925708874;16;0.0
Meta_379;619218;7543329.888888888;0.4224;621431;5939359.929400002;0.4135892890073035;13;0.0
Meta_380;619218;7543329.888888888;0.4752;619218;3934783.5081000007;0.47200003964274917;15;0.0
Meta_381;619218;8620948.444444444;0.0;619905;8373713.248000002;0.14412304694641484;3605;0.41141390927851396
Meta_382;619218;8620948.444444444;0.0528;623955;8500644.9488;0.14939584599871425;3600;0.5186749292670851
Meta_383;619218;8620948.444444444;0.1056;619432;8034756.985;0.14982069915188717;3600;1.0
Meta_384;619218;8620948.444444444;0.15839999999999999;620069;8257871.103899999;0.15831017514675277;15;0.0
Meta_385;619218;8620948.444444444;0.2112;621972;5607438.3164;0.211171620435789;41;0.0
Meta_386;619218;8620948.444444444;264;619238;8546447.394299999;0.26400058549891503;22;0.0
Meta_387;619218;8620948.444444444;0.31679999999999997;620457;8053892.300000001;0.3167397549823895;16;0.0
Meta_388;619218;8620948.444444444;0.3696;619218;3450287.229999999;0.36959998150476375;17;0.0
Meta_389;619218;8620948.444444444;0.4224;619218;5607874.660100001;0.4223947240821834;15;0.0
Meta_390;619218;8620948.444444444;0.4752;619218;3482719.7763;0.47436727826095787;11;0.0
Meta_391;619218;9698567.0;0.0;619218;8140991.921;0.17032719519858802;3600;0.6210142894201577
Meta_392;619218;9698567.0;0.0528;632239;9672769.2117;0.13728024099425643;3600;0.3799384165592532
Meta_393;619218;9698567.0;0.1056;619236;8433926.687700007;0.14979020072821542;3600;1.0
Meta_394;619218;9698567.0;0.15839999999999999;647586;7632554.492300002;0.15840010953294226;45;0.0
Meta_395;619218;9698567.0;0.2112;619218;7800457.700899998;0.2111937276260383;38;0.0
Meta_396;619218;9698567.0;264;622812;4830084.850599999;0.2640016191911176;13;0.0
Meta_397;619218;9698567.0;0.31679999999999997;619443;8661424.9795;0.31660052540343014;12;0.0
Meta_398;619218;9698567.0;0.3696;620023;7052634.550399997;0.36959650062790744;16;0.0
Meta_399;619218;9698567.0;0.4224;619453;6318285.970499998;0.4223768061027812;11;0.0
Meta_400;619218;9698567.0;0.4752;619643;3436291.5413000006;0.474959172756089;12;0.0
Meta_401;585378;0.0;0.0;586903;1586726.9113;0.1706089315737331;3600;0.5488788128127382
Meta_402;585378;0.0;0.0528;591895;1574648.8971000004;0.17964597966756993;3600;0.6067510812592404
Meta_403;585378;0.0;0.1056;588586;1824602.7478999996;0.15652704068471193;3604;0.6904526761604035
Meta_404;585378;0.0;0.15839999999999999;586109;1584518.6766999997;0.20929356869249888;3600;0.8024597095088036
Meta_405;585378;0.0;0.2112;586517;1740926.7191000006;0.21258026610943734;3605;0.7539120298120284
Meta_406;585378;0.0;264;585378;1875842.203999999;0.2750352022738489;3600;0.8730122725998752
Meta_407;585378;0.0;0.31679999999999997;585378;1336667.3979;0.3167998912786214;3600;0.8520086347373637
Meta_408;585378;0.0;0.3696;585378;736675.5121;0.3695977194481504;3600;0.8404023197487025
Meta_409;585378;0.0;0.4224;585378;266245.36139999994;0.42239993582365126;3600;0.8211460764146327
Meta_410;585378;0.0;0.4752;585378;14110.508;0.4752013606525889;21;0.0
Meta_411;585378;1077618.5555555555;0.0;600000;1825683.7425;0.1690070434264967;3600;0.6595982541912392
Meta_412;585378;1077618.5555555555;0.0528;593968;1884523.0252000003;0.18841467035398515;3600;0.7531139935469495
Meta_413;585378;1077618.5555555555;0.1056;588834;1768445.2135999997;0.15410395474414293;3603;1.0
Meta_414;585378;1077618.5555555555;0.15839999999999999;591333;1607036.6777999997;0.18454588407070113;3600;1.0
Meta_415;585378;1077618.5555555555;0.2112;587536;1998109.3212000001;0.2448047571206101;3600;1.0
Meta_416;585378;1077618.5555555555;264;589622;1446160.9730999998;0.2640000544331309;3600;1.0
Meta_417;585378;1077618.5555555555;0.31679999999999997;585379;1163528.5277999998;0.316790810700408;3600;1.0
Meta_418;585378;1077618.5555555555;0.3696;585378;1077610.1158;0.36818877515984927;52;0.0
Meta_419;585378;1077618.5555555555;0.4224;586394;1060709.4639;0.42239987243932614;32;0.0
Meta_420;585378;1077618.5555555555;0.4752;585378;1035947.5681000001;0.4751210097025345;10;0.0
Meta_421;585378;2155237.111111111;0.0;590695;2155148.904;0.19511699972143678;3600;0.7080980547750201
Meta_422;585378;2155237.111111111;0.0528;585385;2185881.8560000006;0.17811842449786103;3600;0.6953202858447288
Meta_423;585378;2155237.111111111;0.1056;590890;2155292.1976999994;0.1798334472543958;3600;1.0
Meta_424;585378;2155237.111111111;0.15839999999999999;597802;2155238.4373999997;0.17250678797574287;3600;1.0
Meta_425;585378;2155237.111111111;0.2112;586772;2149107.7495;0.2112006306785466;62;0.0
Meta_426;585378;2155237.111111111;264;599865;2073312.1751000003;0.2622240303970358;121;0.0
Meta_427;585378;2155237.111111111;0.31679999999999997;585380;2155221.787999999;0.31678849711720103;40;0.0
Meta_428;585378;2155237.111111111;0.3696;590163;2112431.1022000005;0.369410267980227;14;0.0
Meta_429;585378;2155237.111111111;0.4224;587626;2102055.0615999997;0.42238268531681716;17;0.0
Meta_430;585378;2155237.111111111;0.4752;587316;2135824.6359999995;0.4751929992801858;9;0.0
Meta_431;585378;3232855.6666666665;0.0;585378;3235421.928500001;0.1828256127539237;3604;0.6475424657813763
Meta_432;585378;3232855.6666666665;0.0528;593621;3246804.7449999987;0.18745603417501971;3600;0.7192073636404154
Meta_433;585378;3232855.6666666665;0.1056;587318;3232439.8573999996;0.1887446677280242;3600;1.0
Meta_434;585378;3232855.6666666665;0.15839999999999999;591779;3040323.6783;0.1717628006164;3600;1.0
Meta_435;585378;3232855.6666666665;0.2112;642876;3231388.270099999;0.21119248479680455;21;0.0
Meta_436;585378;3232855.6666666665;264;597762;3051590.758500001;0.26310650568811894;51;0.0
Meta_437;585378;3232855.6666666665;0.31679999999999997;592088;3089043.1814;0.31676515018498796;20;0.0
Meta_438;585378;3232855.6666666665;0.3696;588004;2592974.0364999995;0.3695924644599782;16;0.0
Meta_439;585378;3232855.6666666665;0.4224;585378;2710377.8558;0.4222718257484588;14;0.0
Meta_440;585378;3232855.6666666665;0.4752;585378;3154386.2661;0.4750907191412742;16;0.0
Meta_441;585378;4310474.222222222;0.0;589907;4310178.279599999;0.16908959402021936;3600;0.5727057660764491
Meta_442;585378;4310474.222222222;0.0528;588393;4310492.9032000005;0.16920572100570969;3600;0.6265018635680698
Meta_443;585378;4310474.222222222;0.1056;587982;4310474.167999998;0.15978500439985466;3600;1.0
Meta_444;585378;4310474.222222222;0.15839999999999999;633978;4310470.029;0.1584023471299989;324;0.0
Meta_445;585378;4310474.222222222;0.2112;614599;4297050.2623999985;0.2111991020250261;24;0.0
Meta_446;585378;4310474.222222222;264;590677;4120483.2200000007;0.26203624402631975;11;0.0
Meta_447;585378;4310474.222222222;0.31679999999999997;585403;3947957.0074000005;0.316444771537784;13;0.0
Meta_448;585378;4310474.222222222;0.3696;585378;3182659.823000001;0.36947446919144233;12;0.0
Meta_449;585378;4310474.222222222;0.4224;585378;3564675.2736;0.4223981222638052;13;0.0
Meta_450;585378;4310474.222222222;0.4752;586415;2223104.3220000006;0.47519659888436055;10;0.0
Meta_451;585378;5388092.777777778;0.0;585378;5377698.093900003;0.1628711532564019;3600;0.6051564552848486
Meta_452;585378;5388092.777777778;0.0528;586067;5387067.7592;0.17331066969985037;3600;0.6622116640099709
Meta_453;585378;5388092.777777778;0.1056;599453;5388080.667699996;0.1451358550407051;3600;0.9200552139946667
Meta_454;585378;5388092.777777778;0.15839999999999999;624164;4602524.997000001;0.1579697353399337;30;0.0
Meta_455;585378;5388092.777777778;0.2112;597861;5387518.5557;0.21120055669012855;110;0.0
Meta_456;585378;5388092.777777778;264;587566;5388097.239400002;0.2639994466727887;14;0.0
Meta_457;585378;5388092.777777778;0.31679999999999997;628617;5240087.312299999;0.31677143197692925;51;0.0
Meta_458;585378;5388092.777777778;0.3696;585792;2952059.447499999;0.3695725484169971;14;0.0
Meta_459;585378;5388092.777777778;0.4224;585378;3148414.1796000022;0.4101693865057059;15;0.0
Meta_460;585378;5388092.777777778;0.4752;586939;2609290.6775999996;0.4751996168692721;11;0.0
Meta_461;585378;6465711.333333333;0.0;585866;6342669.471200003;0.15314234928099926;3600;0.49787747638015983
Meta_462;585378;6465711.333333333;0.0528;612020;6331595.9914;0.15896522850397912;3600;0.5875419871213947
Meta_463;585378;6465711.333333333;0.1056;636740;6327493.8242999995;0.1447369548273077;3600;1.0
Meta_464;585378;6465711.333333333;0.15839999999999999;585378;5571879.4618;0.15757505651415893;55;0.0
Meta_465;585378;6465711.333333333;0.2112;590735;5483507.390600001;0.2111446289229409;19;0.0
Meta_466;585378;6465711.333333333;264;586556;4054506.816600001;0.25934305018612325;37;0.0
Meta_467;585378;6465711.333333333;0.31679999999999997;586023;4200344.4869;0.31679241369965094;16;0.0
Meta_468;585378;6465711.333333333;0.3696;585659;5227866.971500001;0.36960087709691947;13;0.0
Meta_469;585378;6465711.333333333;0.4224;585622;3665999.7240000004;0.41975797461747055;12;0.0
Meta_470;585378;6465711.333333333;0.4752;585379;2663445.7925;0.47514010286974573;4;0.0
Meta_471;585378;7543329.888888888;0.0;667666;7342821.610599999;0.14415159205215952;3600;0.40868369779263786
Meta_472;585378;7543329.888888888;0.0528;585341;7535189.651900002;0.14738729013677085;3600;0.5127248743262084
Meta_473;585378;7543329.888888888;0.1056;669201;7310259.818799992;0.1457350731073791;3600;1.0
Meta_474;585378;7543329.888888888;0.15839999999999999;585378;7057899.500000006;0.15683509720809638;42;0.0
Meta_475;585378;7543329.888888888;0.2112;589538;6777310.326999999;0.2112018138507286;13;0.0
Meta_476;585378;7543329.888888888;264;594789;6688803.731700002;0.26131167255817295;13;0.0
Meta_477;585378;7543329.888888888;0.31679999999999997;585676;6012727.214200002;0.3167946823364179;25;0.0
Meta_478;585378;7543329.888888888;0.3696;590275;3443622.900699998;0.36959863528135684;16;0.0
Meta_479;585378;7543329.888888888;0.4224;590272;2520904.349400002;0.4223026834436986;11;0.0
Meta_480;585378;7543329.888888888;0.4752;585381;2137078.378900001;0.47519833534299144;11;0.0
Meta_481;585378;8620948.444444444;0.0;585378;6347056.009099999;0.19795480649379837;3600;0.7045374916757885
Meta_482;585378;8620948.444444444;0.0528;585378;7106000.008699998;0.17650340965932146;3600;0.7443318502356774
Meta_483;585378;8620948.444444444;0.1056;585574;6872538.921900001;0.1743464158149302;3600;1.0
Meta_484;585378;8620948.444444444;0.15839999999999999;636042;7481847.633800001;0.15835930524551747;35;0.0
Meta_485;585378;8620948.444444444;0.2112;587847;5411759.727700003;0.2112006028468614;13;0.0
Meta_486;585378;8620948.444444444;264;585378;4065933.0937000015;0.26399976325884655;15;0.0
Meta_487;585378;8620948.444444444;0.31679999999999997;602078;4729464.093399998;0.31665490222596354;24;0.0
Meta_488;585378;8620948.444444444;0.3696;615723;5247845.764499998;0.3410244033720526;17;0.0
Meta_489;585378;8620948.444444444;0.4224;585378;4883877.5988;0.4223984349837768;14;0.0
Meta_490;585378;8620948.444444444;0.4752;585378;1924981.1425000003;0.47518911896918237;11;0.0
Meta_491;585378;9698567.0;0.0;585394;9200845.565200001;0.14674196450659976;3602;0.43498461557870144
Meta_492;585378;9698567.0;0.0528;602972;9288555.015500002;0.14884858470645554;3600;0.5237442472824497
Meta_493;585378;9698567.0;0.1056;585378;7314147.114700002;0.1586654658673047;3600;1.0
Meta_494;585378;9698567.0;0.15839999999999999;614820;9375647.665799998;0.1582983899709429;49;0.0
Meta_495;585378;9698567.0;0.2112;641807;6754209.504900002;0.21119861651689975;63;0.0
Meta_496;585378;9698567.0;264;585430;9170081.996999994;0.2639993747251245;16;0.0
Meta_497;585378;9698567.0;0.31679999999999997;598219;4553817.190400001;0.3164653829156443;27;0.0
Meta_498;585378;9698567.0;0.3696;615723;5247845.764499998;0.3410244033720526;15;0.0
Meta_499;585378;9698567.0;0.4224;586906;2655032.5832000007;0.4223745829022258;13;0.0
Meta_500;585378;9698567.0;0.4752;585378;4254749.1111;0.47492558866732865;6;0.0
Meta_501;551538;0.0;0.0;553473;1663935.203999999;0.15846411751935027;3600;0.6161632382313736
Meta_502;551538;0.0;0.0528;558870;1511232.2292999998;0.18847759922687612;3600;0.6846740232255449
Meta_503;551538;0.0;0.1056;559862;1594192.9343999997;0.18933532506463666;3600;0.8390260593259985
Meta_504;551538;0.0;0.15839999999999999;566330;1435347.9622999995;0.18795277101829108;3600;0.8390783176404065
Meta_505;551538;0.0;0.2112;557092;1641157.6083;0.21157168104470114;3600;0.8416088828927503
Meta_506;551538;0.0;264;551554;1967273.5532000002;0.2660321969479183;3600;0.9500251841431329
Meta_507;551538;0.0;0.31679999999999997;552993;1179467.3644000003;0.3167999701896367;3600;1.0
Meta_508;551538;0.0;0.3696;551540;718475.8664;0.3695827853782406;3600;1.0
Meta_509;551538;0.0;0.4224;552421;133249.9634;0.42239979194966304;3600;1.0
Meta_510;551538;0.0;0.4752;552595;0.0;0.4718593962950604;7;0.0
Meta_511;551538;1077618.5555555555;0.0;562833;1698417.6551000003;0.15770439395349842;3600;0.6622119265137075
Meta_512;551538;1077618.5555555555;0.0528;556703;1675617.5457000001;0.15780718108224387;3600;0.7534313758036414
Meta_513;551538;1077618.5555555555;0.1056;564883;1469387.0199000002;0.1741516436440052;3600;1.0
Meta_514;551538;1077618.5555555555;0.15839999999999999;554153;1840750.4134999998;0.22784741663787886;3600;1.0
Meta_515;551538;1077618.5555555555;0.2112;552051;1883187.9866000002;0.21464084514345785;3600;1.0
Meta_516;551538;1077618.5555555555;264;554337;1494154.3437999997;0.26400021391930084;3600;1.0
Meta_517;551538;1077618.5555555555;0.31679999999999997;555436;1075115.2260000003;0.31680157711375284;343;0.0
Meta_518;551538;1077618.5555555555;0.3696;551758;1075522.4871000003;0.36960005069552115;43;0.0
Meta_519;551538;1077618.5555555555;0.4224;551538;1076925.9649;0.42239999837825026;33;0.0
Meta_520;551538;1077618.5555555555;0.4752;551634;1026571.1382;0.4751997669600831;8;0.0
Meta_521;551538;2155237.111111111;0.0;594270;2157621.5686999997;0.15904011610085925;3600;0.5531750527483011
Meta_522;551538;2155237.111111111;0.0528;552703;2167976.9149;0.2033854787275067;3600;0.7875317838111605
Meta_523;551538;2155237.111111111;0.1056;551546;2168348.404300001;0.2023791271466172;3600;1.0
Meta_524;551538;2155237.111111111;0.15839999999999999;602938;2150362.7258;0.188113797653095;3600;1.0
Meta_525;551538;2155237.111111111;0.2112;565520;2155222.4575;0.21119940212278476;783;0.0
Meta_526;551538;2155237.111111111;264;552128;2146525.9268000005;0.26394843766971654;21;0.0
Meta_527;551538;2155237.111111111;0.31679999999999997;551589;1892917.0536000005;0.31680077742060087;21;0.0
Meta_528;551538;2155237.111111111;0.3696;551538;2058988.9588999993;0.3685834543295841;20;0.0
Meta_529;551538;2155237.111111111;0.4224;551762;1865620.6893999993;0.4224003036246486;25;0.0
Meta_530;551538;2155237.111111111;0.4752;552040;2090492.3932000005;0.4751665844253264;12;0.0
Meta_531;551538;3232855.6666666665;0.0;556098;3232844.7430000007;0.18879934672090107;3600;0.6855637303382655
Meta_532;551538;3232855.6666666665;0.0528;594396;3225755.7549000005;0.17913054633617295;3600;0.7768952980252919
Meta_533;551538;3232855.6666666665;0.1056;553342;3232855.0993000027;0.17945956390797502;3600;1.0
Meta_534;551538;3232855.6666666665;0.15839999999999999;583762;3232803.0293999976;0.1679762410090938;3600;1.0
Meta_535;551538;3232855.6666666665;0.2112;556381;2952653.6304999995;0.20974918017087937;44;0.0
Meta_536;551538;3232855.6666666665;264;557213;3027317.3711999995;0.2625954940473895;28;0.0
Meta_537;551538;3232855.6666666665;0.31679999999999997;552303;3220883.4412999996;0.3167994795880278;36;0.0
Meta_538;551538;3232855.6666666665;0.3696;551858;2974433.6977000004;0.36606820305157384;14;0.0
Meta_539;551538;3232855.6666666665;0.4224;554568;2518949.2000999996;0.42239710521727497;28;0.0
Meta_540;551538;3232855.6666666665;0.4752;551538;2190027.2925;0.4751932658563501;11;0.0
Meta_541;551538;4310474.222222222;0.0;581005;4310646.296199998;0.16499150757964925;3600;0.5761514092727145
Meta_542;551538;4310474.222222222;0.0528;570683;4310144.602700002;0.1706825867197004;3600;0.6792515618340763
Meta_543;551538;4310474.222222222;0.1056;563984;4310563.3806;0.16287302178824645;3611;1.0
Meta_544;551538;4310474.222222222;0.15839999999999999;593488;4283021.1792;0.1583982641725897;91;0.0
Meta_545;551538;4310474.222222222;0.2112;552504;4288200.917700002;0.21117309276702623;14;0.0
Meta_546;551538;4310474.222222222;264;551538;4310473.1301;0.2584251830221032;12;0.0
Meta_547;551538;4310474.222222222;0.31679999999999997;552768;4309430.125500001;0.3167995985591841;11;0.0
Meta_548;551538;4310474.222222222;0.3696;551538;4189503.0379000017;0.36960069785942895;20;0.0
Meta_549;551538;4310474.222222222;0.4224;564790;3654006.1085999995;0.422399294317128;14;0.0
Meta_550;551538;4310474.222222222;0.4752;551538;1809159.0434999997;0.4751972475719712;10;0.0
Meta_551;551538;5388092.777777778;0.0;556267;5367401.1043000035;0.16523789649792162;3600;0.5796933435588896
Meta_552;551538;5388092.777777778;0.0528;553985;5388050.7602;0.1706114609523364;3600;0.6897905075944021
Meta_553;551538;5388092.777777778;0.1056;557651;5350500.559199997;0.17121226212469512;3600;1.0
Meta_554;551538;5388092.777777778;0.15839999999999999;622426;5311809.034399998;0.15840255473191664;276;0.0
Meta_555;551538;5388092.777777778;0.2112;551764;4203069.589200001;0.21119870817230105;18;0.0
Meta_556;551538;5388092.777777778;264;552022;5311084.7581;0.26399932954266475;15;0.0
Meta_557;551538;5388092.777777778;0.31679999999999997;554912;4227844.792200001;0.3168007980250001;18;0.0
Meta_558;551538;5388092.777777778;0.3696;555028;3250941.005199999;0.369601181010739;16;0.0
Meta_559;551538;5388092.777777778;0.4224;554180;2207163.8429;0.42240078309804713;11;0.0
Meta_560;551538;5388092.777777778;0.4752;559985;1517530.0385;0.47519905834765763;13;0.0
Meta_561;551538;6465711.333333333;0.0;669028;6465652.578699997;0.14102988280510542;3600;0.39451482019566403
Meta_562;551538;6465711.333333333;0.0528;552534;6465665.937599999;0.15808847495403103;3600;0.6200629435097844
Meta_563;551538;6465711.333333333;0.1056;629792;6246734.968299999;0.15864690073991622;3600;1.0
Meta_564;551538;6465711.333333333;0.15839999999999999;652907;6069918.116199997;0.15838985860787086;38;0.0
Meta_565;551538;6465711.333333333;0.2112;558086;6464154.337400002;0.2112009383688571;16;0.0
Meta_566;551538;6465711.333333333;264;553103;5904512.206499998;0.2639938292367815;16;0.0
Meta_567;551538;6465711.333333333;0.31679999999999997;554972;4433280.131099999;0.3167915189654438;18;0.0
Meta_568;551538;6465711.333333333;0.3696;552439;2664360.3687000005;0.3695532683882567;19;0.0
Meta_569;551538;6465711.333333333;0.4224;551538;2374746.236000001;0.42152392104261016;12;0.0
Meta_570;551538;6465711.333333333;0.4752;559985;1517530.0385;0.47519905834765763;13;0.0
Meta_571;551538;7543329.888888888;0.0;551538;6650169.150699998;0.18795098132359594;3600;0.6858682957457252
Meta_572;551538;7543329.888888888;0.0528;552449;7426929.7443;0.16718012371414967;3600;0.6656322886084872
Meta_573;551538;7543329.888888888;0.1056;652276;7214915.583400004;0.14314365931570264;3600;1.0
Meta_574;551538;7543329.888888888;0.15839999999999999;595059;5145515.748599999;0.15839685511657328;47;0.0
Meta_575;551538;7543329.888888888;0.2112;569514;6791965.962499998;0.20794759017308476;13;0.0
Meta_576;551538;7543329.888888888;264;565228;6842790.429100004;0.26400000519468997;12;0.0
Meta_577;551538;7543329.888888888;0.31679999999999997;552256;6023013.4977;0.3168002963102451;18;0.0
Meta_578;551538;7543329.888888888;0.3696;551707;3411222.237;0.3691672501022467;13;0.0
Meta_579;551538;7543329.888888888;0.4224;551538;2227640.9797;0.4222971858738739;13;0.0
Meta_580;551538;7543329.888888888;0.4752;559985;1517530.0385;0.47519905834765763;11;0.0
Meta_581;551538;8620948.444444444;0.0;554719;8361828.153300005;0.14731091975859825;3600;0.4513538975982501
Meta_582;551538;8620948.444444444;0.0528;552383;8557601.532800002;0.14539482202050727;3600;0.5511257732792645
Meta_583;551538;8620948.444444444;0.1056;552113;7922816.5837;0.16950494214233966;3600;1.0
Meta_584;551538;8620948.444444444;0.15839999999999999;596562;8620311.2702;0.1581324182054214;7;0.0
Meta_585;551538;8620948.444444444;0.2112;558518;5607733.4274;0.21094948903414265;14;0.0
Meta_586;551538;8620948.444444444;264;552760;8505229.326100003;0.26102389993209424;15;0.0
Meta_587;551538;8620948.444444444;0.31679999999999997;555979;7067622.863500002;0.31537427259579687;38;0.0
Meta_588;551538;8620948.444444444;0.3696;552441;2624623.8303000014;0.3695694010298876;17;0.0
Meta_589;551538;8620948.444444444;0.4224;551538;2592105.918900001;0.42239478368305927;11;0.0
Meta_590;551538;8620948.444444444;0.4752;559985;1517530.0385;0.47519905834765763;12;0.0
Meta_591;551538;9698567.0;0.0;665249;9289173.0423;0.146065062127527;3600;0.46844642454784446
Meta_592;551538;9698567.0;0.0528;551623;9348025.661099996;0.16213996856334076;3600;0.649040242406269
Meta_593;551538;9698567.0;0.1056;574904;6149208.7212000005;0.2405988208170625;3600;1.0
Meta_594;551538;9698567.0;0.15839999999999999;580257;6636152.077699998;0.1584028676585249;55;0.0
Meta_595;551538;9698567.0;0.2112;581569;4930038.510699999;0.21119928272575023;11;0.0
Meta_596;551538;9698567.0;264;614057;7388071.136500001;0.26399104189871575;15;0.0
Meta_597;551538;9698567.0;0.31679999999999997;551538;4917733.9704;0.31494602651727494;13;0.0
Meta_598;551538;9698567.0;0.3696;551538;3886733.4331000005;0.3695993995060623;22;0.0
Meta_599;551538;9698567.0;0.4224;551538;2592105.918900001;0.42239478368305927;13;0.0
Meta_600;551538;9698567.0;0.4752;559985;1517530.0385;0.47519905834765763;13;0.0
Meta_601;517698;0.0;0.0;541018;1636359.6735999992;0.16424029634313314;3600;0.6397164086006679
Meta_602;517698;0.0;0.0528;536750;1506099.3042999997;0.16835215020526018;3600;0.6787634881528385
Meta_603;517698;0.0;0.1056;529651;1467234.0746999995;0.16731900912606926;3600;0.8365070325406716
Meta_604;517698;0.0;0.15839999999999999;562823;1520186.1439000007;0.17733615748764697;3600;0.8589078946018549
Meta_605;517698;0.0;0.2112;517698;1913688.5527000006;0.27559644714075776;3600;0.9642245353193262
Meta_606;517698;0.0;264;517698;1853684.6151;0.27747755803993696;3600;0.9621393550959518
Meta_607;517698;0.0;0.31679999999999997;517698;1158652.3111999996;0.3167999381351441;3603;1.0
Meta_608;517698;0.0;0.3696;517785;376913.90549999994;0.36960006177426213;3600;1.0
Meta_609;517698;0.0;0.4224;519620;0.0;0.4223629020289107;85;0.0
Meta_610;517698;0.0;0.4752;518915;0.0;0.4469374621152964;11;0.0
Meta_611;517698;1077618.5555555555;0.0;539982;1734528.1785000004;0.16836270803818063;3603;0.730208899920845
Meta_612;517698;1077618.5555555555;0.0528;521567;1248559.4485999995;0.19814545397306696;3600;0.7866914147463554
Meta_613;517698;1077618.5555555555;0.1056;537228;1507491.8348;0.16124728497830856;3600;1.0
Meta_614;517698;1077618.5555555555;0.15839999999999999;539491;1468843.0169999998;0.170437030849019;3600;1.0
Meta_615;517698;1077618.5555555555;0.2112;523119;1735163.3540999994;0.21290129261825103;3600;1.0
Meta_616;517698;1077618.5555555555;264;521314;1167232.2861000004;0.26400131099186736;3600;1.0
Meta_617;517698;1077618.5555555555;0.31679999999999997;533878;1077411.7012;0.31679410479824055;93;0.0
Meta_618;517698;1077618.5555555555;0.3696;518082;1056633.2309;0.3695925861684346;84;0.0
Meta_619;517698;1077618.5555555555;0.4224;517703;603942.0154999997;0.4223975395409542;21;0.0
Meta_620;517698;1077618.5555555555;0.4752;517698;1034839.9353;0.4601192488950454;5;0.0
Meta_621;517698;2155237.111111111;0.0;518845;2415939.8025999996;0.2559564980661439;3600;0.858102297160485
Meta_622;517698;2155237.111111111;0.0528;601255;2163053.7047000006;0.16511225440498656;3600;0.6716695142770815
Meta_623;517698;2155237.111111111;0.1056;600313;2155238.3899000003;0.15342408056637355;3600;1.0
Meta_624;517698;2155237.111111111;0.15839999999999999;570725;2154456.3346999995;0.16579301944806887;3605;1.0
Meta_625;517698;2155237.111111111;0.2112;528749;2139102.4393;0.21111056899435066;51;0.0
Meta_626;517698;2155237.111111111;264;517718;2155136.1415;0.26399572715208985;22;0.0
Meta_627;517698;2155237.111111111;0.31679999999999997;527648;2102914.2984000007;0.31579602518637284;20;0.0
Meta_628;517698;2155237.111111111;0.3696;523351;2070807.3582;0.3696012216390432;35;0.0
Meta_629;517698;2155237.111111111;0.4224;519338;1493045.1023999997;0.4217235115653011;13;0.0
Meta_630;517698;2155237.111111111;0.4752;517698;972255.4707;0.4707288054363993;11;0.0
Meta_631;517698;3232855.6666666665;0.0;522591;3232769.4811;0.1980163849573789;3600;0.7081070076993438
Meta_632;517698;3232855.6666666665;0.0528;523440;3233430.7442999985;0.19836983580142953;3600;0.8335774069179317
Meta_633;517698;3232855.6666666665;0.1056;528086;3233109.8511;0.19227228664653867;3600;1.0
Meta_634;517698;3232855.6666666665;0.15839999999999999;625603;3232293.761300001;0.16143276776344936;3600;1.0
Meta_635;517698;3232855.6666666665;0.2112;517698;3207309.1481000013;0.20899191461708247;22;0.0
Meta_636;517698;3232855.6666666665;264;533431;3155414.1805000002;0.2640008686873915;17;0.0
Meta_637;517698;3232855.6666666665;0.31679999999999997;517769;3189629.6913999985;0.3167998271556139;15;0.0
Meta_638;517698;3232855.6666666665;0.3696;518767;1990532.8744000006;0.36950798499854093;14;0.0
Meta_639;517698;3232855.6666666665;0.4224;517744;1625282.8205999997;0.42240007700828713;15;0.0
Meta_640;517698;3232855.6666666665;0.4752;517698;1416057.5044000002;0.44916897863337024;12;0.0
Meta_641;517698;4310474.222222222;0.0;524935;4305976.384900001;0.17803790600432376;3605;0.6439977929577888
Meta_642;517698;4310474.222222222;0.0528;576332;4310396.9739;0.16866243736452163;3600;0.6643779910381177
Meta_643;517698;4310474.222222222;0.1056;548880;4261328.081199998;0.19471340805409526;3600;1.0
Meta_644;517698;4310474.222222222;0.15839999999999999;573268;4008525.7954;0.15839825185207623;258;0.0
Meta_645;517698;4310474.222222222;0.2112;517698;4114529.607200001;0.2112015550877454;32;0.0
Meta_646;517698;4310474.222222222;264;560025;3877629.7272000005;0.2624289047192518;52;0.0
Meta_647;517698;4310474.222222222;0.31679999999999997;527111;4246044.387100001;0.3167999010773907;24;0.0
Meta_648;517698;4310474.222222222;0.3696;517698;3584204.3816999993;0.3695996660070203;14;0.0
Meta_649;517698;4310474.222222222;0.4224;532413;4242715.747200001;0.4223950807593862;13;0.0
Meta_650;517698;4310474.222222222;0.4752;517698;4134148.802900001;0.4559987865069327;3;0.0
Meta_651;517698;5388092.777777778;0.0;517698;5388078.426000002;0.17742307819227096;3600;0.6514498084697046
Meta_652;517698;5388092.777777778;0.0528;523087;5387022.474599998;0.1651054308775789;3600;0.6596988094226197
Meta_653;517698;5388092.777777778;0.1056;541005;5305129.8785;0.17267254863292433;3600;1.0
Meta_654;517698;5388092.777777778;0.15839999999999999;626320;5221091.966700003;0.1583794046590708;256;0.0
Meta_655;517698;5388092.777777778;0.2112;558980;4355893.933599998;0.21120048261806737;27;0.0
Meta_656;517698;5388092.777777778;264;517698;4010922.839399999;0.2640001365898934;37;0.0
Meta_657;517698;5388092.777777778;0.31679999999999997;522553;5155835.343400002;0.3154788713656938;15;0.0
Meta_658;517698;5388092.777777778;0.3696;517698;1743559.9042000002;0.3695153762726939;15;0.0
Meta_659;517698;5388092.777777778;0.4224;528231;3482158.5746000023;0.422400930357091;9;0.0
Meta_660;517698;5388092.777777778;0.4752;519325;4453182.4988;0.46781229888857806;3;0.0
Meta_661;517698;6465711.333333333;0.0;656903;6330244.016899999;0.14318036016900437;3600;0.4333133298679812
Meta_662;517698;6465711.333333333;0.0528;569296;6282376.255500001;0.15402247776484668;3602;0.5866929829164526
Meta_663;517698;6465711.333333333;0.1056;636849;6373537.1329999985;0.14152959613251692;3600;1.0
Meta_664;517698;6465711.333333333;0.15839999999999999;598586;6274887.966800001;0.15840106414105792;72;0.0
Meta_665;517698;6465711.333333333;0.2112;620035;6021155.251500003;0.21006787306203667;15;0.0
Meta_666;517698;6465711.333333333;264;524623;5536029.4036;0.2634997076091291;14;0.0
Meta_667;517698;6465711.333333333;0.31679999999999997;548317;5942979.562299993;0.31672726314489597;15;0.0
Meta_668;517698;6465711.333333333;0.3696;519609;2225083.4897999996;0.36957222886292923;24;0.0
Meta_669;517698;6465711.333333333;0.4224;522196;3784345.740900003;0.4223820249494003;12;0.0
Meta_670;517698;6465711.333333333;0.4752;517698;1298424.931;0.44981858600227775;4;0.0
Meta_671;517698;7543329.888888888;0.0;559172;7521921.162599991;0.1514070739915132;3600;0.4964189089507135
Meta_672;517698;7543329.888888888;0.0528;606551;7539610.865;0.1404424436367821;3600;0.49211165140663515
Meta_673;517698;7543329.888888888;0.1056;525233;7080884.435499998;0.1743679402293893;3600;1.0
Meta_674;517698;7543329.888888888;0.15839999999999999;663348;6809214.016800001;0.1583994533013124;61;0.0
Meta_675;517698;7543329.888888888;0.2112;528042;7542992.400499999;0.21061630265478604;13;0.0
Meta_676;517698;7543329.888888888;264;580146;6159931.937999999;0.26223428508856;30;0.0
Meta_677;517698;7543329.888888888;0.31679999999999997;519804;6249411.913299998;0.31674826830364267;10;0.0
Meta_678;517698;7543329.888888888;0.3696;518382;1695869.3327;0.3692277135723975;12;0.0
Meta_679;517698;7543329.888888888;0.4224;528084;3660427.751599999;0.42225978035935013;12;0.0
Meta_680;517698;7543329.888888888;0.4752;517698;1298042.1862;0.4498832969464322;3;0.0
Meta_681;517698;8620948.444444444;0.0;566379;8385419.0135;0.1462065352597342;3605;0.4741953634192968
Meta_682;517698;8620948.444444444;0.0528;549320;8378532.1898;0.15488404760217023;3606;0.5947241029304606
Meta_683;517698;8620948.444444444;0.1056;525057;8078654.845100005;0.15139555871020158;3600;1.0
Meta_684;517698;8620948.444444444;0.15839999999999999;631761;5841013.526900003;0.15830633259174526;57;0.0
Meta_685;517698;8620948.444444444;0.2112;528394;5646460.175000001;0.2112009883661798;18;0.0
Meta_686;517698;8620948.444444444;264;590855;4657384.8808;0.26400068123944676;30;0.0
Meta_687;517698;8620948.444444444;0.31679999999999997;532158;5918372.5033;0.3167999979588512;18;0.0
Meta_688;517698;8620948.444444444;0.3696;517756;1677519.9918;0.36958669485444073;15;0.0
Meta_689;517698;8620948.444444444;0.4224;549465;3915156.1658999994;0.4224011827856225;13;0.0
Meta_690;517698;8620948.444444444;0.4752;517698;1299123.1901000002;0.4497903223597582;4;0.0
Meta_691;517698;9698567.0;0.0;519038;8511426.6667;0.16874749851812285;3600;0.6175321999197351
Meta_692;517698;9698567.0;0.0528;538887;8604056.889500003;0.16464102934770933;3600;0.6561632481711619
Meta_693;517698;9698567.0;0.1056;527582;7812112.333799999;0.17919552640598604;3600;1.0
Meta_694;517698;9698567.0;0.15839999999999999;543694;8945656.046699997;0.17444470868810433;3600;1.0
Meta_695;517698;9698567.0;0.2112;588235;8951528.432799997;0.21112966405752545;114;0.0
Meta_696;517698;9698567.0;264;575984;5348066.963799999;0.2639958838946838;55;0.0
Meta_697;517698;9698567.0;0.31679999999999997;523791;7514620.359300001;0.31494587262807766;24;0.0
Meta_698;517698;9698567.0;0.3696;517732;1850001.7033999988;0.36957097387029203;21;0.0
Meta_699;517698;9698567.0;0.4224;521366;3815588.5299000004;0.4222974540430895;16;0.0
Meta_700;517698;9698567.0;0.4752;517698;1298042.1862;0.4498832969464322;4;0.0
Meta_701;483858;0.0;0.0;484586;2086991.6585000001;0.26212058100445573;3600;0.8658419481224956
Meta_702;483858;0.0;0.0528;583960;1796909.5769000002;0.20172578396497853;3600;0.8121457642348104
Meta_703;483858;0.0;0.1056;527997;1504718.245099999;0.16353906388618175;3600;0.8492443180637282
Meta_704;483858;0.0;0.15839999999999999;483933;2386273.5763999983;0.24083591007445904;3600;0.9521300393688509
Meta_705;483858;0.0;0.2112;483858;1458821.4164;0.2791149962507367;3601;0.995682114532493
Meta_706;483858;0.0;264;483858;984226.3442999996;0.2941839331125583;3600;1.0
Meta_707;483858;0.0;0.31679999999999997;483858;615223.4063000003;0.31680004612732704;3600;1.0
Meta_708;483858;0.0;0.3696;483986;0.0;0.36950670570463284;3280;0.0
Meta_709;483858;0.0;0.4224;484943;0.0;0.41406112215619995;7;0.0
Meta_710;483858;0.0;0.4752;484943;0.0;0.41406112215619995;7;0.0
Meta_711;483858;1077618.5555555555;0.0;550403;1520563.1058999994;0.17718210608963494;3600;0.766006328579679
Meta_712;483858;1077618.5555555555;0.0528;483858;1559791.7063000002;0.2877888233936068;3600;0.9260649555027483
Meta_713;483858;1077618.5555555555;0.1056;550523;1375628.0644000003;0.1858140185308572;3600;1.0
Meta_714;483858;1077618.5555555555;0.15839999999999999;483224;1366650.233500001;0.2868421533486013;3611;1.0
Meta_715;483858;1077618.5555555555;0.2112;524068;1462873.1338;0.2131581946866697;3600;1.0
Meta_716;483858;1077618.5555555555;264;493423;1077071.1568;0.2640002060549524;1267;0.0
Meta_717;483858;1077618.5555555555;0.31679999999999997;485793;1070593.1309;0.316800385301059;77;0.0
Meta_718;483858;1077618.5555555555;0.3696;502258;977667.1278000001;0.36960048093134956;65;0.0
Meta_719;483858;1077618.5555555555;0.4224;483858;1007926.4225;0.4215635562063498;4;0.0
Meta_720;483858;1077618.5555555555;0.4752;483858;635523.6511000001;0.4269712596575266;4;0.0
Meta_721;483858;2155237.111111111;0.0;595235;2158552.6373;0.1771914576058901;3600;0.6545966124285977
Meta_722;483858;2155237.111111111;0.0528;564908;2158881.3820000007;0.17795471378627298;3600;0.7670458968172212
Meta_723;483858;2155237.111111111;0.1056;590309;2155234.9623000002;0.1500659517408298;3600;1.0
Meta_724;483858;2155237.111111111;0.15839999999999999;562147;2152650.9768;0.17607760329083658;3600;1.0
Meta_725;483858;2155237.111111111;0.2112;508151;2131948.1629;0.21119995254503116;232;0.0
Meta_726;483858;2155237.111111111;264;553700;2150866.965900001;0.26399973388322956;149;0.0
Meta_727;483858;2155237.111111111;0.31679999999999997;483859;2154933.6406;0.3168005391489032;20;0.0
Meta_728;483858;2155237.111111111;0.3696;483859;2155234.3341;0.3696009691032646;15;0.0
Meta_729;483858;2155237.111111111;0.4224;483858;1761135.9765;0.4214527695845087;5;0.0
Meta_730;483858;2155237.111111111;0.4752;483858;2075744.5306000002;0.42697125965752647;4;0.0
Meta_731;483858;3232855.6666666665;0.0;596258;3232268.5637999997;0.162442195086596;3600;0.6341652461840452
Meta_732;483858;3232855.6666666665;0.0528;484776;3210748.030299998;0.22925004140693603;3600;0.9163156263058889
Meta_733;483858;3232855.6666666665;0.1056;532813;3232855.3398000007;0.1832384197342343;3600;1.0
Meta_734;483858;3232855.6666666665;0.15839999999999999;595919;3107834.783;0.15840136150276993;201;0.0
Meta_735;483858;3232855.6666666665;0.2112;539653;3130945.4862999995;0.210973177218745;32;0.0
Meta_736;483858;3232855.6666666665;264;505641;3208985.865500002;0.2639098662123771;35;0.0
Meta_737;483858;3232855.6666666665;0.31679999999999997;501665;2862593.7686;0.3166302395031056;26;0.0
Meta_738;483858;3232855.6666666665;0.3696;483907;2066054.6232000005;0.3695989355759998;12;0.0
Meta_739;483858;3232855.6666666665;0.4224;483858;1300332.4833000002;0.4223622294730522;4;0.0
Meta_740;483858;3232855.6666666665;0.4752;483858;2956715.9985999996;0.42697125965752625;4;0.0
Meta_741;483858;4310474.222222222;0.0;544567;4284782.972000003;0.16704008384886967;3600;0.593200512504607
Meta_742;483858;4310474.222222222;0.0528;543622;4307571.205900002;0.165168617944913;3603;0.7192303473892265
Meta_743;483858;4310474.222222222;0.1056;535938;4310424.086599999;0.18515426183753067;3600;1.0
Meta_744;483858;4310474.222222222;0.15839999999999999;638837;4290794.9993;0.15838702798633494;1448;0.0
Meta_745;483858;4310474.222222222;0.2112;485466;4105572.0952000013;0.2112008869279186;42;0.0
Meta_746;483858;4310474.222222222;264;513968;4193948.903400002;0.2616759587086849;31;0.0
Meta_747;483858;4310474.222222222;0.31679999999999997;606038;4036774.3376000007;0.3167980524248092;25;0.0
Meta_748;483858;4310474.222222222;0.3696;483866;1588887.8776;0.3695974417427181;7;0.0
Meta_749;483858;4310474.222222222;0.4224;483858;580588.0233;0.4209768929444895;4;0.0
Meta_750;483858;4310474.222222222;0.4752;483858;3585408.0529;0.4269712596575265;4;0.0
Meta_751;483858;5388092.777777778;0.0;505892;5381753.3188;0.16114658731108256;3600;0.6213581029756616
Meta_752;483858;5388092.777777778;0.0528;556447;5388968.839000001;0.15816394769981637;3601;0.6458461034354048
Meta_753;483858;5388092.777777778;0.1056;490220;5387970.846099998;0.1668219235099085;3600;1.0
Meta_754;483858;5388092.777777778;0.15839999999999999;601604;5190888.979899999;0.1583841415366382;339;0.0
Meta_755;483858;5388092.777777778;0.2112;547098;3712618.0305999997;0.21119934233027293;42;0.0
Meta_756;483858;5388092.777777778;264;501225;5083845.790499999;0.2639292379309052;16;0.0
Meta_757;483858;5388092.777777778;0.31679999999999997;492323;5374702.642899997;0.3168010195227953;16;0.0
Meta_758;483858;5388092.777777778;0.3696;483859;1991572.9953999997;0.3695951968310303;15;0.0
Meta_759;483858;5388092.777777778;0.4224;483858;556801.1329;0.42143621624877325;4;0.0
Meta_760;483858;5388092.777777778;0.4752;483858;3585408.0529;0.4269712596575265;3;0.0
Meta_761;483858;6465711.333333333;0.0;626242;6461957.0268;0.16721615775361562;3600;0.6532752138045119
Meta_762;483858;6465711.333333333;0.0528;483858;5477378.271499999;0.22637991216006512;3600;0.9142571998066741
Meta_763;483858;6465711.333333333;0.1056;528292;6424790.665699998;0.16362646281241985;3600;1.0
Meta_764;483858;6465711.333333333;0.15839999999999999;638674;6322659.490399999;0.15840073556256712;551;0.0
Meta_765;483858;6465711.333333333;0.2112;497224;4671981.847700001;0.2109127245949836;42;0.0
Meta_766;483858;6465711.333333333;264;495926;5973546.689199998;0.26400175555687455;14;0.0
Meta_767;483858;6465711.333333333;0.31679999999999997;551415;4192104.128599999;0.3168000537681427;55;0.0
Meta_768;483858;6465711.333333333;0.3696;483858;1007195.5103999994;0.36959922598531275;10;0.0
Meta_769;483858;6465711.333333333;0.4224;483858;1643979.6818000001;0.4213697068475124;4;0.0
Meta_770;483858;6465711.333333333;0.4752;483858;3585408.0529;0.4269712596575265;4;0.0
Meta_771;483858;7543329.888888888;0.0;681714;7463072.684300001;0.1425957172537237;3600;0.4665874269772365
Meta_772;483858;7543329.888888888;0.0528;541764;7425767.851500006;0.154764473784132;3600;0.627860900901539
Meta_773;483858;7543329.888888888;0.1056;576216;7507983.152699998;0.1409194650962919;3600;1.0
Meta_774;483858;7543329.888888888;0.15839999999999999;657298;7272885.423999998;0.15839991508884493;105;0.0
Meta_775;483858;7543329.888888888;0.2112;483861;7217058.683900003;0.2102937113276711;17;0.0
Meta_776;483858;7543329.888888888;264;490140;7543328.249200001;0.2639976493135607;15;0.0
Meta_777;483858;7543329.888888888;0.31679999999999997;499753;5670607.6817999985;0.3168009626479285;26;0.0
Meta_778;483858;7543329.888888888;0.3696;483861;1133705.3962999997;0.36950240405212575;8;0.0
Meta_779;483858;7543329.888888888;0.4224;483858;877998.9778;0.4220630010735181;4;0.0
Meta_780;483858;7543329.888888888;0.4752;483858;3585408.0529;0.4269712596575265;4;0.0
Meta_781;483858;8620948.444444444;0.0;632593;8619748.2608;0.143071918275569;3600;0.45090816406703266
Meta_782;483858;8620948.444444444;0.0528;541872;8613304.422700003;0.14411469531824464;3600;0.6926734670314088
Meta_783;483858;8620948.444444444;0.1056;645720;8554743.404700002;0.14023618781269412;3600;1.0
Meta_784;483858;8620948.444444444;0.15839999999999999;620781;6370281.686000001;0.15840218623729568;838;0.0
Meta_785;483858;8620948.444444444;0.2112;491617;3086565.282;0.21093402446339804;26;0.0
Meta_786;483858;8620948.444444444;264;484444;8019955.1576;0.26400085609958335;16;0.0
Meta_787;483858;8620948.444444444;0.31679999999999997;519914;7732140.5929;0.3106671490684673;16;0.0
Meta_788;483858;8620948.444444444;0.3696;483858;2485719.4374999995;0.36960033022518224;8;0.0
Meta_789;483858;8620948.444444444;0.4224;483858;2948701.9567000004;0.41774270639676825;6;0.0
Meta_790;483858;8620948.444444444;0.4752;483858;3585408.0529;0.4269712596575265;4;0.0
Meta_791;483858;9698567.0;0.0;483877;5987707.198599999;0.21180943144232747;3600;0.7867853068244492
Meta_792;483858;9698567.0;0.0528;636156;9531192.271300001;0.14646407908518794;3600;0.5814422310262506
Meta_793;483858;9698567.0;0.1056;515620;9007752.6756;0.15315581189148966;3600;1.0
Meta_794;483858;9698567.0;0.15839999999999999;626496;6696739.7488;0.15840015790392112;712;0.0
Meta_795;483858;9698567.0;0.2112;580488;8003610.204900003;0.21119736292327151;36;0.0
Meta_796;483858;9698567.0;264;487181;6721111.385599997;0.2639474723067549;13;0.0
Meta_797;483858;9698567.0;0.31679999999999997;576727;9319341.352000002;0.3167138028356187;7;0.0
Meta_798;483858;9698567.0;0.3696;484049;2578132.8317;0.3694905733944051;12;0.0
Meta_799;483858;9698567.0;0.4224;483858;3582806.5423;0.42230493263132846;4;0.0
Meta_800;483858;9698567.0;0.4752;483858;3585408.0529;0.4269712596575265;4;0.0
Meta_801;450018;0.0;0.0;506770;1389569.1211999995;0.1746756593284401;3600;0.700143196320686
Meta_802;450018;0.0;0.0528;510936;1525637.5959000003;0.1778893325744925;3600;0.7522563277556822
Meta_803;450018;0.0;0.1056;556819;1347666.6579000005;0.20635079492924785;3600;0.9048888272826032
Meta_804;450018;0.0;0.15839999999999999;513238;1690403.9095000008;0.1684851668020204;3600;0.9064413918346965
Meta_805;450018;0.0;0.2112;452570;1244645.8267000003;0.21117571750072034;3600;1.0
Meta_806;450018;0.0;264;450018;1093292.5527;0.26629434061477536;3600;1.0
Meta_807;450018;0.0;0.31679999999999997;450047;97148.33989999998;0.31679225928572385;3600;1.0
Meta_808;450018;0.0;0.3696;454893;0.0;0.3673564454299644;198;0.0
Meta_809;450018;0.0;0.4224;453111;0.0;0.37878405245598695;12;0.0
Meta_810;450018;0.0;0.4752;453111;0.0;0.37878405245598695;9;0.0
Meta_811;450018;1077618.5555555555;0.0;530663;1790157.7857999997;0.1731074167285026;3600;0.7525087855292094
Meta_812;450018;1077618.5555555555;0.0528;561931;2277030.4100000006;0.18655641061125694;3600;0.8602563104266763
Meta_813;450018;1077618.5555555555;0.1056;523766;1385641.2647;0.17300478232088343;3603;1.0
Meta_814;450018;1077618.5555555555;0.15839999999999999;553460;1547954.6857;0.16881540013261823;3607;1.0
Meta_815;450018;1077618.5555555555;0.2112;452682;1971003.4701000005;0.25696245970617626;3611;1.0
Meta_816;450018;1077618.5555555555;264;450018;1078155.1480999996;0.274536191445291;3600;1.0
Meta_817;450018;1077618.5555555555;0.31679999999999997;450018;1076853.7377999998;0.31679836726722066;65;0.0
Meta_818;450018;1077618.5555555555;0.3696;451390;78775.96310000002;0.3695965787708895;11;0.0
Meta_819;450018;1077618.5555555555;0.4224;453988;397555.67199999996;0.3891837699111804;10;0.0
Meta_820;450018;1077618.5555555555;0.4752;450018;339777.6763;0.3825549771718095;12;0.0
Meta_821;450018;2155237.111111111;0.0;560954;2236538.2935;0.19555300548713192;3602;0.763936292388488
Meta_822;450018;2155237.111111111;0.0528;452217;2661969.473500001;0.218564966260916;3600;0.90187705802721
Meta_823;450018;2155237.111111111;0.1056;614822;2155237.1355000013;0.17305654715533694;3600;1.0
Meta_824;450018;2155237.111111111;0.15839999999999999;553161;2131398.6025000005;0.15840030933054347;2476;0.0
Meta_825;450018;2155237.111111111;0.2112;450018;2147391.715;0.25243024937438924;3600;1.0
Meta_826;450018;2155237.111111111;264;484125;2144960.2762000007;0.2639992553056088;45;0.0
Meta_827;450018;2155237.111111111;0.31679999999999997;496919;2112261.632;0.3167211081934752;158;0.0
Meta_828;450018;2155237.111111111;0.3696;452803;763895.3687000001;0.36956492065563235;14;0.0
Meta_829;450018;2155237.111111111;0.4224;450018;339777.6763;0.3825549771718095;12;0.0
Meta_830;450018;2155237.111111111;0.4752;450018;339777.6763;0.3825549771718095;11;0.0
Meta_831;450018;3232855.6666666665;0.0;450018;3237953.496700001;0.24009978973668342;3600;0.8584770730465618
Meta_832;450018;3232855.6666666665;0.0528;520949;3232838.5513000004;0.2077947401762624;3600;0.8310309533164824
Meta_833;450018;3232855.6666666665;0.1056;544953;3231204.7153000007;0.1764856556347945;3600;1.0
Meta_834;450018;3232855.6666666665;0.15839999999999999;566855;3214448.128;0.15840120095322147;345;0.0
Meta_835;450018;3232855.6666666665;0.2112;505062;3112385.6233;0.2112001494053339;14;0.0
Meta_836;450018;3232855.6666666665;264;499277;3134468.0032000006;0.2639936985268454;250;0.0
Meta_837;450018;3232855.6666666665;0.31679999999999997;512688;2660426.4151999988;0.31680038467055066;33;0.0
Meta_838;450018;3232855.6666666665;0.3696;469226;1462754.5151999996;0.36957652797076684;15;0.0
Meta_839;450018;3232855.6666666665;0.4224;450018;339777.6763;0.3825549771718095;13;0.0
Meta_840;450018;3232855.6666666665;0.4752;450018;339777.6763;0.3825549771718095;13;0.0
Meta_841;450018;4310474.222222222;0.0;450188;4252459.4947;0.22353270424120097;3600;0.8593254556831251
Meta_842;450018;4310474.222222222;0.0528;454334;4304423.497099998;0.19964975194113152;3600;0.8126137521890784
Meta_843;450018;4310474.222222222;0.1056;562200;4301589.947199997;0.18540633770233556;3600;1.0
Meta_844;450018;4310474.222222222;0.15839999999999999;600285;4302149.602500002;0.15838793494598524;119;0.0
Meta_845;450018;4310474.222222222;0.2112;545216;3972458.1277999994;0.21112972759090792;44;0.0
Meta_846;450018;4310474.222222222;264;453354;4310472.115800002;0.2630764012486022;10;0.0
Meta_847;450018;4310474.222222222;0.31679999999999997;478419;4310432.779599999;0.3142024167990648;75;0.0
Meta_848;450018;4310474.222222222;0.3696;450018;1692860.6201000004;0.3696009027897354;11;0.0
Meta_849;450018;4310474.222222222;0.4224;450018;339777.6763;0.3825549771718095;11;0.0
Meta_850;450018;4310474.222222222;0.4752;450018;339777.6763;0.3825549771718095;12;0.0
Meta_851;450018;5388092.777777778;0.0;450022;5324729.805899999;0.21114196878643499;3600;0.7994846146510081
Meta_852;450018;5388092.777777778;0.0528;496113;5387634.198400002;0.1681962722080781;3601;0.7257222259469132
Meta_853;450018;5388092.777777778;0.1056;587147;5386506.178299997;0.15171019694892257;3600;1.0
Meta_854;450018;5388092.777777778;0.15839999999999999;620691;5042422.694100001;0.15839384244137172;357;0.0
Meta_855;450018;5388092.777777778;0.2112;497096;4905336.855900004;0.21114116651907333;40;0.0
Meta_856;450018;5388092.777777778;264;465767;4913100.987500004;0.2639990974380383;12;0.0
Meta_857;450018;5388092.777777778;0.31679999999999997;528605;4179006.198599999;0.3167996697426858;18;0.0
Meta_858;450018;5388092.777777778;0.3696;450342;1679880.2511000002;0.36753600944901527;14;0.0
Meta_859;450018;5388092.777777778;0.4224;450018;339777.6763;0.3825549771718095;11;0.0
Meta_860;450018;5388092.777777778;0.4752;450018;339777.6763;0.3825549771718095;11;0.0
Meta_861;450018;6465711.333333333;0.0;450018;6055884.418100002;0.1990909120170729;3600;0.7149325535649877
Meta_862;450018;6465711.333333333;0.0528;450085;5282663.3538999995;0.21609537275823099;3600;0.8824187905264316
Meta_863;450018;6465711.333333333;0.1056;698842;6465698.643099994;0.14163044043426615;3600;1.0
Meta_864;450018;6465711.333333333;0.15839999999999999;592302;6188989.405499999;0.1749163673898523;3600;1.0
Meta_865;450018;6465711.333333333;0.2112;450018;6464574.109700002;0.21083329125037567;15;0.0
Meta_866;450018;6465711.333333333;264;450018;5229997.6131;0.2614122350749148;62;0.0
Meta_867;450018;6465711.333333333;0.31679999999999997;507250;2922427.7512;0.3167852275651922;23;0.0
Meta_868;450018;6465711.333333333;0.3696;451519;2482368.978099999;0.36957059522233954;11;0.0
Meta_869;450018;6465711.333333333;0.4224;450018;339777.6763;0.3825549771718095;11;0.0
Meta_870;450018;6465711.333333333;0.4752;450018;339777.6763;0.3825549771718095;11;0.0
Meta_871;450018;7543329.888888888;0.0;450018;6174684.517400003;0.21390155904888136;3600;0.8348856711758731
Meta_872;450018;7543329.888888888;0.0528;678468;7434329.8388;0.14234255970768797;3600;0.5672967478581161
Meta_873;450018;7543329.888888888;0.1056;548213;7543320.087399999;0.1454355507886282;3600;1.0
Meta_874;450018;7543329.888888888;0.15839999999999999;626850;5555629.801;0.15840106904087553;17;0.0
Meta_875;450018;7543329.888888888;0.2112;451974;6009990.512000002;0.2111995981876731;28;0.0
Meta_876;450018;7543329.888888888;264;635979;7460717.799;0.26400029641934375;17;0.0
Meta_877;450018;7543329.888888888;0.31679999999999997;499623;6590749.075100001;0.31671322605124125;20;0.0
Meta_878;450018;7543329.888888888;0.3696;451519;2482368.978099999;0.36957059522233954;10;0.0
Meta_879;450018;7543329.888888888;0.4224;450018;339777.6763;0.3825549771718095;12;0.0
Meta_880;450018;7543329.888888888;0.4752;450018;339777.6763;0.3825549771718095;12;0.0
Meta_881;450018;8620948.444444444;0.0;604120;8591355.7685;0.1410894624479087;3600;0.5907663611591516
Meta_882;450018;8620948.444444444;0.0528;450019;7238456.090299999;0.2162445804020171;3600;0.8739869827978001
Meta_883;450018;8620948.444444444;0.1056;673924;8620908.21;0.13895496040234234;3600;1.0
Meta_884;450018;8620948.444444444;0.15839999999999999;595802;8432666.518500002;0.15839833545099163;449;0.0
Meta_885;450018;8620948.444444444;0.2112;645506;7711071.246599996;0.21120115057972008;29;0.0
Meta_886;450018;8620948.444444444;264;492134;8570209.628999997;0.26400127662629747;32;0.0
Meta_887;450018;8620948.444444444;0.31679999999999997;517472;6068821.587600001;0.31680035005656293;19;0.0
Meta_888;450018;8620948.444444444;0.3696;454661;1224377.9803000006;0.3695804923181186;12;0.0
Meta_889;450018;8620948.444444444;0.4224;450018;339777.6763;0.3825549771718095;11;0.0
Meta_890;450018;8620948.444444444;0.4752;450018;339777.6763;0.3825549771718095;12;0.0
Meta_891;450018;9698567.0;0.0;450038;6203893.028799998;0.2159732411614696;3600;0.7919243789228163
Meta_892;450018;9698567.0;0.0528;450018;6028348.507699998;0.22373406457707448;3600;0.8723286430113637
Meta_893;450018;9698567.0;0.1056;589177;7766351.371200002;0.1714186916863434;3600;1.0
Meta_894;450018;9698567.0;0.15839999999999999;624195;6672389.027200002;0.1583999617098341;303;0.0
Meta_895;450018;9698567.0;0.2112;499693;6202164.669900001;0.21094676528939268;14;0.0
Meta_896;450018;9698567.0;264;509643;5927318.8636000035;0.26399868969826085;151;0.0
Meta_897;450018;9698567.0;0.31679999999999997;456555;5319152.8061000025;0.31680022357366444;23;0.0
Meta_898;450018;9698567.0;0.3696;454661;1224377.9803000006;0.3695804923181186;11;0.0
Meta_899;450018;9698567.0;0.4224;450018;339777.6763;0.3825549771718095;11;0.0
Meta_900;450018;9698567.0;0.4752;450018;339777.6763;0.3825549771718095;12;0.0
Meta_901;416178;0.0;0.0;534780;1552057.0982;0.16109958618538403;3600;0.6541608908980989
Meta_902;416178;0.0;0.0528;553517;1551332.5561;0.17745296789540513;3600;0.7564620239338462
Meta_903;416178;0.0;0.1056;416178;686215.3098000002;0.2642148668647598;3600;0.951754777540375
Meta_904;416178;0.0;0.15839999999999999;416178;505681.6253000001;0.25648099737620994;3600;1.0
Meta_905;416178;0.0;0.2112;435311;1064843.7793999997;0.21120139083218809;3600;1.0
Meta_906;416178;0.0;264;416178;128646.16169999998;0.2640000066152131;3600;1.0
Meta_907;416178;0.0;0.31679999999999997;422291;0.0;0.3075975661348031;360;0.0
Meta_908;416178;0.0;0.3696;416897;0.0;0.3289602899990123;8;0.0
Meta_909;416178;0.0;0.4224;416897;0.0;0.3289602899990123;8;0.0
Meta_910;416178;0.0;0.4752;416897;0.0;0.3289602899990123;8;0.0
Meta_911;416178;1077618.5555555555;0.0;416179;1075774.7495000002;0.24972393652451838;3600;0.8692223884717794
Meta_912;416178;1077618.5555555555;0.0528;416182;1079779.0891;0.24121172297374271;3600;0.8493336841277216
Meta_913;416178;1077618.5555555555;0.1056;416178;1122925.0383000001;0.2591928885798293;3600;1.0
Meta_914;416178;1077618.5555555555;0.15839999999999999;416178;1077575.8101000001;0.24640051709214603;3600;1.0
Meta_915;416178;1077618.5555555555;0.2112;542761;1690609.6848;0.21119960867624293;3600;1.0
Meta_916;416178;1077618.5555555555;264;416316;1055971.7656;0.26400016605020604;395;0.0
Meta_917;416178;1077618.5555555555;0.31679999999999997;416178;1077594.6758000003;0.3166980021097788;20;0.0
Meta_918;416178;1077618.5555555555;0.3696;416178;225156.7688;0.356373779073632;3;0.0
Meta_919;416178;1077618.5555555555;0.4224;416178;225156.7688;0.3563737790736321;4;0.0
Meta_920;416178;1077618.5555555555;0.4752;416178;225156.7688;0.3563737790736321;3;0.0
Meta_921;416178;2155237.111111111;0.0;538945;2385639.6747;0.2151819924379895;3600;0.8186648584269115
Meta_922;416178;2155237.111111111;0.0528;574049;2155241.6485;0.1760422013161982;3600;0.7202029619577401
Meta_923;416178;2155237.111111111;0.1056;416178;2155224.2684;0.2459836528537899;3600;1.0
Meta_924;416178;2155237.111111111;0.15839999999999999;416178;2155252.6462999997;0.2419468180564619;3600;1.0
Meta_925;416178;2155237.111111111;0.2112;416178;2088436.345900001;0.23323001651120293;3600;1.0
Meta_926;416178;2155237.111111111;264;416207;1893919.6156999997;0.2640003859790795;44;0.0
Meta_927;416178;2155237.111111111;0.31679999999999997;416178;444779.0766;0.31679452529569696;10;0.0
Meta_928;416178;2155237.111111111;0.3696;416178;2122618.8444;0.35637377907363205;4;0.0
Meta_929;416178;2155237.111111111;0.4224;416178;2122618.8444;0.35637377907363205;4;0.0
Meta_930;416178;2155237.111111111;0.4752;416178;2122618.8444;0.35637377907363205;4;0.0
Meta_931;416178;3232855.6666666665;0.0;417801;3232855.5048999996;0.23728101590890685;3600;0.8974993047236869
Meta_932;416178;3232855.6666666665;0.0528;585005;3269799.5258000004;0.17771656238890254;3600;0.8423135333349567
Meta_933;416178;3232855.6666666665;0.1056;517917;3226794.441099999;0.18423643868146183;3600;1.0
Meta_934;416178;3232855.6666666665;0.15839999999999999;416178;3232741.2451;0.24156862796793221;3600;1.0
Meta_935;416178;3232855.6666666665;0.2112;558464;3024910.4676999985;0.21112647992383984;94;0.0
Meta_936;416178;3232855.6666666665;264;437982;2955200.3706000005;0.2640001834256001;605;0.0
Meta_937;416178;3232855.6666666665;0.31679999999999997;416194;884564.6617000003;0.316800152175601;5;0.0
Meta_938;416178;3232855.6666666665;0.3696;416178;1551764.4269;0.35637377907363205;3;0.0
Meta_939;416178;3232855.6666666665;0.4224;416178;1551764.4269;0.356373779073632;3;0.0
Meta_940;416178;3232855.6666666665;0.4752;416178;1551764.4269;0.356373779073632;4;0.0
Meta_941;416178;4310474.222222222;0.0;416178;3018840.6145;0.23467847094030275;3600;0.8150957907431008
Meta_942;416178;4310474.222222222;0.0528;416178;2790869.498499998;0.23787746557976247;3600;0.9604010939264702
Meta_943;416178;4310474.222222222;0.1056;560481;4283917.420399998;0.1914960468133534;3600;1.0
Meta_944;416178;4310474.222222222;0.15839999999999999;562247;4310473.591200002;0.1748659609624167;3600;1.0
Meta_945;416178;4310474.222222222;0.2112;540311;3865502.370800002;0.21117830799073709;129;0.0
Meta_946;416178;4310474.222222222;264;416186;1529856.6070999997;0.2639727584290974;73;0.0
Meta_947;416178;4310474.222222222;0.31679999999999997;416205;702262.2181999999;0.3167968999677827;8;0.0
Meta_948;416178;4310474.222222222;0.3696;416178;2953758.6278999997;0.35637377907363205;3;0.0
Meta_949;416178;4310474.222222222;0.4224;416178;2953758.6278999997;0.35637377907363205;3;0.0
Meta_950;416178;4310474.222222222;0.4752;416178;2953758.6278999997;0.35637377907363205;3;0.0
Meta_951;416178;5388092.777777778;0.0;618287;5349701.663099997;0.14903040639325227;3600;0.5411528993017047
Meta_952;416178;5388092.777777778;0.0528;416178;2669665.872500001;0.23022592242676845;3600;0.9228605463335555
Meta_953;416178;5388092.777777778;0.1056;656693;5358389.579099997;0.14849593972868594;3600;1.0
Meta_954;416178;5388092.777777778;0.15839999999999999;628089;5383860.498900002;0.15840015016515643;79;0.0
Meta_955;416178;5388092.777777778;0.2112;578450;4933173.215299999;0.21120140290591197;47;0.0
Meta_956;416178;5388092.777777778;264;574091;4376037.676899999;0.2633188151729075;14;0.0
Meta_957;416178;5388092.777777778;0.31679999999999997;419571;1408839.9902000003;0.31679528965538656;5;0.0
Meta_958;416178;5388092.777777778;0.3696;416178;2953758.6278999997;0.35637377907363205;3;0.0
Meta_959;416178;5388092.777777778;0.4224;416178;2953758.6278999997;0.35637377907363205;4;0.0
Meta_960;416178;5388092.777777778;0.4752;416178;2953758.6278999997;0.35637377907363205;4;0.0
Meta_961;416178;6465711.333333333;0.0;555246;6242351.0912;0.15728678276688127;3600;0.5733546549009158
Meta_962;416178;6465711.333333333;0.0528;569542;6445919.376500004;0.17220701928719015;3600;0.7722557395760739
Meta_963;416178;6465711.333333333;0.1056;572087;6139659.316900002;0.1808202616162809;3600;1.0
Meta_964;416178;6465711.333333333;0.15839999999999999;597365;5594310.442999999;0.15840092479717943;206;0.0
Meta_965;416178;6465711.333333333;0.2112;536687;6397428.816699999;0.21119628717937167;35;0.0
Meta_966;416178;6465711.333333333;264;551767;6184657.790900001;0.20825894074593257;64;0.0
Meta_967;416178;6465711.333333333;0.31679999999999997;418945;1510308.0135;0.3167847120950913;6;0.0
Meta_968;416178;6465711.333333333;0.3696;416178;2953758.6278999997;0.35637377907363205;4;0.0
Meta_969;416178;6465711.333333333;0.4224;416178;2953758.6278999997;0.35637377907363205;4;0.0
Meta_970;416178;6465711.333333333;0.4752;416178;2953758.6278999997;0.35637377907363205;3;0.0
Meta_971;416178;7543329.888888888;0.0;624197;7357095.257100002;0.14789871917409836;3600;0.5364859253286951
Meta_972;416178;7543329.888888888;0.0528;672178;7542698.5523;0.14623258921607785;3600;0.5673551994257042
Meta_973;416178;7543329.888888888;0.1056;556049;7139231.443000001;0.15741107000416615;3600;1.0
Meta_974;416178;7543329.888888888;0.15839999999999999;637776;7528167.734699999;0.15838405943637013;68;0.0
Meta_975;416178;7543329.888888888;0.2112;554771;4590019.133499999;0.21120050703973814;38;0.0
Meta_976;416178;7543329.888888888;264;549920;5633395.761100002;0.26399903566618066;18;0.0
Meta_977;416178;7543329.888888888;0.31679999999999997;418945;1510308.0135;0.3167847120950913;6;0.0
Meta_978;416178;7543329.888888888;0.3696;416178;2953758.6278999997;0.35637377907363205;3;0.0
Meta_979;416178;7543329.888888888;0.4224;416178;2953758.6278999997;0.35637377907363205;4;0.0
Meta_980;416178;7543329.888888888;0.4752;416178;2953758.6278999997;0.35637377907363205;4;0.0
Meta_981;416178;8620948.444444444;0.0;416178;4176999.9523000005;0.24879237046396466;3600;0.9091582920348452
Meta_982;416178;8620948.444444444;0.0528;669018;8528258.693999998;0.14976110782200894;3600;0.6240034953066623
Meta_983;416178;8620948.444444444;0.1056;702171;8188415.978699993;0.14194754376206845;3600;1.0
Meta_984;416178;8620948.444444444;0.15839999999999999;537387;7675562.432500003;0.16481432546064512;3600;1.0
Meta_985;416178;8620948.444444444;0.2112;535979;7283908.46;0.2112001740696182;47;0.0
Meta_986;416178;8620948.444444444;264;501139;6481314.272700001;0.2640009068672701;5;0.0
Meta_987;416178;8620948.444444444;0.31679999999999997;416338;1354072.4291999994;0.3167024785971118;7;0.0
Meta_988;416178;8620948.444444444;0.3696;416178;2953758.6278999997;0.35637377907363205;3;0.0
Meta_989;416178;8620948.444444444;0.4224;416178;2953758.6278999997;0.35637377907363205;3;0.0
Meta_990;416178;8620948.444444444;0.4752;416178;2953758.6278999997;0.35637377907363205;4;0.0
Meta_991;416178;9698567.0;0.0;465458;8457800.254899997;0.1662407604315231;3600;0.6287892254649853
Meta_992;416178;9698567.0;0.0528;683403;6419566.989600001;0.15274781655262967;3600;0.6304015588847723
Meta_993;416178;9698567.0;0.1056;549957;7904393.380600001;0.17030288151811376;3600;1.0
Meta_994;416178;9698567.0;0.15839999999999999;669419;9698460.218199996;0.15527053745414976;234;0.0
Meta_995;416178;9698567.0;0.2112;509824;7684447.7707;0.21095200080542567;138;0.0
Meta_996;416178;9698567.0;264;450591;5516479.0556000015;0.2639648151413927;10;0.0
Meta_997;416178;9698567.0;0.31679999999999997;416178;2785292.5167000005;0.3164497060138334;8;0.0
Meta_998;416178;9698567.0;0.3696;416178;2953758.6278999997;0.35637377907363205;3;0.0
Meta_999;416178;9698567.0;0.4224;416178;2953758.6278999997;0.35637377907363205;3;0.0
Meta_1000;416178;9698567.0;0.4752;416178;2953758.6278999997;0.35637377907363205;3;0.0
