Goal_2;39010;0.0;0.05555555555555555;34294;12136.981126764675;0.4160941439472546;0;0.0
Goal_1;39010;0.0;0.0;34297;12205.061971223726;0.4161047112564579;0;0.0
Goal_5;39010;0.0;0.2222222222222222;34294;12136.981126764675;0.4160941439472546;0;0.0
Goal_4;39010;0.0;0.16666666666666666;34294;12136.981126764675;0.4160941439472546;0;0.0
Goal_7;39010;0.0;0.3333333333333333;34294;12136.981126764675;0.4160941439472546;0;0.0
Goal_3;39010;0.0;0.1111111111111111;34294;12136.981126764675;0.4160941439472546;0;0.0
Goal_6;39010;0.0;0.2777777777777778;34294;12136.981126764675;0.4160941439472546;0;0.0
Goal_8;39010;0.0;0.38888888888888884;34294;12136.981126764675;0.4160941439472546;0;0.0
Goal_10;39010;0.0;0.5;35401;37152.66235786732;0.49607837082461076;0;0.0
Goal_9;39010;0.0;0.4444444444444444;34953;26165.529012488092;0.44444315510344573;0;0.0
Goal_11;39010;25420.228711111115;0.0;34400;14506.403983357253;0.41709580732435353;0;0.0
Goal_12;39010;25420.228711111115;0.05555555555555555;34397;14444.630549980102;0.41705004794217815;0;0.0
Goal_17;39010;25420.228711111115;0.3333333333333333;34398;15171.444471486633;0.4170651352799077;0;0.0
Goal_13;39010;25420.228711111115;0.1111111111111111;34400;14506.403983357253;0.41709580732435353;0;0.0
Goal_14;39010;25420.228711111115;0.16666666666666666;34400;14506.403983357253;0.41709580732435353;0;0.0
Goal_16;39010;25420.228711111115;0.2777777777777778;34398;15143.195560404733;0.4170651352799077;0;0.0
Goal_15;39010;25420.228711111115;0.2222222222222222;34400;14506.403983357253;0.41709580732435353;0;0.0
Goal_20;39010;25420.228711111115;0.5;35401;37152.66235786732;0.49607837082461076;0;0.0
Goal_19;39010;25420.228711111115;0.4444444444444444;34953;26165.529012488092;0.44444315510344573;0;0.0
Goal_18;39010;25420.228711111115;0.38888888888888884;34397;15681.107982042719;0.4170502814128422;0;0.0
Goal_21;39010;50840.45742222223;0.0;34397;14444.630549980102;0.41705004794217815;0;0.0
Goal_22;39010;50840.45742222223;0.05555555555555555;34397;14444.630549980102;0.41705004794217815;0;0.0
Goal_23;39010;50840.45742222223;0.1111111111111111;34400;14506.403983357253;0.41709580732435353;0;0.0
Goal_26;39010;50840.45742222223;0.2777777777777778;34400;14506.403983357253;0.41709580732435353;0;0.0
Goal_25;39010;50840.45742222223;0.2222222222222222;34397;14444.630549980102;0.41705004794217815;0;0.0
Goal_27;39010;50840.45742222223;0.3333333333333333;34397;14444.630549980102;0.41705004794217815;0;0.0
Goal_24;39010;50840.45742222223;0.16666666666666666;34397;14444.630549980102;0.41705004794217815;0;0.0
Goal_30;39010;50840.45742222223;0.5;35401;50133.037000000004;0.49607837082461076;0;0.0
Goal_32;39010;76260.68613333334;0.05555555555555555;34397;19797.7992;0.41705004794217815;0;0.0
Goal_31;39010;76260.68613333334;0.0;34397;19797.7992;0.41705004794217815;0;0.0
Goal_29;39010;50840.45742222223;0.4444444444444444;34990;27555.94467832222;0.44445644866792816;0;0.0
Goal_28;39010;50840.45742222223;0.38888888888888884;34397;14444.630549980102;0.41705004794217815;0;0.0
Goal_35;39010;76260.68613333334;0.2222222222222222;34397;19797.7992;0.41705004794217815;0;0.0
Goal_33;39010;76260.68613333334;0.1111111111111111;34397;19797.7992;0.41705004794217815;0;0.0
Goal_34;39010;76260.68613333334;0.16666666666666666;34397;19797.7992;0.41705004794217815;0;0.0
Goal_36;39010;76260.68613333334;0.2777777777777778;34397;19797.7992;0.41705004794217815;0;0.0
Goal_37;39010;76260.68613333334;0.3333333333333333;34397;19797.7992;0.41705004794217815;0;0.0
Goal_40;39010;76260.68613333334;0.5;35401;50133.037000000004;0.49607837082461076;0;0.0
Goal_38;39010;76260.68613333334;0.38888888888888884;34397;19797.7992;0.41705004794217815;0;0.0
Goal_42;39010;101680.91484444446;0.05555555555555555;34397;19797.7992;0.41705004794217815;0;0.0
Goal_41;39010;101680.91484444446;0.0;34397;19797.7992;0.41705004794217815;0;0.0
Goal_39;39010;76260.68613333334;0.4444444444444444;34990;38827.260200000004;0.44445644866792816;0;0.0
Goal_44;39010;101680.91484444446;0.16666666666666666;34397;19797.7992;0.41705004794217815;0;0.0
Goal_46;39010;101680.91484444446;0.2777777777777778;34397;19797.7992;0.41705004794217815;0;0.0
Goal_43;39010;101680.91484444446;0.1111111111111111;34397;19797.7992;0.41705004794217815;0;0.0
Goal_45;39010;101680.91484444446;0.2222222222222222;34397;19797.7992;0.41705004794217815;0;0.0
Goal_47;39010;101680.91484444446;0.3333333333333333;34397;19797.7992;0.41705004794217815;0;0.0
Goal_50;39010;101680.91484444446;0.5;35401;50133.037000000004;0.49607837082461076;0;0.0
Goal_48;39010;101680.91484444446;0.38888888888888884;34397;19797.7992;0.41705004794217815;0;0.0
Goal_51;39010;127101.14355555558;0.0;34397;19797.7992;0.41705004794217815;0;0.0
Goal_52;39010;127101.14355555558;0.05555555555555555;34397;19797.7992;0.41705004794217815;0;0.0
Goal_49;39010;101680.91484444446;0.4444444444444444;34990;38827.260200000004;0.44445644866792816;0;0.0
Goal_54;39010;127101.14355555558;0.16666666666666666;34397;19797.7992;0.41705004794217815;0;0.0
Goal_56;39010;127101.14355555558;0.2777777777777778;34397;19797.7992;0.41705004794217815;0;0.0
Goal_53;39010;127101.14355555558;0.1111111111111111;34397;19797.7992;0.41705004794217815;0;0.0
Goal_55;39010;127101.14355555558;0.2222222222222222;34397;19797.7992;0.41705004794217815;0;0.0
Goal_57;39010;127101.14355555558;0.3333333333333333;34397;19797.7992;0.41705004794217815;0;0.0
Goal_60;39010;127101.14355555558;0.5;35401;50133.037000000004;0.49607837082461076;0;0.0
Goal_58;39010;127101.14355555558;0.38888888888888884;34397;19797.7992;0.41705004794217815;0;0.0
Goal_62;39010;152521.37226666667;0.05555555555555555;34397;19797.7992;0.41705004794217815;0;0.0
Goal_61;39010;152521.37226666667;0.0;34397;19797.7992;0.41705004794217815;0;0.0
Goal_59;39010;127101.14355555558;0.4444444444444444;34990;38827.260200000004;0.44445644866792816;0;0.0
Goal_63;39010;152521.37226666667;0.1111111111111111;34397;19797.7992;0.41705004794217815;0;0.0
Goal_64;39010;152521.37226666667;0.16666666666666666;34397;19797.7992;0.41705004794217815;0;0.0
Goal_67;39010;152521.37226666667;0.3333333333333333;34397;19797.7992;0.41705004794217815;0;0.0
Goal_65;39010;152521.37226666667;0.2222222222222222;34397;19797.7992;0.41705004794217815;0;0.0
Goal_66;39010;152521.37226666667;0.2777777777777778;34397;19797.7992;0.41705004794217815;0;0.0
Goal_70;39010;152521.37226666667;0.5;35401;50133.037000000004;0.49607837082461076;0;0.0
Goal_68;39010;152521.37226666667;0.38888888888888884;34397;19797.7992;0.41705004794217815;0;0.0
Goal_71;39010;177941.6009777778;0.0;34397;19797.7992;0.41705004794217815;0;0.0
Goal_69;39010;152521.37226666667;0.4444444444444444;34990;38827.260200000004;0.44445644866792816;0;0.0
Goal_72;39010;177941.6009777778;0.05555555555555555;34397;19797.7992;0.41705004794217815;0;0.0
Goal_74;39010;177941.6009777778;0.16666666666666666;34397;19797.7992;0.41705004794217815;0;0.0
Goal_75;39010;177941.6009777778;0.2222222222222222;34397;19797.7992;0.41705004794217815;0;0.0
Goal_76;39010;177941.6009777778;0.2777777777777778;34397;19797.7992;0.41705004794217815;0;0.0
Goal_73;39010;177941.6009777778;0.1111111111111111;34397;19797.7992;0.41705004794217815;0;0.0
Goal_77;39010;177941.6009777778;0.3333333333333333;34397;19797.7992;0.41705004794217815;0;0.0
Goal_80;39010;177941.6009777778;0.5;35401;50133.037000000004;0.49607837082461076;0;0.0
Goal_78;39010;177941.6009777778;0.38888888888888884;34397;19797.7992;0.41705004794217815;0;0.0
Goal_81;39010;203361.82968888892;0.0;34397;19797.7992;0.41705004794217815;0;0.0
Goal_82;39010;203361.82968888892;0.05555555555555555;34397;19797.7992;0.41705004794217815;0;0.0
Goal_79;39010;177941.6009777778;0.4444444444444444;34990;38827.260200000004;0.44445644866792816;0;0.0
Goal_84;39010;203361.82968888892;0.16666666666666666;34397;19797.7992;0.41705004794217815;0;0.0
Goal_83;39010;203361.82968888892;0.1111111111111111;34397;19797.7992;0.41705004794217815;0;0.0
Goal_87;39010;203361.82968888892;0.3333333333333333;34397;19797.7992;0.41705004794217815;0;0.0
Goal_85;39010;203361.82968888892;0.2222222222222222;34397;19797.7992;0.41705004794217815;0;0.0
Goal_86;39010;203361.82968888892;0.2777777777777778;34397;19797.7992;0.41705004794217815;0;0.0
Goal_90;39010;203361.82968888892;0.5;35401;50133.037000000004;0.49607837082461076;0;0.0
Goal_88;39010;203361.82968888892;0.38888888888888884;34397;19797.7992;0.41705004794217815;0;0.0
Goal_92;39010;228782.05840000004;0.05555555555555555;34397;19797.7992;0.41705004794217815;0;0.0
Goal_91;39010;228782.05840000004;0.0;34397;19797.7992;0.41705004794217815;0;0.0
Goal_89;39010;203361.82968888892;0.4444444444444444;34990;38827.260200000004;0.44445644866792816;0;0.0
Goal_93;39010;228782.05840000004;0.1111111111111111;34397;19797.7992;0.41705004794217815;0;0.0
Goal_96;39010;228782.05840000004;0.2777777777777778;34397;19797.7992;0.41705004794217815;0;0.0
Goal_95;39010;228782.05840000004;0.2222222222222222;34397;19797.7992;0.41705004794217815;0;0.0
Goal_94;39010;228782.05840000004;0.16666666666666666;34397;19797.7992;0.41705004794217815;0;0.0
Goal_97;39010;228782.05840000004;0.3333333333333333;34397;19797.7992;0.41705004794217815;0;0.0
Goal_100;39010;228782.05840000004;0.5;35401;50133.037000000004;0.49607837082461076;0;0.0
Goal_98;39010;228782.05840000004;0.38888888888888884;34397;19797.7992;0.41705004794217815;0;0.0
Goal_101;38426;0.0;0.0;34294;12136.981126764675;0.4160941439472546;0;0.0
Goal_102;38426;0.0;0.05555555555555555;34294;12136.981126764675;0.4160941439472546;0;0.0
Goal_99;39010;228782.05840000004;0.4444444444444444;34990;38827.260200000004;0.44445644866792816;0;0.0
Goal_104;38426;0.0;0.16666666666666666;34294;12136.981126764675;0.4160941439472546;0;0.0
Goal_105;38426;0.0;0.2222222222222222;34294;12136.981126764675;0.4160941439472546;0;0.0
Goal_106;38426;0.0;0.2777777777777778;34294;12136.981126764675;0.4160941439472546;0;0.0
Goal_103;38426;0.0;0.1111111111111111;34294;12136.981126764675;0.4160941439472546;0;0.0
Goal_107;38426;0.0;0.3333333333333333;34294;12136.981126764675;0.4160941439472546;0;0.0
Goal_108;38426;0.0;0.38888888888888884;34294;12136.813882305625;0.4160943994779712;0;0.0
Goal_110;38426;0.0;0.5;35401;37152.66235786732;0.49607837082461076;0;0.0
Goal_109;38426;0.0;0.4444444444444444;34953;26165.529012488092;0.44444315510344573;0;0.0
Goal_111;38426;25420.228711111115;0.0;34400;14506.403983357253;0.41709580732435353;0;0.0
Goal_112;38426;25420.228711111115;0.05555555555555555;34400;14506.403983357253;0.41709580732435353;0;0.0
Goal_117;38426;25420.228711111115;0.3333333333333333;34397;15277.973426896127;0.41705004794217815;0;0.0
Goal_115;38426;25420.228711111115;0.2222222222222222;34400;14506.403983357253;0.41709580732435353;0;0.0
Goal_114;38426;25420.228711111115;0.16666666666666666;34400;14506.403983357253;0.41709580732435353;0;3.295060697046981E-7
Goal_116;38426;25420.228711111115;0.2777777777777778;34398;15171.444471486633;0.4170651352799077;0;0.0
Goal_113;38426;25420.228711111115;0.1111111111111111;34398;14987.826549454287;0.4170651352799077;0;0.0
Goal_120;38426;25420.228711111115;0.5;35401;37152.66235786732;0.49607837082461076;0;0.0
Goal_119;38426;25420.228711111115;0.4444444444444444;34953;26165.529012488092;0.44444315510344573;0;0.0
Goal_118;38426;25420.228711111115;0.38888888888888884;34398;15100.822193781885;0.4170651352799077;0;0.0
Goal_122;38426;50840.45742222223;0.05555555555555555;34397;14444.630549980102;0.41705004794217815;0;0.0
Goal_121;38426;50840.45742222223;0.0;34397;14444.630549980102;0.41705004794217815;0;0.0
Goal_127;38426;50840.45742222223;0.3333333333333333;34400;14506.403983357253;0.41709580732435353;0;0.0
Goal_126;38426;50840.45742222223;0.2777777777777778;34400;14506.403983357253;0.41709580732435353;0;0.0
Goal_123;38426;50840.45742222223;0.1111111111111111;34397;14444.630549980102;0.41705004794217815;0;0.0
Goal_125;38426;50840.45742222223;0.2222222222222222;34397;14444.630549980102;0.41705004794217815;0;0.0
Goal_124;38426;50840.45742222223;0.16666666666666666;34397;14444.630549980102;0.41705004794217815;0;0.0
Goal_130;38426;50840.45742222223;0.5;35401;50133.037000000004;0.49607837082461076;0;0.0
Goal_132;38426;76260.68613333334;0.05555555555555555;34397;19797.7992;0.41705004794217815;0;0.0
Goal_131;38426;76260.68613333334;0.0;34397;19797.7992;0.41705004794217815;0;0.0
Goal_129;38426;50840.45742222223;0.4444444444444444;34990;27555.94467832222;0.44445644866792816;0;0.0
Goal_128;38426;50840.45742222223;0.38888888888888884;34397;14444.630549980102;0.41705004794217815;0;0.0
Goal_136;38426;76260.68613333334;0.2777777777777778;34397;19797.7992;0.41705004794217815;0;0.0
Goal_134;38426;76260.68613333334;0.16666666666666666;34397;19797.7992;0.41705004794217815;0;0.0
Goal_135;38426;76260.68613333334;0.2222222222222222;34397;19797.7992;0.41705004794217815;0;0.0
Goal_133;38426;76260.68613333334;0.1111111111111111;34397;19797.7992;0.41705004794217815;0;0.0
Goal_137;38426;76260.68613333334;0.3333333333333333;34397;19797.7992;0.41705004794217815;0;0.0
Goal_140;38426;76260.68613333334;0.5;35401;50133.037000000004;0.49607837082461076;0;0.0
Goal_138;38426;76260.68613333334;0.38888888888888884;34397;19797.7992;0.41705004794217815;0;0.0
Goal_142;38426;101680.91484444446;0.05555555555555555;34397;19797.7992;0.41705004794217815;0;0.0
Goal_141;38426;101680.91484444446;0.0;34397;19797.7992;0.41705004794217815;0;0.0
Goal_139;38426;76260.68613333334;0.4444444444444444;34990;38827.260200000004;0.44445644866792816;0;0.0
Goal_143;38426;101680.91484444446;0.1111111111111111;34397;19797.7992;0.41705004794217815;0;0.0
Goal_144;38426;101680.91484444446;0.16666666666666666;34397;19797.7992;0.41705004794217815;0;0.0
Goal_145;38426;101680.91484444446;0.2222222222222222;34397;19797.7992;0.41705004794217815;0;0.0
Goal_146;38426;101680.91484444446;0.2777777777777778;34397;19797.7992;0.41705004794217815;0;0.0
Goal_147;38426;101680.91484444446;0.3333333333333333;34397;19797.7992;0.41705004794217815;0;0.0
Goal_150;38426;101680.91484444446;0.5;35401;50133.037000000004;0.49607837082461076;0;0.0
Goal_148;38426;101680.91484444446;0.38888888888888884;34397;19797.7992;0.41705004794217815;0;0.0
Goal_149;38426;101680.91484444446;0.4444444444444444;34990;38827.260200000004;0.44445644866792816;0;0.0
Goal_151;38426;127101.14355555558;0.0;34397;19797.7992;0.41705004794217815;0;0.0
Goal_152;38426;127101.14355555558;0.05555555555555555;34397;19797.7992;0.41705004794217815;0;0.0
Goal_156;38426;127101.14355555558;0.2777777777777778;34397;19797.7992;0.41705004794217815;0;0.0
Goal_154;38426;127101.14355555558;0.16666666666666666;34397;19797.7992;0.41705004794217815;0;0.0
Goal_153;38426;127101.14355555558;0.1111111111111111;34397;19797.7992;0.41705004794217815;0;0.0
Goal_155;38426;127101.14355555558;0.2222222222222222;34397;19797.7992;0.41705004794217815;0;0.0
Goal_157;38426;127101.14355555558;0.3333333333333333;34397;19797.7992;0.41705004794217815;0;0.0
Goal_160;38426;127101.14355555558;0.5;35401;50133.037000000004;0.49607837082461076;0;0.0
Goal_158;38426;127101.14355555558;0.38888888888888884;34397;19797.7992;0.41705004794217815;0;0.0
Goal_161;38426;152521.37226666667;0.0;34397;19797.7992;0.41705004794217815;0;0.0
Goal_162;38426;152521.37226666667;0.05555555555555555;34397;19797.7992;0.41705004794217815;0;0.0
Goal_159;38426;127101.14355555558;0.4444444444444444;34990;38827.260200000004;0.44445644866792816;0;0.0
Goal_164;38426;152521.37226666667;0.16666666666666666;34397;19797.7992;0.41705004794217815;0;0.0
Goal_163;38426;152521.37226666667;0.1111111111111111;34397;19797.7992;0.41705004794217815;0;0.0
Goal_166;38426;152521.37226666667;0.2777777777777778;34397;19797.7992;0.41705004794217815;0;0.0
Goal_165;38426;152521.37226666667;0.2222222222222222;34397;19797.7992;0.41705004794217815;0;0.0
Goal_167;38426;152521.37226666667;0.3333333333333333;34397;19797.7992;0.41705004794217815;0;0.0
Goal_168;38426;152521.37226666667;0.38888888888888884;34397;19797.7992;0.41705004794217815;0;0.0
Goal_170;38426;152521.37226666667;0.5;35401;50133.037000000004;0.49607837082461076;0;0.0
Goal_171;38426;177941.6009777778;0.0;34397;19797.7992;0.41705004794217815;0;0.0
Goal_172;38426;177941.6009777778;0.05555555555555555;34397;19797.7992;0.41705004794217815;0;0.0
Goal_169;38426;152521.37226666667;0.4444444444444444;34990;38827.260200000004;0.44445644866792816;0;0.0
Goal_173;38426;177941.6009777778;0.1111111111111111;34397;19797.7992;0.41705004794217815;0;0.0
Goal_174;38426;177941.6009777778;0.16666666666666666;34397;19797.7992;0.41705004794217815;0;0.0
Goal_175;38426;177941.6009777778;0.2222222222222222;34397;19797.7992;0.41705004794217815;0;0.0
Goal_176;38426;177941.6009777778;0.2777777777777778;34397;19797.7992;0.41705004794217815;0;0.0
Goal_177;38426;177941.6009777778;0.3333333333333333;34397;19797.7992;0.41705004794217815;0;0.0
Goal_180;38426;177941.6009777778;0.5;35401;50133.037000000004;0.49607837082461076;0;0.0
Goal_182;38426;203361.82968888892;0.05555555555555555;34397;19797.7992;0.41705004794217815;0;0.0
Goal_178;38426;177941.6009777778;0.38888888888888884;34397;19797.7992;0.41705004794217815;0;0.0
Goal_179;38426;177941.6009777778;0.4444444444444444;34990;38827.260200000004;0.44445644866792816;0;0.0
Goal_181;38426;203361.82968888892;0.0;34397;19797.7992;0.41705004794217815;0;0.0
Goal_183;38426;203361.82968888892;0.1111111111111111;34397;19797.7992;0.41705004794217815;0;0.0
Goal_186;38426;203361.82968888892;0.2777777777777778;34397;19797.7992;0.41705004794217815;0;0.0
Goal_184;38426;203361.82968888892;0.16666666666666666;34397;19797.7992;0.41705004794217815;0;0.0
Goal_185;38426;203361.82968888892;0.2222222222222222;34397;19797.7992;0.41705004794217815;0;0.0
Goal_187;38426;203361.82968888892;0.3333333333333333;34397;19797.7992;0.41705004794217815;0;0.0
Goal_188;38426;203361.82968888892;0.38888888888888884;34397;19797.7992;0.41705004794217815;0;0.0
Goal_190;38426;203361.82968888892;0.5;35401;50133.037000000004;0.49607837082461076;0;0.0
Goal_191;38426;228782.05840000004;0.0;34397;19797.7992;0.41705004794217815;0;0.0
Goal_192;38426;228782.05840000004;0.05555555555555555;34397;19797.7992;0.41705004794217815;0;0.0
Goal_189;38426;203361.82968888892;0.4444444444444444;34990;38827.260200000004;0.44445644866792816;0;0.0
Goal_193;38426;228782.05840000004;0.1111111111111111;34397;19797.7992;0.41705004794217815;0;0.0
Goal_195;38426;228782.05840000004;0.2222222222222222;34397;19797.7992;0.41705004794217815;0;0.0
Goal_196;38426;228782.05840000004;0.2777777777777778;34397;19797.7992;0.41705004794217815;0;0.0
Goal_194;38426;228782.05840000004;0.16666666666666666;34397;19797.7992;0.41705004794217815;0;0.0
Goal_197;38426;228782.05840000004;0.3333333333333333;34397;19797.7992;0.41705004794217815;0;0.0
Goal_198;38426;228782.05840000004;0.38888888888888884;34397;19797.7992;0.41705004794217815;0;0.0
Goal_200;38426;228782.05840000004;0.5;35401;50133.037000000004;0.49607837082461076;0;0.0
Goal_201;37842;0.0;0.0;34294;12136.981126764675;0.4160941439472546;0;2.0990733563122754E-16
Goal_202;37842;0.0;0.05555555555555555;34294;12136.981126764675;0.4160941439472546;0;0.0
Goal_199;38426;228782.05840000004;0.4444444444444444;34990;38827.260200000004;0.44445644866792816;0;0.0
Goal_204;37842;0.0;0.16666666666666666;34294;12136.981126764675;0.4160941439472546;0;0.0
Goal_203;37842;0.0;0.1111111111111111;34294;12136.981126764675;0.4160941439472546;0;0.0
Goal_205;37842;0.0;0.2222222222222222;34294;12136.981126764675;0.4160941439472546;0;0.0
Goal_207;37842;0.0;0.3333333333333333;34294;12136.981126764675;0.4160941439472546;0;0.0
Goal_206;37842;0.0;0.2777777777777778;34294;12136.981126764675;0.4160941439472546;0;0.0
Goal_210;37842;0.0;0.5;35401;37152.66235786732;0.49607837082461076;0;0.0
Goal_208;37842;0.0;0.38888888888888884;34294;12136.981126764675;0.4160941439472546;0;0.0
Goal_209;37842;0.0;0.4444444444444444;34953;26165.529012488092;0.44444315510344573;0;0.0
Goal_211;37842;25420.228711111115;0.0;34400;14506.403983357253;0.41709580732435353;0;0.0
Goal_212;37842;25420.228711111115;0.05555555555555555;34400;14506.403983357253;0.41709580732435353;0;0.0
Goal_213;37842;25420.228711111115;0.1111111111111111;34400;14506.403983357253;0.41709580732435353;0;0.0
Goal_216;37842;25420.228711111115;0.2777777777777778;34397;14444.630549980102;0.41705004794217815;0;0.0
Goal_215;37842;25420.228711111115;0.2222222222222222;34397;15546.33808217417;0.41705004794217815;0;0.0
Goal_214;37842;25420.228711111115;0.16666666666666666;34400;14506.403983357253;0.41709580732435353;0;0.0
Goal_217;37842;25420.228711111115;0.3333333333333333;34397;14444.630549980102;0.41705004794217815;0;0.0
Goal_220;37842;25420.228711111115;0.5;35401;37152.66235786732;0.49607837082461076;0;0.0
Goal_219;37842;25420.228711111115;0.4444444444444444;34953;26165.529012488092;0.44444315510344573;0;0.0
Goal_218;37842;25420.228711111115;0.38888888888888884;34397;14444.630549980102;0.41705004794217815;0;0.0
Goal_221;37842;50840.45742222223;0.0;34397;14444.630549980102;0.41705004794217815;0;0.0
Goal_222;37842;50840.45742222223;0.05555555555555555;34400;14512.878638898204;0.41709576974274937;0;0.0
Goal_226;37842;50840.45742222223;0.2777777777777778;34397;14444.630549980102;0.41705004794217815;0;0.0
Goal_223;37842;50840.45742222223;0.1111111111111111;34397;14444.630549980102;0.41705004794217815;0;0.0
Goal_225;37842;50840.45742222223;0.2222222222222222;34400;14506.403983357253;0.41709580732435353;0;0.0
Goal_227;37842;50840.45742222223;0.3333333333333333;34400;14506.403983357253;0.41709580732435353;0;0.0
Goal_224;37842;50840.45742222223;0.16666666666666666;34397;14444.630549980102;0.41705004794217815;0;0.0
Goal_230;37842;50840.45742222223;0.5;35401;50133.037000000004;0.49607837082461076;0;0.0
Goal_231;37842;76260.68613333334;0.0;34397;19797.7992;0.41705004794217815;0;0.0
Goal_232;37842;76260.68613333334;0.05555555555555555;34397;19797.7992;0.41705004794217815;0;0.0
Goal_229;37842;50840.45742222223;0.4444444444444444;34990;27555.94467832222;0.44445644866792816;0;0.0
Goal_228;37842;50840.45742222223;0.38888888888888884;34398;14465.221694439151;0.4170651352799077;0;0.0
Goal_233;37842;76260.68613333334;0.1111111111111111;34397;19797.7992;0.41705004794217815;0;0.0
Goal_234;37842;76260.68613333334;0.16666666666666666;34397;19797.7992;0.41705004794217815;0;0.0
Goal_236;37842;76260.68613333334;0.2777777777777778;34397;19797.7992;0.41705004794217815;0;0.0
Goal_235;37842;76260.68613333334;0.2222222222222222;34397;19797.7992;0.41705004794217815;0;0.0
Goal_237;37842;76260.68613333334;0.3333333333333333;34397;19797.7992;0.41705004794217815;0;0.0
Goal_240;37842;76260.68613333334;0.5;35401;50133.037000000004;0.49607837082461076;0;0.0
Goal_238;37842;76260.68613333334;0.38888888888888884;34397;19797.7992;0.41705004794217815;0;0.0
Goal_239;37842;76260.68613333334;0.4444444444444444;34990;38827.260200000004;0.44445644866792816;0;0.0
Goal_242;37842;101680.91484444446;0.05555555555555555;34397;19797.7992;0.41705004794217815;0;0.0
Goal_241;37842;101680.91484444446;0.0;34397;19797.7992;0.41705004794217815;0;0.0
Goal_244;37842;101680.91484444446;0.16666666666666666;34397;19797.7992;0.41705004794217815;0;0.0
Goal_243;37842;101680.91484444446;0.1111111111111111;34397;19797.7992;0.41705004794217815;0;0.0
Goal_245;37842;101680.91484444446;0.2222222222222222;34397;19797.7992;0.41705004794217815;0;0.0
Goal_247;37842;101680.91484444446;0.3333333333333333;34397;19797.7992;0.41705004794217815;0;0.0
Goal_246;37842;101680.91484444446;0.2777777777777778;34397;19797.7992;0.41705004794217815;0;0.0
Goal_248;37842;101680.91484444446;0.38888888888888884;34397;19797.7992;0.41705004794217815;0;0.0
Goal_250;37842;101680.91484444446;0.5;35401;50133.037000000004;0.49607837082461076;0;0.0
Goal_251;37842;127101.14355555558;0.0;34397;19797.7992;0.41705004794217815;0;0.0
Goal_252;37842;127101.14355555558;0.05555555555555555;34397;19797.7992;0.41705004794217815;0;0.0
Goal_249;37842;101680.91484444446;0.4444444444444444;34990;38827.260200000004;0.44445644866792816;0;0.0
Goal_253;37842;127101.14355555558;0.1111111111111111;34397;19797.7992;0.41705004794217815;0;0.0
Goal_256;37842;127101.14355555558;0.2777777777777778;34397;19797.7992;0.41705004794217815;0;0.0
Goal_254;37842;127101.14355555558;0.16666666666666666;34397;19797.7992;0.41705004794217815;0;0.0
Goal_257;37842;127101.14355555558;0.3333333333333333;34397;19797.7992;0.41705004794217815;0;0.0
Goal_255;37842;127101.14355555558;0.2222222222222222;34397;19797.7992;0.41705004794217815;0;0.0
Goal_260;37842;127101.14355555558;0.5;35401;50133.037000000004;0.49607837082461076;0;0.0
Goal_262;37842;152521.37226666667;0.05555555555555555;34397;19797.7992;0.41705004794217815;0;0.0
Goal_259;37842;127101.14355555558;0.4444444444444444;34990;38827.260200000004;0.44445644866792816;0;0.0
Goal_258;37842;127101.14355555558;0.38888888888888884;34397;19797.7992;0.41705004794217815;0;0.0
Goal_261;37842;152521.37226666667;0.0;34397;19797.7992;0.41705004794217815;0;0.0
Goal_263;37842;152521.37226666667;0.1111111111111111;34397;19797.7992;0.41705004794217815;0;0.0
Goal_264;37842;152521.37226666667;0.16666666666666666;34397;19797.7992;0.41705004794217815;0;0.0
Goal_265;37842;152521.37226666667;0.2222222222222222;34397;19797.7992;0.41705004794217815;0;0.0
Goal_267;37842;152521.37226666667;0.3333333333333333;34397;19797.7992;0.41705004794217815;0;0.0
Goal_266;37842;152521.37226666667;0.2777777777777778;34397;19797.7992;0.41705004794217815;0;0.0
Goal_270;37842;152521.37226666667;0.5;35401;50133.037000000004;0.49607837082461076;0;0.0
Goal_271;37842;177941.6009777778;0.0;34397;19797.7992;0.41705004794217815;0;0.0
Goal_268;37842;152521.37226666667;0.38888888888888884;34397;19797.7992;0.41705004794217815;0;0.0
Goal_272;37842;177941.6009777778;0.05555555555555555;34397;19797.7992;0.41705004794217815;0;0.0
Goal_269;37842;152521.37226666667;0.4444444444444444;34990;38827.260200000004;0.44445644866792816;0;0.0
Goal_273;37842;177941.6009777778;0.1111111111111111;34397;19797.7992;0.41705004794217815;0;0.0
Goal_277;37842;177941.6009777778;0.3333333333333333;34397;19797.7992;0.41705004794217815;0;0.0
Goal_274;37842;177941.6009777778;0.16666666666666666;34397;19797.7992;0.41705004794217815;0;0.0
Goal_276;37842;177941.6009777778;0.2777777777777778;34397;19797.7992;0.41705004794217815;0;0.0
Goal_275;37842;177941.6009777778;0.2222222222222222;34397;19797.7992;0.41705004794217815;0;0.0
Goal_280;37842;177941.6009777778;0.5;35401;50133.037000000004;0.49607837082461076;0;0.0
Goal_278;37842;177941.6009777778;0.38888888888888884;34397;19797.7992;0.41705004794217815;0;0.0
Goal_282;37842;203361.82968888892;0.05555555555555555;34397;19797.7992;0.41705004794217815;0;0.0
Goal_281;37842;203361.82968888892;0.0;34397;19797.7992;0.41705004794217815;0;0.0
Goal_279;37842;177941.6009777778;0.4444444444444444;34990;38827.260200000004;0.44445644866792816;0;0.0
Goal_284;37842;203361.82968888892;0.16666666666666666;34397;19797.7992;0.41705004794217815;0;0.0
Goal_285;37842;203361.82968888892;0.2222222222222222;34397;19797.7992;0.41705004794217815;0;0.0
Goal_283;37842;203361.82968888892;0.1111111111111111;34397;19797.7992;0.41705004794217815;0;0.0
Goal_286;37842;203361.82968888892;0.2777777777777778;34397;19797.7992;0.41705004794217815;0;0.0
Goal_287;37842;203361.82968888892;0.3333333333333333;34397;19797.7992;0.41705004794217815;0;0.0
Goal_290;37842;203361.82968888892;0.5;35401;50133.037000000004;0.49607837082461076;0;0.0
Goal_291;37842;228782.05840000004;0.0;34397;19797.7992;0.41705004794217815;0;0.0
Goal_288;37842;203361.82968888892;0.38888888888888884;34397;19797.7992;0.41705004794217815;0;0.0
Goal_292;37842;228782.05840000004;0.05555555555555555;34397;19797.7992;0.41705004794217815;0;0.0
Goal_293;37842;228782.05840000004;0.1111111111111111;34397;19797.7992;0.41705004794217815;0;0.0
Goal_289;37842;203361.82968888892;0.4444444444444444;34990;38827.260200000004;0.44445644866792816;0;0.0
Goal_297;37842;228782.05840000004;0.3333333333333333;34397;19797.7992;0.41705004794217815;0;0.0
Goal_294;37842;228782.05840000004;0.16666666666666666;34397;19797.7992;0.41705004794217815;0;0.0
Goal_295;37842;228782.05840000004;0.2222222222222222;34397;19797.7992;0.41705004794217815;0;0.0
Goal_296;37842;228782.05840000004;0.2777777777777778;34397;19797.7992;0.41705004794217815;0;0.0
Goal_298;37842;228782.05840000004;0.38888888888888884;34397;19797.7992;0.41705004794217815;0;0.0
Goal_299;37842;228782.05840000004;0.4444444444444444;34990;38827.260200000004;0.44445644866792816;0;0.0
Goal_300;37842;228782.05840000004;0.5;35401;50133.037000000004;0.49607837082461076;0;0.0
Goal_305;37258;0.0;0.2222222222222222;34294;12136.981126764675;0.4160941439472546;0;0.0
Goal_302;37258;0.0;0.05555555555555555;34294;12136.981126764675;0.4160941439472546;0;0.0
Goal_303;37258;0.0;0.1111111111111111;34294;12136.981126764675;0.4160941439472546;0;0.0
Goal_301;37258;0.0;0.0;34294;12136.981126764675;0.4160941439472546;0;0.0
Goal_304;37258;0.0;0.16666666666666666;34294;12136.981126764675;0.4160941439472546;0;0.0
Goal_308;37258;0.0;0.38888888888888884;34294;12136.981126764675;0.4160941439472546;0;0.0
Goal_306;37258;0.0;0.2777777777777778;34294;12136.981126764675;0.4160941439472546;0;0.0
Goal_310;37258;0.0;0.5;35401;37152.66235786732;0.49607837082461076;0;0.0
Goal_309;37258;0.0;0.4444444444444444;34953;26165.529012488092;0.44444315510344573;0;0.0
Goal_307;37258;0.0;0.3333333333333333;34294;12136.981126764675;0.4160941439472546;0;0.0
Goal_311;37258;25420.228711111115;0.0;34400;14506.403983357253;0.41709580732435353;0;0.0
Goal_315;37258;25420.228711111115;0.2222222222222222;34400;14506.403983357253;0.41709580732435353;0;4.039844655535377E-7
Goal_312;37258;25420.228711111115;0.05555555555555555;34400;14506.403983357253;0.41709580732435353;0;0.0
Goal_314;37258;25420.228711111115;0.16666666666666666;34400;14506.403983357253;0.41709580732435353;0;0.0
Goal_313;37258;25420.228711111115;0.1111111111111111;34398;14987.826549454287;0.4170651352799077;0;0.0
Goal_316;37258;25420.228711111115;0.2777777777777778;34397;15546.33808217417;0.41705004794217815;0;0.0
Goal_317;37258;25420.228711111115;0.3333333333333333;34397;14444.630549980102;0.41705004794217815;0;0.0
Goal_320;37258;25420.228711111115;0.5;35401;37152.66235786732;0.49607837082461076;0;0.0
Goal_319;37258;25420.228711111115;0.4444444444444444;34953;26165.529012488092;0.44444315510344573;0;0.0
Goal_322;37258;50840.45742222223;0.05555555555555555;34397;14444.630549980102;0.41705004794217815;0;0.0
Goal_318;37258;25420.228711111115;0.38888888888888884;34398;14959.57763837239;0.4170651352799077;0;0.0
Goal_321;37258;50840.45742222223;0.0;34397;14444.630549980102;0.41705004794217815;0;0.0
Goal_323;37258;50840.45742222223;0.1111111111111111;34397;14444.630549980102;0.41705004794217815;0;0.0
Goal_329;37258;50840.45742222223;0.4444444444444444;34990;27555.94467832222;0.44445644866792816;0;0.0
Goal_326;37258;50840.45742222223;0.2777777777777778;34400;14506.403983357253;0.41709580732435353;0;0.0
Goal_325;37258;50840.45742222223;0.2222222222222222;34400;14506.403983357253;0.41709580732435353;0;4.039844655535377E-7
Goal_327;37258;50840.45742222223;0.3333333333333333;34400;14506.403983357253;0.41709580732435353;0;0.0
Goal_324;37258;50840.45742222223;0.16666666666666666;34397;14444.630549980102;0.41705004794217815;0;0.0
Goal_328;37258;50840.45742222223;0.38888888888888884;34397;14444.630549980102;0.41705004794217815;0;0.0
Goal_330;37258;50840.45742222223;0.5;35401;50133.037000000004;0.49607837082461076;0;0.0
Goal_331;37258;76260.68613333334;0.0;34397;19797.7992;0.41705004794217815;0;0.0
Goal_332;37258;76260.68613333334;0.05555555555555555;34397;19797.7992;0.41705004794217815;0;0.0
Goal_337;37258;76260.68613333334;0.3333333333333333;34397;19797.7992;0.41705004794217815;0;0.0
Goal_336;37258;76260.68613333334;0.2777777777777778;34397;19797.7992;0.41705004794217815;0;0.0
Goal_338;37258;76260.68613333334;0.38888888888888884;34397;19797.7992;0.41705004794217815;0;0.0
Goal_335;37258;76260.68613333334;0.2222222222222222;34397;19797.7992;0.41705004794217815;0;0.0
Goal_334;37258;76260.68613333334;0.16666666666666666;34397;19797.7992;0.41705004794217815;0;0.0
Goal_333;37258;76260.68613333334;0.1111111111111111;34397;19797.7992;0.41705004794217815;0;0.0
Goal_340;37258;76260.68613333334;0.5;35401;50133.037000000004;0.49607837082461076;0;0.0
Goal_339;37258;76260.68613333334;0.4444444444444444;34990;38827.260200000004;0.44445644866792816;0;0.0
Goal_344;37258;101680.91484444446;0.16666666666666666;34397;19797.7992;0.41705004794217815;0;0.0
Goal_343;37258;101680.91484444446;0.1111111111111111;34397;19797.7992;0.41705004794217815;0;0.0
Goal_341;37258;101680.91484444446;0.0;34397;19797.7992;0.41705004794217815;0;0.0
Goal_342;37258;101680.91484444446;0.05555555555555555;34397;19797.7992;0.41705004794217815;0;0.0
Goal_350;37258;101680.91484444446;0.5;35401;50133.037000000004;0.49607837082461076;0;0.0
Goal_345;37258;101680.91484444446;0.2222222222222222;34397;19797.7992;0.41705004794217815;0;0.0
Goal_348;37258;101680.91484444446;0.38888888888888884;34397;19797.7992;0.41705004794217815;0;0.0
Goal_346;37258;101680.91484444446;0.2777777777777778;34397;19797.7992;0.41705004794217815;0;0.0
Goal_347;37258;101680.91484444446;0.3333333333333333;34397;19797.7992;0.41705004794217815;0;0.0
Goal_349;37258;101680.91484444446;0.4444444444444444;34990;38827.260200000004;0.44445644866792816;0;0.0
Goal_353;37258;127101.14355555558;0.1111111111111111;34397;19797.7992;0.41705004794217815;0;0.0
Goal_351;37258;127101.14355555558;0.0;34397;19797.7992;0.41705004794217815;0;0.0
Goal_354;37258;127101.14355555558;0.16666666666666666;34397;19797.7992;0.41705004794217815;0;0.0
Goal_356;37258;127101.14355555558;0.2777777777777778;34397;19797.7992;0.41705004794217815;0;0.0
Goal_352;37258;127101.14355555558;0.05555555555555555;34397;19797.7992;0.41705004794217815;0;0.0
Goal_355;37258;127101.14355555558;0.2222222222222222;34397;19797.7992;0.41705004794217815;0;0.0
Goal_360;37258;127101.14355555558;0.5;35401;50133.037000000004;0.49607837082461076;0;0.0
Goal_358;37258;127101.14355555558;0.38888888888888884;34397;19797.7992;0.41705004794217815;0;0.0
Goal_357;37258;127101.14355555558;0.3333333333333333;34397;19797.7992;0.41705004794217815;0;0.0
Goal_361;37258;152521.37226666667;0.0;34397;19797.7992;0.41705004794217815;0;0.0
Goal_359;37258;127101.14355555558;0.4444444444444444;34990;38827.260200000004;0.44445644866792816;0;0.0
Goal_362;37258;152521.37226666667;0.05555555555555555;34397;19797.7992;0.41705004794217815;0;0.0
Goal_364;37258;152521.37226666667;0.16666666666666666;34397;19797.7992;0.41705004794217815;0;0.0
Goal_363;37258;152521.37226666667;0.1111111111111111;34397;19797.7992;0.41705004794217815;0;0.0
Goal_365;37258;152521.37226666667;0.2222222222222222;34397;19797.7992;0.41705004794217815;0;0.0
Goal_368;37258;152521.37226666667;0.38888888888888884;34397;19797.7992;0.41705004794217815;0;0.0
Goal_367;37258;152521.37226666667;0.3333333333333333;34397;19797.7992;0.41705004794217815;0;0.0
Goal_366;37258;152521.37226666667;0.2777777777777778;34397;19797.7992;0.41705004794217815;0;0.0
Goal_370;37258;152521.37226666667;0.5;35401;50133.037000000004;0.49607837082461076;0;0.0
Goal_369;37258;152521.37226666667;0.4444444444444444;34990;38827.260200000004;0.44445644866792816;0;0.0
Goal_373;37258;177941.6009777778;0.1111111111111111;34397;19797.7992;0.41705004794217815;0;0.0
Goal_371;37258;177941.6009777778;0.0;34397;19797.7992;0.41705004794217815;0;0.0
Goal_372;37258;177941.6009777778;0.05555555555555555;34397;19797.7992;0.41705004794217815;0;0.0
Goal_374;37258;177941.6009777778;0.16666666666666666;34397;19797.7992;0.41705004794217815;0;0.0
Goal_380;37258;177941.6009777778;0.5;35401;50133.037000000004;0.49607837082461076;0;0.0
Goal_377;37258;177941.6009777778;0.3333333333333333;34397;19797.7992;0.41705004794217815;0;0.0
Goal_375;37258;177941.6009777778;0.2222222222222222;34397;19797.7992;0.41705004794217815;0;0.0
Goal_379;37258;177941.6009777778;0.4444444444444444;34990;38827.260200000004;0.44445644866792816;0;0.0
Goal_376;37258;177941.6009777778;0.2777777777777778;34397;19797.7992;0.41705004794217815;0;0.0
Goal_378;37258;177941.6009777778;0.38888888888888884;34397;19797.7992;0.41705004794217815;0;0.0
Goal_383;37258;203361.82968888892;0.1111111111111111;34397;19797.7992;0.41705004794217815;0;0.0
Goal_382;37258;203361.82968888892;0.05555555555555555;34397;19797.7992;0.41705004794217815;0;0.0
Goal_381;37258;203361.82968888892;0.0;34397;19797.7992;0.41705004794217815;0;0.0
Goal_384;37258;203361.82968888892;0.16666666666666666;34397;19797.7992;0.41705004794217815;0;0.0
Goal_386;37258;203361.82968888892;0.2777777777777778;34397;19797.7992;0.41705004794217815;0;0.0
Goal_385;37258;203361.82968888892;0.2222222222222222;34397;19797.7992;0.41705004794217815;0;0.0
Goal_390;37258;203361.82968888892;0.5;35401;50133.037000000004;0.49607837082461076;0;0.0
Goal_392;37258;228782.05840000004;0.05555555555555555;34397;19797.7992;0.41705004794217815;0;0.0
Goal_388;37258;203361.82968888892;0.38888888888888884;34397;19797.7992;0.41705004794217815;0;0.0
Goal_387;37258;203361.82968888892;0.3333333333333333;34397;19797.7992;0.41705004794217815;0;0.0
Goal_391;37258;228782.05840000004;0.0;34397;19797.7992;0.41705004794217815;0;0.0
Goal_389;37258;203361.82968888892;0.4444444444444444;34990;38827.260200000004;0.44445644866792816;0;0.0
Goal_396;37258;228782.05840000004;0.2777777777777778;34397;19797.7992;0.41705004794217815;0;0.0
Goal_394;37258;228782.05840000004;0.16666666666666666;34397;19797.7992;0.41705004794217815;0;0.0
Goal_397;37258;228782.05840000004;0.3333333333333333;34397;19797.7992;0.41705004794217815;0;0.0
Goal_393;37258;228782.05840000004;0.1111111111111111;34397;19797.7992;0.41705004794217815;0;0.0
Goal_398;37258;228782.05840000004;0.38888888888888884;34397;19797.7992;0.41705004794217815;0;0.0
Goal_395;37258;228782.05840000004;0.2222222222222222;34397;19797.7992;0.41705004794217815;0;0.0
Goal_400;37258;228782.05840000004;0.5;35401;50133.037000000004;0.49607837082461076;0;0.0
Goal_404;36674;0.0;0.16666666666666666;34294;12136.981126764675;0.4160941439472546;0;0.0
Goal_401;36674;0.0;0.0;34294;12136.981126764675;0.4160941439472546;0;0.0
Goal_402;36674;0.0;0.05555555555555555;34294;12136.981126764675;0.4160941439472546;0;0.0
Goal_403;36674;0.0;0.1111111111111111;34294;12136.981126764675;0.4160941439472546;0;0.0
Goal_399;37258;228782.05840000004;0.4444444444444444;34990;38827.260200000004;0.44445644866792816;0;0.0
Goal_410;36674;0.0;0.5;35401;37152.66235786732;0.49607837082461076;0;0.0
Goal_406;36674;0.0;0.2777777777777778;34294;12136.981126764675;0.4160941439472546;0;0.0
Goal_405;36674;0.0;0.2222222222222222;34294;12136.981126764675;0.4160941439472546;0;0.0
Goal_407;36674;0.0;0.3333333333333333;34294;12136.981126764675;0.4160941439472546;0;0.0
Goal_409;36674;0.0;0.4444444444444444;34953;26165.529012488092;0.44444315510344573;0;0.0
Goal_408;36674;0.0;0.38888888888888884;34294;12136.813882305625;0.4160943994779712;0;0.0
Goal_414;36674;25420.228711111115;0.16666666666666666;34397;14444.630549980102;0.41705004794217815;0;0.0
Goal_416;36674;25420.228711111115;0.2777777777777778;34398;15171.444471486633;0.4170651352799077;0;0.0
Goal_412;36674;25420.228711111115;0.05555555555555555;34398;14987.826549454287;0.4170651352799077;0;0.0
Goal_411;36674;25420.228711111115;0.0;34398;15171.444471486633;0.4170651352799077;0;0.0
Goal_413;36674;25420.228711111115;0.1111111111111111;34400;14506.403983357253;0.41709580732435353;0;0.0
Goal_415;36674;25420.228711111115;0.2222222222222222;34397;15546.33808217417;0.41705004794217815;0;0.0
Goal_420;36674;25420.228711111115;0.5;35401;37152.66235786732;0.49607837082461076;0;0.0
Goal_419;36674;25420.228711111115;0.4444444444444444;34953;26165.529012488092;0.44444315510344573;0;0.0
Goal_418;36674;25420.228711111115;0.38888888888888884;34397;14444.630549980102;0.41705004794217815;0;0.0
Goal_417;36674;25420.228711111115;0.3333333333333333;34396;14424.039405521053;0.41703512641816837;0;0.0
Goal_421;36674;50840.45742222223;0.0;34400;14512.878638898204;0.41709576974274937;0;0.0
Goal_422;36674;50840.45742222223;0.05555555555555555;34397;14444.630549980102;0.41705004794217815;0;0.0
Goal_424;36674;50840.45742222223;0.16666666666666666;34397;14444.630549980102;0.41705004794217815;0;0.0
Goal_425;36674;50840.45742222223;0.2222222222222222;34400;14506.403983357253;0.41709580732435353;0;0.0
Goal_427;36674;50840.45742222223;0.3333333333333333;34400;14506.403983357253;0.41709580732435353;0;0.0
Goal_423;36674;50840.45742222223;0.1111111111111111;34397;14444.630549980102;0.41705004794217815;0;0.0
Goal_426;36674;50840.45742222223;0.2777777777777778;34400;14506.403983357253;0.41709580732435353;0;0.0
Goal_428;36674;50840.45742222223;0.38888888888888884;34396;14417.564749980102;0.4170351733948672;0;0.0
Goal_430;36674;50840.45742222223;0.5;35401;50133.037000000004;0.49607837082461076;0;0.0
Goal_433;36674;76260.68613333334;0.1111111111111111;34397;19797.7992;0.41705004794217815;0;0.0
Goal_432;36674;76260.68613333334;0.05555555555555555;34397;19797.7992;0.41705004794217815;0;0.0
Goal_434;36674;76260.68613333334;0.16666666666666666;34397;19797.7992;0.41705004794217815;0;0.0
Goal_431;36674;76260.68613333334;0.0;34397;19797.7992;0.41705004794217815;0;0.0
Goal_429;36674;50840.45742222223;0.4444444444444444;34990;27555.94467832222;0.44445644866792816;0;0.0
Goal_440;36674;76260.68613333334;0.5;35401;50133.037000000004;0.49607837082461076;0;0.0
Goal_437;36674;76260.68613333334;0.3333333333333333;34397;19797.7992;0.41705004794217815;0;0.0
Goal_435;36674;76260.68613333334;0.2222222222222222;34397;19797.7992;0.41705004794217815;0;0.0
Goal_436;36674;76260.68613333334;0.2777777777777778;34397;19797.7992;0.41705004794217815;0;0.0
Goal_438;36674;76260.68613333334;0.38888888888888884;34397;19797.7992;0.41705004794217815;0;0.0
Goal_439;36674;76260.68613333334;0.4444444444444444;34990;38827.260200000004;0.44445644866792816;0;0.0
Goal_444;36674;101680.91484444446;0.16666666666666666;34397;19797.7992;0.41705004794217815;0;0.0
Goal_446;36674;101680.91484444446;0.2777777777777778;34397;19797.7992;0.41705004794217815;0;0.0
Goal_445;36674;101680.91484444446;0.2222222222222222;34397;19797.7992;0.41705004794217815;0;0.0
Goal_442;36674;101680.91484444446;0.05555555555555555;34397;19797.7992;0.41705004794217815;0;0.0
Goal_441;36674;101680.91484444446;0.0;34397;19797.7992;0.41705004794217815;0;0.0
Goal_443;36674;101680.91484444446;0.1111111111111111;34397;19797.7992;0.41705004794217815;0;0.0
Goal_447;36674;101680.91484444446;0.3333333333333333;34397;19797.7992;0.41705004794217815;0;0.0
Goal_450;36674;101680.91484444446;0.5;35401;50133.037000000004;0.49607837082461076;0;0.0
Goal_451;36674;127101.14355555558;0.0;34397;19797.7992;0.41705004794217815;0;0.0
Goal_448;36674;101680.91484444446;0.38888888888888884;34397;19797.7992;0.41705004794217815;0;0.0
Goal_449;36674;101680.91484444446;0.4444444444444444;34990;38827.260200000004;0.44445644866792816;0;0.0
Goal_452;36674;127101.14355555558;0.05555555555555555;34397;19797.7992;0.41705004794217815;0;0.0
Goal_454;36674;127101.14355555558;0.16666666666666666;34397;19797.7992;0.41705004794217815;0;0.0
Goal_456;36674;127101.14355555558;0.2777777777777778;34397;19797.7992;0.41705004794217815;0;0.0
Goal_457;36674;127101.14355555558;0.3333333333333333;34397;19797.7992;0.41705004794217815;0;0.0
Goal_453;36674;127101.14355555558;0.1111111111111111;34397;19797.7992;0.41705004794217815;0;0.0
Goal_455;36674;127101.14355555558;0.2222222222222222;34397;19797.7992;0.41705004794217815;0;0.0
Goal_458;36674;127101.14355555558;0.38888888888888884;34397;19797.7992;0.41705004794217815;0;0.0
Goal_460;36674;127101.14355555558;0.5;35401;50133.037000000004;0.49607837082461076;0;0.0
Goal_461;36674;152521.37226666667;0.0;34397;19797.7992;0.41705004794217815;0;0.0
Goal_459;36674;127101.14355555558;0.4444444444444444;34990;38827.260200000004;0.44445644866792816;0;0.0
Goal_462;36674;152521.37226666667;0.05555555555555555;34397;19797.7992;0.41705004794217815;0;0.0
Goal_464;36674;152521.37226666667;0.16666666666666666;34397;19797.7992;0.41705004794217815;0;0.0
Goal_463;36674;152521.37226666667;0.1111111111111111;34397;19797.7992;0.41705004794217815;0;0.0
Goal_470;36674;152521.37226666667;0.5;35401;50133.037000000004;0.49607837082461076;0;0.0
Goal_465;36674;152521.37226666667;0.2222222222222222;34397;19797.7992;0.41705004794217815;0;0.0
Goal_466;36674;152521.37226666667;0.2777777777777778;34397;19797.7992;0.41705004794217815;0;0.0
Goal_467;36674;152521.37226666667;0.3333333333333333;34397;19797.7992;0.41705004794217815;0;0.0
Goal_468;36674;152521.37226666667;0.38888888888888884;34397;19797.7992;0.41705004794217815;0;0.0
Goal_469;36674;152521.37226666667;0.4444444444444444;34990;38827.260200000004;0.44445644866792816;0;0.0
Goal_471;36674;177941.6009777778;0.0;34397;19797.7992;0.41705004794217815;0;0.0
Goal_475;36674;177941.6009777778;0.2222222222222222;34397;19797.7992;0.41705004794217815;0;0.0
Goal_472;36674;177941.6009777778;0.05555555555555555;34397;19797.7992;0.41705004794217815;0;0.0
Goal_473;36674;177941.6009777778;0.1111111111111111;34397;19797.7992;0.41705004794217815;0;0.0
Goal_474;36674;177941.6009777778;0.16666666666666666;34397;19797.7992;0.41705004794217815;0;0.0
Goal_476;36674;177941.6009777778;0.2777777777777778;34397;19797.7992;0.41705004794217815;0;0.0
Goal_480;36674;177941.6009777778;0.5;35401;50133.037000000004;0.49607837082461076;0;0.0
Goal_477;36674;177941.6009777778;0.3333333333333333;34397;19797.7992;0.41705004794217815;0;0.0
Goal_481;36674;203361.82968888892;0.0;34397;19797.7992;0.41705004794217815;0;0.0
Goal_482;36674;203361.82968888892;0.05555555555555555;34397;19797.7992;0.41705004794217815;0;0.0
Goal_478;36674;177941.6009777778;0.38888888888888884;34397;19797.7992;0.41705004794217815;0;0.0
Goal_479;36674;177941.6009777778;0.4444444444444444;34990;38827.260200000004;0.44445644866792816;0;0.0
Goal_484;36674;203361.82968888892;0.16666666666666666;34397;19797.7992;0.41705004794217815;0;0.0
Goal_488;36674;203361.82968888892;0.38888888888888884;34397;19797.7992;0.41705004794217815;0;0.0
Goal_483;36674;203361.82968888892;0.1111111111111111;34397;19797.7992;0.41705004794217815;0;0.0
Goal_485;36674;203361.82968888892;0.2222222222222222;34397;19797.7992;0.41705004794217815;0;0.0
Goal_486;36674;203361.82968888892;0.2777777777777778;34397;19797.7992;0.41705004794217815;0;0.0
Goal_487;36674;203361.82968888892;0.3333333333333333;34397;19797.7992;0.41705004794217815;0;0.0
Goal_490;36674;203361.82968888892;0.5;35401;50133.037000000004;0.49607837082461076;0;0.0
Goal_492;36674;228782.05840000004;0.05555555555555555;34397;19797.7992;0.41705004794217815;0;0.0
Goal_491;36674;228782.05840000004;0.0;34397;19797.7992;0.41705004794217815;0;0.0
Goal_489;36674;203361.82968888892;0.4444444444444444;34990;38827.260200000004;0.44445644866792816;0;0.0
Goal_494;36674;228782.05840000004;0.16666666666666666;34397;19797.7992;0.41705004794217815;0;0.0
Goal_493;36674;228782.05840000004;0.1111111111111111;34397;19797.7992;0.41705004794217815;0;0.0
Goal_495;36674;228782.05840000004;0.2222222222222222;34397;19797.7992;0.41705004794217815;0;0.0
Goal_500;36674;228782.05840000004;0.5;35401;50133.037000000004;0.49607837082461076;0;0.0
Goal_498;36674;228782.05840000004;0.38888888888888884;34397;19797.7992;0.41705004794217815;0;0.0
Goal_496;36674;228782.05840000004;0.2777777777777778;34397;19797.7992;0.41705004794217815;0;0.0
Goal_497;36674;228782.05840000004;0.3333333333333333;34397;19797.7992;0.41705004794217815;0;0.0
Goal_499;36674;228782.05840000004;0.4444444444444444;34990;38827.260200000004;0.44445644866792816;0;0.0
Goal_502;36090;0.0;0.05555555555555555;34294;12136.981126764675;0.4160941439472546;0;0.0
Goal_501;36090;0.0;0.0;34294;12136.981126764675;0.4160941439472546;0;0.0
Goal_505;36090;0.0;0.2222222222222222;34294;12136.981126764675;0.4160941439472546;0;0.0
Goal_504;36090;0.0;0.16666666666666666;34294;12136.981126764675;0.4160941439472546;0;0.0
Goal_503;36090;0.0;0.1111111111111111;34294;12136.981126764675;0.4160941439472546;0;0.0
Goal_506;36090;0.0;0.2777777777777778;34294;12136.981126764675;0.4160941439472546;0;0.0
Goal_510;36090;0.0;0.5;35401;37152.66235786732;0.49607837082461076;0;0.0
Goal_509;36090;0.0;0.4444444444444444;34953;26165.529012488092;0.44444315510344573;0;0.0
Goal_507;36090;0.0;0.3333333333333333;34294;12136.981126764675;0.4160941439472546;0;0.0
Goal_508;36090;0.0;0.38888888888888884;34297;12198.587315682777;0.41610819858642734;0;0.0
Goal_511;36090;25420.228711111115;0.0;34398;14465.221694439151;0.4170651352799077;0;0.0
Goal_512;36090;25420.228711111115;0.05555555555555555;34396;14417.564749980102;0.4170351733948672;0;0.0
Goal_518;36090;25420.228711111115;0.38888888888888884;34396;14417.564749980102;0.4170351733948672;0;0.0
Goal_515;36090;25420.228711111115;0.2222222222222222;34397;14444.630549980102;0.41705004794217815;0;0.0
Goal_513;36090;25420.228711111115;0.1111111111111111;34396;14417.564749980102;0.4170351733948672;0;0.0
Goal_516;36090;25420.228711111115;0.2777777777777778;34397;14444.630549980102;0.41705004794217815;0;0.0
Goal_517;36090;25420.228711111115;0.3333333333333333;34396;14417.564749980102;0.4170351733948672;0;0.0
Goal_514;36090;25420.228711111115;0.16666666666666666;34398;14465.221694439151;0.4170651352799077;0;0.0
Goal_520;36090;25420.228711111115;0.5;35401;37152.66235786732;0.49607837082461076;0;0.0
Goal_519;36090;25420.228711111115;0.4444444444444444;34953;26165.529012488092;0.44444315510344573;0;0.0
Goal_523;36090;50840.45742222223;0.1111111111111111;34398;14465.221694439151;0.4170651352799077;0;0.0
Goal_521;36090;50840.45742222223;0.0;34397;14444.630549980102;0.41705004794217815;0;0.0
Goal_522;36090;50840.45742222223;0.05555555555555555;34398;14465.221694439151;0.4170651352799077;0;0.0
Goal_524;36090;50840.45742222223;0.16666666666666666;34398;14465.221694439151;0.4170651352799077;0;0.0
Goal_530;36090;50840.45742222223;0.5;35401;37152.66235786732;0.49607837082461076;0;0.0
Goal_525;36090;50840.45742222223;0.2222222222222222;34397;14444.630549980102;0.41705004794217815;0;0.0
Goal_527;36090;50840.45742222223;0.3333333333333333;34396;14417.564749980102;0.4170351733948672;0;0.0
Goal_526;36090;50840.45742222223;0.2777777777777778;34397;14444.630549980102;0.41705004794217815;0;0.0
Goal_528;36090;50840.45742222223;0.38888888888888884;34396;14417.564749980102;0.4170351733948672;0;0.0
Goal_529;36090;50840.45742222223;0.4444444444444444;34990;27555.94467832222;0.44445644866792816;0;0.0
Goal_531;36090;76260.68613333334;0.0;34397;14444.630549980102;0.41705004794217815;0;0.0
Goal_533;36090;76260.68613333334;0.1111111111111111;34397;14444.630549980102;0.41705004794217815;0;0.0
Goal_535;36090;76260.68613333334;0.2222222222222222;34397;14444.630549980102;0.41705004794217815;0;0.0
Goal_534;36090;76260.68613333334;0.16666666666666666;34397;14444.630549980102;0.41705004794217815;0;0.0
Goal_532;36090;76260.68613333334;0.05555555555555555;34397;14444.630549980102;0.41705004794217815;0;0.0
Goal_536;36090;76260.68613333334;0.2777777777777778;34397;14444.630549980102;0.41705004794217815;0;0.0
Goal_540;36090;76260.68613333334;0.5;35401;37152.66235786732;0.49607837082461076;0;0.0
Goal_541;36090;101680.91484444446;0.0;34397;14444.630549980102;0.41705004794217815;0;0.0
Goal_538;36090;76260.68613333334;0.38888888888888884;34397;14444.630549980102;0.41705004794217815;0;0.0
Goal_537;36090;76260.68613333334;0.3333333333333333;34397;14444.630549980102;0.41705004794217815;0;0.0
Goal_542;36090;101680.91484444446;0.05555555555555555;34397;14444.630549980102;0.41705004794217815;0;0.0
Goal_539;36090;76260.68613333334;0.4444444444444444;34990;27555.94467832222;0.44445644866792816;0;0.0
Goal_546;36090;101680.91484444446;0.2777777777777778;34397;14444.630549980102;0.41705004794217815;0;0.0
Goal_543;36090;101680.91484444446;0.1111111111111111;34397;14444.630549980102;0.41705004794217815;0;0.0
Goal_545;36090;101680.91484444446;0.2222222222222222;34397;14444.630549980102;0.41705004794217815;0;0.0
Goal_544;36090;101680.91484444446;0.16666666666666666;34397;14444.630549980102;0.41705004794217815;0;0.0
Goal_548;36090;101680.91484444446;0.38888888888888884;34397;14444.630549980102;0.41705004794217815;0;0.0
Goal_547;36090;101680.91484444446;0.3333333333333333;34397;14444.630549980102;0.41705004794217815;0;0.0
Goal_550;36090;101680.91484444446;0.5;35401;37152.66235786732;0.49607837082461076;0;0.0
Goal_552;36090;127101.14355555558;0.05555555555555555;34397;14444.630549980102;0.41705004794217815;0;0.0
Goal_553;36090;127101.14355555558;0.1111111111111111;34397;14444.630549980102;0.41705004794217815;0;0.0
Goal_551;36090;127101.14355555558;0.0;34397;14444.630549980102;0.41705004794217815;0;0.0
Goal_549;36090;101680.91484444446;0.4444444444444444;34990;27555.94467832222;0.44445644866792816;0;0.0
Goal_554;36090;127101.14355555558;0.16666666666666666;34397;14444.630549980102;0.41705004794217815;0;0.0
Goal_558;36090;127101.14355555558;0.38888888888888884;34397;14444.630549980102;0.41705004794217815;0;0.0
Goal_560;36090;127101.14355555558;0.5;35401;37152.66235786732;0.49607837082461076;0;0.0
Goal_557;36090;127101.14355555558;0.3333333333333333;34397;14444.630549980102;0.41705004794217815;0;0.0
Goal_556;36090;127101.14355555558;0.2777777777777778;34397;14444.630549980102;0.41705004794217815;0;0.0
Goal_555;36090;127101.14355555558;0.2222222222222222;34397;14444.630549980102;0.41705004794217815;0;0.0
Goal_559;36090;127101.14355555558;0.4444444444444444;34990;27555.94467832222;0.44445644866792816;0;0.0
Goal_561;36090;152521.37226666667;0.0;34397;14444.630549980102;0.41705004794217815;0;0.0
Goal_564;36090;152521.37226666667;0.16666666666666666;34397;14444.630549980102;0.41705004794217815;0;0.0
Goal_562;36090;152521.37226666667;0.05555555555555555;34397;14444.630549980102;0.41705004794217815;0;0.0
Goal_563;36090;152521.37226666667;0.1111111111111111;34397;14444.630549980102;0.41705004794217815;0;0.0
Goal_565;36090;152521.37226666667;0.2222222222222222;34397;14444.630549980102;0.41705004794217815;0;0.0
Goal_566;36090;152521.37226666667;0.2777777777777778;34397;14444.630549980102;0.41705004794217815;0;0.0
Goal_570;36090;152521.37226666667;0.5;35401;37152.66235786732;0.49607837082461076;0;0.0
Goal_568;36090;152521.37226666667;0.38888888888888884;34397;14444.630549980102;0.41705004794217815;0;0.0
Goal_567;36090;152521.37226666667;0.3333333333333333;34397;14444.630549980102;0.41705004794217815;0;0.0
Goal_572;36090;177941.6009777778;0.05555555555555555;34397;14444.630549980102;0.41705004794217815;0;0.0
Goal_571;36090;177941.6009777778;0.0;34397;14444.630549980102;0.41705004794217815;0;0.0
Goal_569;36090;152521.37226666667;0.4444444444444444;34990;27555.94467832222;0.44445644866792816;0;0.0
Goal_574;36090;177941.6009777778;0.16666666666666666;34397;14444.630549980102;0.41705004794217815;0;0.0
Goal_578;36090;177941.6009777778;0.38888888888888884;34397;14444.630549980102;0.41705004794217815;0;0.0
Goal_573;36090;177941.6009777778;0.1111111111111111;34397;14444.630549980102;0.41705004794217815;0;0.0
Goal_577;36090;177941.6009777778;0.3333333333333333;34397;14444.630549980102;0.41705004794217815;0;0.0
Goal_575;36090;177941.6009777778;0.2222222222222222;34397;14444.630549980102;0.41705004794217815;0;0.0
Goal_576;36090;177941.6009777778;0.2777777777777778;34397;14444.630549980102;0.41705004794217815;0;0.0
Goal_580;36090;177941.6009777778;0.5;35401;37152.66235786732;0.49607837082461076;0;0.0
Goal_583;36090;203361.82968888892;0.1111111111111111;34397;14444.630549980102;0.41705004794217815;0;0.0
Goal_582;36090;203361.82968888892;0.05555555555555555;34397;14444.630549980102;0.41705004794217815;0;0.0
Goal_579;36090;177941.6009777778;0.4444444444444444;34990;27555.94467832222;0.44445644866792816;0;0.0
Goal_581;36090;203361.82968888892;0.0;34397;14444.630549980102;0.41705004794217815;0;0.0
Goal_584;36090;203361.82968888892;0.16666666666666666;34397;14444.630549980102;0.41705004794217815;0;0.0
Goal_588;36090;203361.82968888892;0.38888888888888884;34397;14444.630549980102;0.41705004794217815;0;0.0
Goal_590;36090;203361.82968888892;0.5;35401;37152.66235786732;0.49607837082461076;0;0.0
Goal_585;36090;203361.82968888892;0.2222222222222222;34397;14444.630549980102;0.41705004794217815;0;0.0
Goal_586;36090;203361.82968888892;0.2777777777777778;34397;14444.630549980102;0.41705004794217815;0;0.0
Goal_587;36090;203361.82968888892;0.3333333333333333;34397;14444.630549980102;0.41705004794217815;0;0.0
Goal_589;36090;203361.82968888892;0.4444444444444444;34990;27555.94467832222;0.44445644866792816;0;0.0
Goal_591;36090;228782.05840000004;0.0;34397;14444.630549980102;0.41705004794217815;0;0.0
Goal_595;36090;228782.05840000004;0.2222222222222222;34397;14444.630549980102;0.41705004794217815;0;0.0
Goal_593;36090;228782.05840000004;0.1111111111111111;34397;14444.630549980102;0.41705004794217815;0;0.0
Goal_592;36090;228782.05840000004;0.05555555555555555;34397;14444.630549980102;0.41705004794217815;0;0.0
Goal_594;36090;228782.05840000004;0.16666666666666666;34397;14444.630549980102;0.41705004794217815;0;0.0
Goal_596;36090;228782.05840000004;0.2777777777777778;34397;14444.630549980102;0.41705004794217815;0;0.0
Goal_600;36090;228782.05840000004;0.5;35401;37152.66235786732;0.49607837082461076;0;0.0
Goal_601;35506;0.0;0.0;34294;12136.981126764675;0.4160941439472546;0;0.0
Goal_597;36090;228782.05840000004;0.3333333333333333;34397;14444.630549980102;0.41705004794217815;0;0.0
Goal_598;36090;228782.05840000004;0.38888888888888884;34397;14444.630549980102;0.41705004794217815;0;0.0
Goal_602;35506;0.0;0.05555555555555555;34294;12136.981126764675;0.4160941439472546;0;0.0
Goal_599;36090;228782.05840000004;0.4444444444444444;34990;27555.94467832222;0.44445644866792816;0;0.0
Goal_603;35506;0.0;0.1111111111111111;34294;12136.981126764675;0.4160941439472546;0;0.0
Goal_604;35506;0.0;0.16666666666666666;34294;12136.981126764675;0.4160941439472546;0;0.0
Goal_607;35506;0.0;0.3333333333333333;34294;12136.981126764675;0.4160941439472546;0;0.0
Goal_605;35506;0.0;0.2222222222222222;34294;12136.981126764675;0.4160941439472546;0;0.0
Goal_606;35506;0.0;0.2777777777777778;34294;12136.981126764675;0.4160941439472546;0;0.0
Goal_608;35506;0.0;0.38888888888888884;34294;12136.813882305625;0.4160943994779712;0;0.0
Goal_610;35506;0.0;0.5;35401;37152.66235786732;0.49607837082461076;0;0.0
Goal_609;35506;0.0;0.4444444444444444;34953;26165.529012488092;0.44444315510344573;0;0.0
Goal_613;35506;25420.228711111115;0.1111111111111111;34396;14417.564749980102;0.4170351733948672;0;0.0
Goal_612;35506;25420.228711111115;0.05555555555555555;34396;14417.564749980102;0.4170351733948672;0;0.0
Goal_611;35506;25420.228711111115;0.0;34396;14417.564749980102;0.4170351733948672;0;0.0
Goal_614;35506;25420.228711111115;0.16666666666666666;34396;14417.564749980102;0.4170351733948672;0;0.0
Goal_620;35506;25420.228711111115;0.5;35401;37152.66235786732;0.49607837082461076;0;0.0
Goal_619;35506;25420.228711111115;0.4444444444444444;34953;26165.529012488092;0.44444315510344573;0;0.0
Goal_618;35506;25420.228711111115;0.38888888888888884;34397;14444.630549980102;0.41705004794217815;0;0.0
Goal_616;35506;25420.228711111115;0.2777777777777778;34396;14417.564749980102;0.4170351733948672;0;0.0
Goal_617;35506;25420.228711111115;0.3333333333333333;34397;14444.630549980102;0.41705004794217815;0;0.0
Goal_615;35506;25420.228711111115;0.2222222222222222;34397;14444.630549980102;0.41705004794217815;0;0.0
Goal_625;35506;50840.45742222223;0.2222222222222222;34397;14444.630549980102;0.41705004794217815;0;0.0
Goal_626;35506;50840.45742222223;0.2777777777777778;34397;14444.630549980102;0.41705004794217815;0;0.0
Goal_624;35506;50840.45742222223;0.16666666666666666;34398;14465.221694439151;0.4170651352799077;0;0.0
Goal_621;35506;50840.45742222223;0.0;34397;14444.630549980102;0.41705004794217815;0;0.0
Goal_622;35506;50840.45742222223;0.05555555555555555;34398;14465.221694439151;0.4170651352799077;0;0.0
Goal_623;35506;50840.45742222223;0.1111111111111111;34397;14444.630549980102;0.41705004794217815;0;0.0
Goal_630;35506;50840.45742222223;0.5;35401;37152.66235786732;0.49607837082461076;0;0.0
Goal_631;35506;76260.68613333334;0.0;34397;14444.630549980102;0.41705004794217815;0;0.0
Goal_632;35506;76260.68613333334;0.05555555555555555;34397;14444.630549980102;0.41705004794217815;0;0.0
Goal_627;35506;50840.45742222223;0.3333333333333333;34396;14417.564749980102;0.4170351733948672;0;0.0
Goal_628;35506;50840.45742222223;0.38888888888888884;34397;14444.630549980102;0.41705004794217815;0;0.0
Goal_629;35506;50840.45742222223;0.4444444444444444;34990;27555.94467832222;0.44445644866792827;0;0.0
Goal_634;35506;76260.68613333334;0.16666666666666666;34397;14444.630549980102;0.41705004794217815;0;0.0
Goal_636;35506;76260.68613333334;0.2777777777777778;34397;14444.630549980102;0.41705004794217815;0;0.0
Goal_633;35506;76260.68613333334;0.1111111111111111;34397;14444.630549980102;0.41705004794217815;0;0.0
Goal_637;35506;76260.68613333334;0.3333333333333333;34397;14444.630549980102;0.41705004794217815;0;0.0
Goal_635;35506;76260.68613333334;0.2222222222222222;34397;14444.630549980102;0.41705004794217815;0;0.0
Goal_638;35506;76260.68613333334;0.38888888888888884;34397;14444.630549980102;0.41705004794217815;0;0.0
Goal_640;35506;76260.68613333334;0.5;35401;37152.66235786732;0.49607837082461076;0;0.0
Goal_644;35506;101680.91484444446;0.16666666666666666;34397;14444.630549980102;0.41705004794217815;0;0.0
Goal_641;35506;101680.91484444446;0.0;34397;14444.630549980102;0.41705004794217815;0;0.0
Goal_639;35506;76260.68613333334;0.4444444444444444;34990;27555.94467832222;0.44445644866792816;0;0.0
Goal_643;35506;101680.91484444446;0.1111111111111111;34397;14444.630549980102;0.41705004794217815;0;0.0
Goal_642;35506;101680.91484444446;0.05555555555555555;34397;14444.630549980102;0.41705004794217815;0;0.0
Goal_645;35506;101680.91484444446;0.2222222222222222;34397;14444.630549980102;0.41705004794217815;0;0.0
Goal_650;35506;101680.91484444446;0.5;35401;37152.66235786732;0.49607837082461076;0;0.0
Goal_646;35506;101680.91484444446;0.2777777777777778;34397;14444.630549980102;0.41705004794217815;0;0.0
Goal_648;35506;101680.91484444446;0.38888888888888884;34397;14444.630549980102;0.41705004794217815;0;0.0
Goal_647;35506;101680.91484444446;0.3333333333333333;34397;14444.630549980102;0.41705004794217815;0;0.0
Goal_649;35506;101680.91484444446;0.4444444444444444;34990;27555.94467832222;0.44445644866792816;0;0.0
Goal_653;35506;127101.14355555558;0.1111111111111111;34397;14444.630549980102;0.41705004794217815;0;0.0
Goal_651;35506;127101.14355555558;0.0;34397;14444.630549980102;0.41705004794217815;0;0.0
Goal_654;35506;127101.14355555558;0.16666666666666666;34397;14444.630549980102;0.41705004794217815;0;0.0
Goal_655;35506;127101.14355555558;0.2222222222222222;34397;14444.630549980102;0.41705004794217815;0;0.0
Goal_656;35506;127101.14355555558;0.2777777777777778;34397;14444.630549980102;0.41705004794217815;0;0.0
Goal_652;35506;127101.14355555558;0.05555555555555555;34397;14444.630549980102;0.41705004794217815;0;0.0
Goal_657;35506;127101.14355555558;0.3333333333333333;34397;14444.630549980102;0.41705004794217815;0;0.0
Goal_660;35506;127101.14355555558;0.5;35401;37152.66235786732;0.49607837082461076;0;0.0
Goal_658;35506;127101.14355555558;0.38888888888888884;34397;14444.630549980102;0.41705004794217815;0;0.0
Goal_661;35506;152521.37226666667;0.0;34397;14444.630549980102;0.41705004794217815;0;0.0
Goal_659;35506;127101.14355555558;0.4444444444444444;34990;27555.94467832222;0.44445644866792816;0;0.0
Goal_662;35506;152521.37226666667;0.05555555555555555;34397;14444.630549980102;0.41705004794217815;0;0.0
Goal_666;35506;152521.37226666667;0.2777777777777778;34397;14444.630549980102;0.41705004794217815;0;0.0
Goal_664;35506;152521.37226666667;0.16666666666666666;34397;14444.630549980102;0.41705004794217815;0;0.0
Goal_663;35506;152521.37226666667;0.1111111111111111;34397;14444.630549980102;0.41705004794217815;0;0.0
Goal_667;35506;152521.37226666667;0.3333333333333333;34397;14444.630549980102;0.41705004794217815;0;0.0
Goal_665;35506;152521.37226666667;0.2222222222222222;34397;14444.630549980102;0.41705004794217815;0;0.0
Goal_668;35506;152521.37226666667;0.38888888888888884;34397;14444.630549980102;0.41705004794217815;0;0.0
Goal_670;35506;152521.37226666667;0.5;35401;37152.66235786732;0.49607837082461076;0;0.0
Goal_671;35506;177941.6009777778;0.0;34397;14444.630549980102;0.41705004794217815;0;0.0
Goal_672;35506;177941.6009777778;0.05555555555555555;34397;14444.630549980102;0.41705004794217815;0;0.0
Goal_673;35506;177941.6009777778;0.1111111111111111;34397;14444.630549980102;0.41705004794217815;0;0.0
Goal_674;35506;177941.6009777778;0.16666666666666666;34397;14444.630549980102;0.41705004794217815;0;0.0
Goal_669;35506;152521.37226666667;0.4444444444444444;34990;27555.94467832222;0.44445644866792816;0;0.0
Goal_680;35506;177941.6009777778;0.5;35401;37152.66235786732;0.49607837082461076;0;0.0
Goal_676;35506;177941.6009777778;0.2777777777777778;34397;14444.630549980102;0.41705004794217815;0;0.0
Goal_675;35506;177941.6009777778;0.2222222222222222;34397;14444.630549980102;0.41705004794217815;0;0.0
Goal_678;35506;177941.6009777778;0.38888888888888884;34397;14444.630549980102;0.41705004794217815;0;0.0
Goal_677;35506;177941.6009777778;0.3333333333333333;34397;14444.630549980102;0.41705004794217815;0;0.0
Goal_679;35506;177941.6009777778;0.4444444444444444;34990;27555.94467832222;0.44445644866792816;0;0.0
Goal_683;35506;203361.82968888892;0.1111111111111111;34397;14444.630549980102;0.41705004794217815;0;0.0
Goal_682;35506;203361.82968888892;0.05555555555555555;34397;14444.630549980102;0.41705004794217815;0;0.0
Goal_681;35506;203361.82968888892;0.0;34397;14444.630549980102;0.41705004794217815;0;0.0
Goal_686;35506;203361.82968888892;0.2777777777777778;34397;14444.630549980102;0.41705004794217815;0;0.0
Goal_684;35506;203361.82968888892;0.16666666666666666;34397;14444.630549980102;0.41705004794217815;0;0.0
Goal_685;35506;203361.82968888892;0.2222222222222222;34397;14444.630549980102;0.41705004794217815;0;0.0
Goal_690;35506;203361.82968888892;0.5;35401;37152.66235786732;0.49607837082461076;0;0.0
Goal_688;35506;203361.82968888892;0.38888888888888884;34397;14444.630549980102;0.41705004794217815;0;0.0
Goal_687;35506;203361.82968888892;0.3333333333333333;34397;14444.630549980102;0.41705004794217815;0;0.0
Goal_689;35506;203361.82968888892;0.4444444444444444;34990;27555.94467832222;0.44445644866792816;0;0.0
Goal_691;35506;228782.05840000004;0.0;34397;14444.630549980102;0.41705004794217815;0;0.0
Goal_692;35506;228782.05840000004;0.05555555555555555;34397;14444.630549980102;0.41705004794217815;0;0.0
Goal_693;35506;228782.05840000004;0.1111111111111111;34397;14444.630549980102;0.41705004794217815;0;0.0
Goal_694;35506;228782.05840000004;0.16666666666666666;34397;14444.630549980102;0.41705004794217815;0;0.0
Goal_695;35506;228782.05840000004;0.2222222222222222;34397;14444.630549980102;0.41705004794217815;0;0.0
Goal_698;35506;228782.05840000004;0.38888888888888884;34397;14444.630549980102;0.41705004794217815;0;0.0
Goal_696;35506;228782.05840000004;0.2777777777777778;34397;14444.630549980102;0.41705004794217815;0;0.0
Goal_697;35506;228782.05840000004;0.3333333333333333;34397;14444.630549980102;0.41705004794217815;0;0.0
Goal_700;35506;228782.05840000004;0.5;35401;37152.66235786732;0.49607837082461076;0;0.0
Goal_701;34922;0.0;0.0;34296;12184.470826764675;0.416100131754069;0;0.0
Goal_702;34922;0.0;0.05555555555555555;34296;12184.470826764675;0.416100131754069;0;0.0
Goal_704;34922;0.0;0.16666666666666666;34296;12184.470826764675;0.416100131754069;0;0.0
Goal_703;34922;0.0;0.1111111111111111;34296;12184.470826764675;0.416100131754069;0;0.0
Goal_699;35506;228782.05840000004;0.4444444444444444;34990;27555.94467832222;0.44445644866792816;0;0.0
Goal_705;34922;0.0;0.2222222222222222;34296;12184.470826764675;0.416100131754069;0;0.0
Goal_709;34922;0.0;0.4444444444444444;34922;25287.13954586524;0.44443851881962837;0;0.0
Goal_710;34922;0.0;0.5;34922;24188.14415786732;0.48170592296531656;0;0.0
Goal_706;34922;0.0;0.2777777777777778;34296;12184.470826764675;0.416100131754069;0;0.0
Goal_708;34922;0.0;0.38888888888888884;34295;12164.046926764675;0.41609552679066986;0;0.0
Goal_707;34922;0.0;0.3333333333333333;34296;12184.470826764675;0.416100131754069;0;0.0
Goal_715;34922;25420.228711111115;0.2222222222222222;34398;19691.270244590505;0.4170651352799077;12;0.0
Goal_713;34922;25420.228711111115;0.1111111111111111;34398;14797.733971880993;0.4170655552309422;12;0.0
Goal_716;34922;25420.228711111115;0.2777777777777778;34398;19083.91865632967;0.4170651352799077;27;0.0
Goal_719;34922;25420.228711111115;0.4444444444444444;34922;25420.09691196228;0.4436298921468022;0;0.0
Goal_712;34922;25420.228711111115;0.05555555555555555;34397;15362.720160141827;0.41705004794217815;29;0.0
Goal_714;34922;25420.228711111115;0.16666666666666666;34399;15551.621660010373;0.41708053731248634;30;0.0
Goal_720;34922;25420.228711111115;0.5;34922;25418.328710647744;0.4605365769689705;0;0.0
Goal_721;34922;50840.45742222223;0.0;34399;14485.812838898204;0.4170803884133626;0;0.0
Goal_722;34922;50840.45742222223;0.05555555555555555;34399;14485.812838898204;0.4170803884133626;0;0.0
Goal_723;34922;50840.45742222223;0.1111111111111111;34399;14485.812838898204;0.4170803884133626;0;0.0
Goal_724;34922;50840.45742222223;0.16666666666666666;34399;14485.812838898204;0.4170803884133626;0;0.0
Goal_725;34922;50840.45742222223;0.2222222222222222;34399;14485.812838898204;0.4170803884133626;0;0.0
Goal_726;34922;50840.45742222223;0.2777777777777778;34399;14485.812838898204;0.4170803884133626;0;0.0
Goal_729;34922;50840.45742222223;0.4444444444444444;34922;35124.02635619822;0.44424627326120464;0;0.0
Goal_727;34922;50840.45742222223;0.3333333333333333;34399;14485.812838898204;0.4170803884133626;0;0.0
Goal_728;34922;50840.45742222223;0.38888888888888884;34397;14444.630549980102;0.41705004794217815;0;0.0
Goal_730;34922;50840.45742222223;0.5;34922;33504.2646;0.47472482720519515;0;0.0
Goal_731;34922;76260.68613333334;0.0;34397;14444.630549980102;0.41705004794217815;0;0.0
Goal_732;34922;76260.68613333334;0.05555555555555555;34397;14444.630549980102;0.41705004794217815;0;0.0
Goal_717;34922;25420.228711111115;0.3333333333333333;34397;14797.741938503841;0.41705004794217815;21;0.0
Goal_734;34922;76260.68613333334;0.16666666666666666;34397;14444.630549980102;0.41705004794217815;0;0.0
Goal_735;34922;76260.68613333334;0.2222222222222222;34397;14444.630549980102;0.41705004794217815;0;0.0
Goal_736;34922;76260.68613333334;0.2777777777777778;34397;14444.630549980102;0.41705004794217815;0;0.0
Goal_733;34922;76260.68613333334;0.1111111111111111;34397;14444.630549980102;0.41705004794217815;0;0.0
Goal_711;34922;25420.228711111115;0.0;34397;15362.720160141827;0.41705004794217815;36;0.0
Goal_739;34922;76260.68613333334;0.4444444444444444;34923;26743.264531365552;0.44442938553299505;0;0.0
Goal_740;34922;76260.68613333334;0.5;34922;27289.50416198218;0.47472482720519515;0;0.0
Goal_737;34922;76260.68613333334;0.3333333333333333;34397;14444.630549980102;0.41705004794217815;0;0.0
Goal_738;34922;76260.68613333334;0.38888888888888884;34397;14444.630549980102;0.41705004794217815;0;0.0
Goal_741;34922;101680.91484444446;0.0;34397;14444.630549980102;0.41705004794217815;0;0.0
Goal_743;34922;101680.91484444446;0.1111111111111111;34397;14444.630549980102;0.41705004794217815;0;0.0
Goal_742;34922;101680.91484444446;0.05555555555555555;34397;14444.630549980102;0.41705004794217815;0;0.0
Goal_744;34922;101680.91484444446;0.16666666666666666;34397;14444.630549980102;0.41705004794217815;0;0.0
Goal_745;34922;101680.91484444446;0.2222222222222222;34397;14444.630549980102;0.41705004794217815;0;0.0
Goal_749;34922;101680.91484444446;0.4444444444444444;34923;26743.264531365552;0.44442938553299505;0;0.0
Goal_750;34922;101680.91484444446;0.5;34922;27289.50416198218;0.47472482720519515;0;0.0
Goal_746;34922;101680.91484444446;0.2777777777777778;34397;14444.630549980102;0.41705004794217815;0;0.0
Goal_748;34922;101680.91484444446;0.38888888888888884;34397;14444.630549980102;0.41705004794217815;0;0.0
Goal_747;34922;101680.91484444446;0.3333333333333333;34397;14444.630549980102;0.41705004794217815;0;0.0
Goal_752;34922;127101.14355555558;0.05555555555555555;34397;14444.630549980102;0.41705004794217815;0;0.0
Goal_754;34922;127101.14355555558;0.16666666666666666;34397;14444.630549980102;0.41705004794217815;0;0.0
Goal_751;34922;127101.14355555558;0.0;34397;14444.630549980102;0.41705004794217815;0;0.0
Goal_753;34922;127101.14355555558;0.1111111111111111;34397;14444.630549980102;0.41705004794217815;0;0.0
Goal_755;34922;127101.14355555558;0.2222222222222222;34397;14444.630549980102;0.41705004794217815;0;0.0
Goal_760;34922;127101.14355555558;0.5;34922;27289.50416198218;0.47472482720519515;0;0.0
Goal_759;34922;127101.14355555558;0.4444444444444444;34923;26743.264531365552;0.44442938553299505;0;0.0
Goal_756;34922;127101.14355555558;0.2777777777777778;34397;14444.630549980102;0.41705004794217815;0;0.0
Goal_757;34922;127101.14355555558;0.3333333333333333;34397;14444.630549980102;0.41705004794217815;0;0.0
Goal_758;34922;127101.14355555558;0.38888888888888884;34397;14444.630549980102;0.41705004794217815;0;0.0
Goal_718;34922;25420.228711111115;0.38888888888888884;34397;15376.844615682774;0.41705004794217815;26;0.0
Goal_766;34922;152521.37226666667;0.2777777777777778;34397;14444.630549980102;0.41705004794217815;0;0.0
Goal_761;34922;152521.37226666667;0.0;34397;14444.630549980102;0.41705004794217815;0;0.0
Goal_764;34922;152521.37226666667;0.16666666666666666;34397;14444.630549980102;0.41705004794217815;0;0.0
Goal_762;34922;152521.37226666667;0.05555555555555555;34397;14444.630549980102;0.41705004794217815;0;0.0
Goal_765;34922;152521.37226666667;0.2222222222222222;34397;14444.630549980102;0.41705004794217815;0;0.0
Goal_763;34922;152521.37226666667;0.1111111111111111;34397;14444.630549980102;0.41705004794217815;0;0.0
Goal_769;34922;152521.37226666667;0.4444444444444444;34923;26743.264531365552;0.44442938553299505;0;0.0
Goal_767;34922;152521.37226666667;0.3333333333333333;34397;14444.630549980102;0.41705004794217815;0;0.0
Goal_768;34922;152521.37226666667;0.38888888888888884;34397;14444.630549980102;0.41705004794217815;0;0.0
Goal_770;34922;152521.37226666667;0.5;34922;27289.50416198218;0.47472482720519515;0;0.0
Goal_771;34922;177941.6009777778;0.0;34397;14444.630549980102;0.41705004794217815;0;0.0
Goal_772;34922;177941.6009777778;0.05555555555555555;34397;14444.630549980102;0.41705004794217815;0;0.0
Goal_776;34922;177941.6009777778;0.2777777777777778;34397;14444.630549980102;0.41705004794217815;0;0.0
Goal_773;34922;177941.6009777778;0.1111111111111111;34397;14444.630549980102;0.41705004794217815;0;0.0
Goal_775;34922;177941.6009777778;0.2222222222222222;34397;14444.630549980102;0.41705004794217815;0;0.0
Goal_774;34922;177941.6009777778;0.16666666666666666;34397;14444.630549980102;0.41705004794217815;0;0.0
Goal_777;34922;177941.6009777778;0.3333333333333333;34397;14444.630549980102;0.41705004794217815;0;0.0
Goal_778;34922;177941.6009777778;0.38888888888888884;34397;14444.630549980102;0.41705004794217815;0;0.0
Goal_780;34922;177941.6009777778;0.5;34922;27289.50416198218;0.47472482720519515;0;0.0
Goal_781;34922;203361.82968888892;0.0;34397;14444.630549980102;0.41705004794217815;0;0.0
Goal_779;34922;177941.6009777778;0.4444444444444444;34923;26743.264531365552;0.44442938553299505;0;0.0
Goal_782;34922;203361.82968888892;0.05555555555555555;34397;14444.630549980102;0.41705004794217815;0;0.0
Goal_784;34922;203361.82968888892;0.16666666666666666;34397;14444.630549980102;0.41705004794217815;0;0.0
Goal_783;34922;203361.82968888892;0.1111111111111111;34397;14444.630549980102;0.41705004794217815;0;0.0
Goal_789;34922;203361.82968888892;0.4444444444444444;34923;26743.264531365552;0.44442938553299505;0;0.0
Goal_790;34922;203361.82968888892;0.5;34922;27289.50416198218;0.47472482720519515;0;0.0
Goal_787;34922;203361.82968888892;0.3333333333333333;34397;14444.630549980102;0.41705004794217815;0;0.0
Goal_785;34922;203361.82968888892;0.2222222222222222;34397;14444.630549980102;0.41705004794217815;0;0.0
Goal_786;34922;203361.82968888892;0.2777777777777778;34397;14444.630549980102;0.41705004794217815;0;0.0
Goal_788;34922;203361.82968888892;0.38888888888888884;34397;14444.630549980102;0.41705004794217815;0;0.0
Goal_791;34922;228782.05840000004;0.0;34397;14444.630549980102;0.41705004794217815;0;0.0
Goal_792;34922;228782.05840000004;0.05555555555555555;34397;14444.630549980102;0.41705004794217815;0;0.0
Goal_796;34922;228782.05840000004;0.2777777777777778;34397;14444.630549980102;0.41705004794217815;0;0.0
Goal_795;34922;228782.05840000004;0.2222222222222222;34397;14444.630549980102;0.41705004794217815;0;0.0
Goal_793;34922;228782.05840000004;0.1111111111111111;34397;14444.630549980102;0.41705004794217815;0;0.0
Goal_794;34922;228782.05840000004;0.16666666666666666;34397;14444.630549980102;0.41705004794217815;0;0.0
Goal_799;34922;228782.05840000004;0.4444444444444444;34923;26743.264531365552;0.44442938553299505;0;0.0
Goal_800;34922;228782.05840000004;0.5;34922;27289.50416198218;0.47472482720519515;0;0.0
Goal_802;34338;0.0;0.05555555555555555;34294;12136.981126764675;0.4160941439472546;0;0.0
Goal_797;34922;228782.05840000004;0.3333333333333333;34397;14444.630549980102;0.41705004794217815;0;0.0
Goal_801;34338;0.0;0.0;34297;12205.061971223726;0.4161047112564579;0;0.0
Goal_798;34922;228782.05840000004;0.38888888888888884;34397;14444.630549980102;0.41705004794217815;0;0.0
Goal_805;34338;0.0;0.2222222222222222;34297;12205.061971223726;0.4161047112564579;0;0.0
Goal_806;34338;0.0;0.2777777777777778;34294;12136.981126764675;0.4160941439472546;0;0.0
Goal_804;34338;0.0;0.16666666666666666;34294;12136.981126764675;0.4160941439472546;0;0.0
Goal_808;34338;0.0;0.38888888888888884;34297;12205.229215682775;0.41610494460560915;0;0.0
Goal_803;34338;0.0;0.1111111111111111;34297;12205.061971223726;0.4161047112564579;0;0.0
Goal_807;34338;0.0;0.3333333333333333;34297;12205.061971223726;0.4161047112564579;0;0.0
Goal_809;34338;0.0;0.4444444444444444;34338;11993.95365024301;0.44423353185994124;0;0.0
Goal_810;34338;0.0;0.5;34338;11988.100094176247;0.45667090951029515;0;0.0
Goal_813;34338;25420.228711111115;0.1111111111111111;34338;13139.609582699984;0.4163549483483191;0;0.0
Goal_812;34338;25420.228711111115;0.05555555555555555;34338;13139.609582699984;0.41635494834831915;0;0.0
Goal_811;34338;25420.228711111115;0.0;34338;13139.609582699984;0.41635494834831915;0;0.0
Goal_814;34338;25420.228711111115;0.16666666666666666;34338;13139.609582699984;0.41635494834831915;0;0.0
Goal_820;34338;25420.228711111115;0.5;34338;14331.9254;0.4657115253495252;0;0.0
Goal_819;34338;25420.228711111115;0.4444444444444444;34353;16433.664666885757;0.4357884476201991;0;0.0
Goal_816;34338;25420.228711111115;0.2777777777777778;34338;13139.609582699984;0.4163549483483191;0;0.0
Goal_817;34338;25420.228711111115;0.3333333333333333;34338;13139.609582699984;0.41635494834831915;0;0.0
Goal_815;34338;25420.228711111115;0.2222222222222222;34338;13139.609582699984;0.4163549483483191;0;0.0
Goal_818;34338;25420.228711111115;0.38888888888888884;34338;13139.609582699984;0.4163549483483191;0;0.0
Goal_821;34338;50840.45742222223;0.0;34338;13139.609582699984;0.4163549483483191;0;0.0
Goal_825;34338;50840.45742222223;0.2222222222222222;34338;13139.609582699984;0.4163549483483191;0;0.0
Goal_822;34338;50840.45742222223;0.05555555555555555;34338;13139.609582699984;0.4163549483483191;0;0.0
Goal_823;34338;50840.45742222223;0.1111111111111111;34338;13139.609582699984;0.4163549483483191;0;0.0
Goal_824;34338;50840.45742222223;0.16666666666666666;34338;13139.609582699984;0.4163549483483191;0;0.0
Goal_830;34338;50840.45742222223;0.5;34338;14331.9254;0.4657115253495252;0;0.0
Goal_829;34338;50840.45742222223;0.4444444444444444;34353;16433.664666885757;0.4357884476201991;0;0.0
Goal_831;34338;76260.68613333334;0.0;34338;13139.609582699984;0.4163549483483191;0;0.0
Goal_826;34338;50840.45742222223;0.2777777777777778;34338;13139.609582699984;0.4163549483483191;0;0.0
Goal_827;34338;50840.45742222223;0.3333333333333333;34338;13139.609582699984;0.4163549483483191;0;0.0
Goal_828;34338;50840.45742222223;0.38888888888888884;34338;13139.609582699984;0.4163549483483191;0;0.0
Goal_833;34338;76260.68613333334;0.1111111111111111;34338;13139.609582699984;0.4163549483483191;0;0.0
Goal_837;34338;76260.68613333334;0.3333333333333333;34338;13139.609582699984;0.4163549483483191;0;0.0
Goal_836;34338;76260.68613333334;0.2777777777777778;34338;13139.609582699984;0.4163549483483191;0;0.0
Goal_834;34338;76260.68613333334;0.16666666666666666;34338;13139.609582699984;0.4163549483483191;0;0.0
Goal_832;34338;76260.68613333334;0.05555555555555555;34338;13139.609582699984;0.4163549483483191;0;0.0
Goal_835;34338;76260.68613333334;0.2222222222222222;34338;13139.609582699984;0.4163549483483191;0;0.0
Goal_839;34338;76260.68613333334;0.4444444444444444;34628;20337.785382699985;0.4404925856974367;0;0.0
Goal_840;34338;76260.68613333334;0.5;34338;14331.9254;0.4657115253495252;0;0.0
Goal_841;34338;101680.91484444446;0.0;34338;13139.609582699984;0.4163549483483191;0;0.0
Goal_842;34338;101680.91484444446;0.05555555555555555;34338;13139.609582699984;0.4163549483483191;0;0.0
Goal_838;34338;76260.68613333334;0.38888888888888884;34338;13139.776827159036;0.4163555808548397;0;0.0
Goal_843;34338;101680.91484444446;0.1111111111111111;34338;13139.609582699984;0.4163549483483191;0;0.0
Goal_849;34338;101680.91484444446;0.4444444444444444;34628;20337.785382699985;0.4404925856974367;0;0.0
Goal_844;34338;101680.91484444446;0.16666666666666666;34338;13139.609582699984;0.4163549483483191;0;0.0
Goal_846;34338;101680.91484444446;0.2777777777777778;34338;13139.609582699984;0.4163549483483191;0;0.0
Goal_845;34338;101680.91484444446;0.2222222222222222;34338;13139.609582699984;0.4163549483483191;0;0.0
Goal_847;34338;101680.91484444446;0.3333333333333333;34338;13139.609582699984;0.4163549483483191;0;0.0
Goal_848;34338;101680.91484444446;0.38888888888888884;34338;13139.776827159036;0.4163555808548397;0;0.0
Goal_850;34338;101680.91484444446;0.5;34338;14331.9254;0.4657115253495252;0;0.0
Goal_853;34338;127101.14355555558;0.1111111111111111;34338;13139.609582699984;0.4163549483483191;0;0.0
Goal_852;34338;127101.14355555558;0.05555555555555555;34338;13139.609582699984;0.4163549483483191;0;0.0
Goal_851;34338;127101.14355555558;0.0;34338;13139.609582699984;0.4163549483483191;0;0.0
Goal_854;34338;127101.14355555558;0.16666666666666666;34338;13139.609582699984;0.4163549483483191;0;0.0
Goal_855;34338;127101.14355555558;0.2222222222222222;34338;13139.609582699984;0.4163549483483191;0;0.0
Goal_860;34338;127101.14355555558;0.5;34338;14331.9254;0.4657115253495252;0;0.0
Goal_858;34338;127101.14355555558;0.38888888888888884;34338;13139.776827159036;0.4163555808548397;0;0.0
Goal_856;34338;127101.14355555558;0.2777777777777778;34338;13139.609582699984;0.4163549483483191;0;0.0
Goal_857;34338;127101.14355555558;0.3333333333333333;34338;13139.609582699984;0.4163549483483191;0;0.0
Goal_861;34338;152521.37226666667;0.0;34338;13139.609582699984;0.4163549483483191;0;0.0
Goal_859;34338;127101.14355555558;0.4444444444444444;34628;20337.785382699985;0.4404925856974367;0;0.0
Goal_862;34338;152521.37226666667;0.05555555555555555;34338;13139.609582699984;0.4163549483483191;0;0.0
Goal_863;34338;152521.37226666667;0.1111111111111111;34338;13139.609582699984;0.4163549483483191;0;0.0
Goal_864;34338;152521.37226666667;0.16666666666666666;34338;13139.609582699984;0.4163549483483191;0;0.0
Goal_866;34338;152521.37226666667;0.2777777777777778;34338;13139.609582699984;0.4163549483483191;0;0.0
Goal_865;34338;152521.37226666667;0.2222222222222222;34338;13139.609582699984;0.4163549483483191;0;0.0
Goal_867;34338;152521.37226666667;0.3333333333333333;34338;13139.609582699984;0.4163549483483191;0;0.0
Goal_870;34338;152521.37226666667;0.5;34338;14331.9254;0.4657115253495252;0;0.0
Goal_868;34338;152521.37226666667;0.38888888888888884;34338;13139.776827159036;0.4163555808548397;0;0.0
Goal_869;34338;152521.37226666667;0.4444444444444444;34628;20337.785382699985;0.4404925856974367;0;0.0
Goal_871;34338;177941.6009777778;0.0;34338;13139.609582699984;0.4163549483483191;0;0.0
Goal_873;34338;177941.6009777778;0.1111111111111111;34338;13139.609582699984;0.4163549483483191;0;0.0
Goal_872;34338;177941.6009777778;0.05555555555555555;34338;13139.609582699984;0.4163549483483191;0;0.0
Goal_877;34338;177941.6009777778;0.3333333333333333;34338;13139.609582699984;0.4163549483483191;0;0.0
Goal_874;34338;177941.6009777778;0.16666666666666666;34338;13139.609582699984;0.4163549483483191;0;0.0
Goal_878;34338;177941.6009777778;0.38888888888888884;34338;13139.776827159036;0.4163555808548397;0;0.0
Goal_879;34338;177941.6009777778;0.4444444444444444;34628;20337.785382699985;0.4404925856974367;0;0.0
Goal_876;34338;177941.6009777778;0.2777777777777778;34338;13139.609582699984;0.4163549483483191;0;0.0
Goal_875;34338;177941.6009777778;0.2222222222222222;34338;13139.609582699984;0.4163549483483191;0;0.0
Goal_880;34338;177941.6009777778;0.5;34338;14331.9254;0.4657115253495252;0;0.0
Goal_882;34338;203361.82968888892;0.05555555555555555;34338;13139.609582699984;0.4163549483483191;0;0.0
Goal_884;34338;203361.82968888892;0.16666666666666666;34338;13139.609582699984;0.4163549483483191;0;3.213258250654435E-16
Goal_881;34338;203361.82968888892;0.0;34338;13139.609582699984;0.4163549483483191;0;0.0
Goal_885;34338;203361.82968888892;0.2222222222222222;34338;13139.609582699984;0.4163549483483191;0;0.0
Goal_883;34338;203361.82968888892;0.1111111111111111;34338;13139.609582699984;0.4163549483483191;0;0.0
Goal_889;34338;203361.82968888892;0.4444444444444444;34628;20337.785382699985;0.4404925856974367;0;0.0
Goal_890;34338;203361.82968888892;0.5;34338;14331.9254;0.4657115253495252;0;0.0
Goal_886;34338;203361.82968888892;0.2777777777777778;34338;13139.609582699984;0.4163549483483191;0;0.0
Goal_887;34338;203361.82968888892;0.3333333333333333;34338;13139.609582699984;0.4163549483483191;0;0.0
Goal_888;34338;203361.82968888892;0.38888888888888884;34338;13139.776827159036;0.4163555808548397;0;0.0
Goal_891;34338;228782.05840000004;0.0;34338;13139.609582699984;0.4163549483483191;0;0.0
Goal_893;34338;228782.05840000004;0.1111111111111111;34338;13139.609582699984;0.4163549483483191;0;0.0
Goal_892;34338;228782.05840000004;0.05555555555555555;34338;13139.609582699984;0.4163549483483191;0;0.0
Goal_897;34338;228782.05840000004;0.3333333333333333;34338;13139.609582699984;0.4163549483483191;0;0.0
Goal_896;34338;228782.05840000004;0.2777777777777778;34338;13139.609582699984;0.4163549483483191;0;0.0
Goal_895;34338;228782.05840000004;0.2222222222222222;34338;13139.609582699984;0.4163549483483191;0;0.0
Goal_894;34338;228782.05840000004;0.16666666666666666;34338;13139.609582699984;0.4163549483483191;0;0.0
Goal_900;34338;228782.05840000004;0.5;34338;14331.9254;0.4657115253495252;0;0.0
Goal_899;34338;228782.05840000004;0.4444444444444444;34628;20337.785382699985;0.4404925856974367;0;0.0
Goal_902;33754;0.0;0.05555555555555555;34158;9130.567214236786;0.4166163696571732;0;2.682752721068045E-16
Goal_898;34338;228782.05840000004;0.38888888888888884;34338;13139.776827159036;0.4163555808548397;0;0.0
Goal_903;33754;0.0;0.1111111111111111;34158;9130.567214236786;0.4166163696571732;0;0.0
Goal_901;33754;0.0;0.0;34158;9130.567214236786;0.4166163696571732;0;0.0
Goal_909;33754;0.0;0.4444444444444444;33754;0.0;0.4330127018922193;0;0.0
Goal_907;33754;0.0;0.3333333333333333;34158;9130.567214236786;0.4166163696571732;0;5.288621385498923E-16
Goal_905;33754;0.0;0.2222222222222222;34158;9130.567214236786;0.4166163696571732;0;3.65259151079087E-16
Goal_908;33754;0.0;0.38888888888888884;34158;9130.567214236786;0.4166163696571732;0;0.0
Goal_904;33754;0.0;0.16666666666666666;34158;9130.567214236786;0.4166163696571732;0;3.125334676552829E-16
Goal_906;33754;0.0;0.2777777777777778;34158;9130.567214236786;0.4166163696571732;0;3.498227762378719E-16
Goal_910;33754;0.0;0.5;33754;0.0;0.4330127018922193;0;0.0
Goal_911;33754;25420.228711111115;0.0;34262;11458.807781911262;0.4160258359042864;0;0.0
Goal_914;33754;25420.228711111115;0.16666666666666666;34260;11417.792737452213;0.416025359625011;0;0.0
Goal_913;33754;25420.228711111115;0.1111111111111111;34260;11417.792737452213;0.416025359625011;0;0.0
Goal_915;33754;25420.228711111115;0.2222222222222222;34260;11411.318081911264;0.4160254074015826;0;0.0
Goal_912;33754;25420.228711111115;0.05555555555555555;34260;11417.792737452213;0.416025359625011;0;0.0
Goal_920;33754;25420.228711111115;0.5;33754;0.0;0.4330127018922193;0;0.0
Goal_919;33754;25420.228711111115;0.4444444444444444;33754;0.0;0.4330127018922193;0;0.0
Goal_916;33754;25420.228711111115;0.2777777777777778;34261;11438.383881911264;0.4160253226751691;0;0.0
Goal_917;33754;25420.228711111115;0.3333333333333333;34260;11417.792737452213;0.416025359625011;0;0.0
Goal_921;33754;50840.45742222223;0.0;34261;15435.604800000001;0.4160253226751691;0;0.0
Goal_918;33754;25420.228711111115;0.38888888888888884;34261;11551.37952623886;0.4160253226751691;0;0.0
Goal_925;33754;50840.45742222223;0.2222222222222222;34261;15435.604800000001;0.4160253226751691;0;0.0
Goal_924;33754;50840.45742222223;0.16666666666666666;34261;15435.604800000001;0.4160253226751691;0;0.0
Goal_926;33754;50840.45742222223;0.2777777777777778;34260;15400.889200000001;0.416025359625011;0;0.0
Goal_922;33754;50840.45742222223;0.05555555555555555;34261;15435.604800000001;0.4160253226751691;0;0.0
Goal_923;33754;50840.45742222223;0.1111111111111111;34262;15470.3204;0.4160254524886146;0;0.0
Goal_931;33754;76260.68613333334;0.0;34261;15435.604800000001;0.4160253226751691;0;0.0
Goal_930;33754;50840.45742222223;0.5;33754;0.0;0.4330127018922193;0;0.0
Goal_929;33754;50840.45742222223;0.4444444444444444;33754;0.0;0.4330127018922193;0;0.0
Goal_932;33754;76260.68613333334;0.05555555555555555;34261;15435.604800000001;0.4160253226751691;0;0.0
Goal_927;33754;50840.45742222223;0.3333333333333333;34260;15400.889200000001;0.416025359625011;0;0.0
Goal_928;33754;50840.45742222223;0.38888888888888884;34261;11551.37952623886;0.4160253226751691;0;0.0
Goal_934;33754;76260.68613333334;0.16666666666666666;34261;15435.604800000001;0.4160253226751691;0;0.0
Goal_936;33754;76260.68613333334;0.2777777777777778;34261;15435.604800000001;0.4160253226751691;0;0.0
Goal_938;33754;76260.68613333334;0.38888888888888884;34261;15435.604800000001;0.4160253226751691;0;0.0
Goal_935;33754;76260.68613333334;0.2222222222222222;34261;15435.604800000001;0.4160253226751691;0;0.0
Goal_933;33754;76260.68613333334;0.1111111111111111;34261;15435.604800000001;0.4160253226751691;0;0.0
Goal_937;33754;76260.68613333334;0.3333333333333333;34261;15435.604800000001;0.4160253226751691;0;0.0
Goal_939;33754;76260.68613333334;0.4444444444444444;33754;0.0;0.4330127018922193;0;0.0
Goal_940;33754;76260.68613333334;0.5;33754;0.0;0.4330127018922193;0;0.0
Goal_941;33754;101680.91484444446;0.0;34261;15435.604800000001;0.4160253226751691;0;0.0
Goal_942;33754;101680.91484444446;0.05555555555555555;34261;15435.604800000001;0.4160253226751691;0;0.0
Goal_943;33754;101680.91484444446;0.1111111111111111;34261;15435.604800000001;0.4160253226751691;0;0.0
Goal_944;33754;101680.91484444446;0.16666666666666666;34261;15435.604800000001;0.4160253226751691;0;0.0
Goal_946;33754;101680.91484444446;0.2777777777777778;34261;15435.604800000001;0.4160253226751691;0;0.0
Goal_947;33754;101680.91484444446;0.3333333333333333;34261;15435.604800000001;0.4160253226751691;0;0.0
Goal_945;33754;101680.91484444446;0.2222222222222222;34261;15435.604800000001;0.4160253226751691;0;0.0
Goal_949;33754;101680.91484444446;0.4444444444444444;33754;0.0;0.4330127018922193;0;0.0
Goal_950;33754;101680.91484444446;0.5;33754;0.0;0.4330127018922193;0;0.0
Goal_948;33754;101680.91484444446;0.38888888888888884;34261;15435.604800000001;0.4160253226751691;0;0.0
Goal_953;33754;127101.14355555558;0.1111111111111111;34261;15435.604800000001;0.4160253226751691;0;0.0
Goal_952;33754;127101.14355555558;0.05555555555555555;34261;15435.604800000001;0.4160253226751691;0;0.0
Goal_955;33754;127101.14355555558;0.2222222222222222;34261;15435.604800000001;0.4160253226751691;0;0.0
Goal_951;33754;127101.14355555558;0.0;34261;15435.604800000001;0.4160253226751691;0;0.0
Goal_954;33754;127101.14355555558;0.16666666666666666;34261;15435.604800000001;0.4160253226751691;0;0.0
Goal_956;33754;127101.14355555558;0.2777777777777778;34261;15435.604800000001;0.4160253226751691;0;0.0
Goal_960;33754;127101.14355555558;0.5;33754;0.0;0.4330127018922193;0;0.0
Goal_957;33754;127101.14355555558;0.3333333333333333;34261;15435.604800000001;0.4160253226751691;0;0.0
Goal_958;33754;127101.14355555558;0.38888888888888884;34261;15435.604800000001;0.4160253226751691;0;0.0
Goal_959;33754;127101.14355555558;0.4444444444444444;33754;0.0;0.4330127018922193;0;0.0
Goal_961;33754;152521.37226666667;0.0;34261;15435.604800000001;0.4160253226751691;0;0.0
Goal_962;33754;152521.37226666667;0.05555555555555555;34261;15435.604800000001;0.4160253226751691;0;0.0
Goal_967;33754;152521.37226666667;0.3333333333333333;34261;15435.604800000001;0.4160253226751691;0;0.0
Goal_968;33754;152521.37226666667;0.38888888888888884;34261;15435.604800000001;0.4160253226751691;0;0.0
Goal_965;33754;152521.37226666667;0.2222222222222222;34261;15435.604800000001;0.4160253226751691;0;0.0
Goal_964;33754;152521.37226666667;0.16666666666666666;34261;15435.604800000001;0.4160253226751691;0;0.0
Goal_963;33754;152521.37226666667;0.1111111111111111;34261;15435.604800000001;0.4160253226751691;0;0.0
Goal_966;33754;152521.37226666667;0.2777777777777778;34261;15435.604800000001;0.4160253226751691;0;0.0
Goal_970;33754;152521.37226666667;0.5;33754;0.0;0.4330127018922193;0;0.0
Goal_972;33754;177941.6009777778;0.05555555555555555;34261;15435.604800000001;0.4160253226751691;0;0.0
Goal_969;33754;152521.37226666667;0.4444444444444444;33754;0.0;0.4330127018922193;0;0.0
Goal_974;33754;177941.6009777778;0.16666666666666666;34261;15435.604800000001;0.4160253226751691;0;0.0
Goal_973;33754;177941.6009777778;0.1111111111111111;34261;15435.604800000001;0.4160253226751691;0;0.0
Goal_971;33754;177941.6009777778;0.0;34261;15435.604800000001;0.4160253226751691;0;0.0
Goal_979;33754;177941.6009777778;0.4444444444444444;33754;0.0;0.4330127018922193;0;0.0
Goal_976;33754;177941.6009777778;0.2777777777777778;34261;15435.604800000001;0.4160253226751691;0;0.0
Goal_975;33754;177941.6009777778;0.2222222222222222;34261;15435.604800000001;0.4160253226751691;0;0.0
Goal_980;33754;177941.6009777778;0.5;33754;0.0;0.4330127018922193;0;0.0
Goal_977;33754;177941.6009777778;0.3333333333333333;34261;15435.604800000001;0.4160253226751691;0;0.0
Goal_978;33754;177941.6009777778;0.38888888888888884;34261;15435.604800000001;0.4160253226751691;0;0.0
Goal_984;33754;203361.82968888892;0.16666666666666666;34261;15435.604800000001;0.4160253226751691;0;0.0
Goal_981;33754;203361.82968888892;0.0;34261;15435.604800000001;0.4160253226751691;0;0.0
Goal_983;33754;203361.82968888892;0.1111111111111111;34261;15435.604800000001;0.4160253226751691;0;0.0
Goal_982;33754;203361.82968888892;0.05555555555555555;34261;15435.604800000001;0.4160253226751691;0;0.0
Goal_986;33754;203361.82968888892;0.2777777777777778;34261;15435.604800000001;0.4160253226751691;0;0.0
Goal_985;33754;203361.82968888892;0.2222222222222222;34261;15435.604800000001;0.4160253226751691;0;0.0
Goal_989;33754;203361.82968888892;0.4444444444444444;33754;0.0;0.4330127018922193;0;0.0
Goal_988;33754;203361.82968888892;0.38888888888888884;34261;15435.604800000001;0.4160253226751691;0;0.0
Goal_990;33754;203361.82968888892;0.5;33754;0.0;0.4330127018922193;0;0.0
Goal_987;33754;203361.82968888892;0.3333333333333333;34261;15435.604800000001;0.4160253226751691;0;0.0
Goal_992;33754;228782.05840000004;0.05555555555555555;34261;15435.604800000001;0.4160253226751691;0;0.0
Goal_991;33754;228782.05840000004;0.0;34261;15435.604800000001;0.4160253226751691;0;0.0
Goal_995;33754;228782.05840000004;0.2222222222222222;34261;15435.604800000001;0.4160253226751691;0;0.0
Goal_993;33754;228782.05840000004;0.1111111111111111;34261;15435.604800000001;0.4160253226751691;0;0.0
Goal_997;33754;228782.05840000004;0.3333333333333333;34261;15435.604800000001;0.4160253226751691;0;0.0
Goal_996;33754;228782.05840000004;0.2777777777777778;34261;15435.604800000001;0.4160253226751691;0;0.0
Goal_994;33754;228782.05840000004;0.16666666666666666;34261;15435.604800000001;0.4160253226751691;0;0.0
Goal_998;33754;228782.05840000004;0.38888888888888884;34261;15435.604800000001;0.4160253226751691;0;0.0
Goal_999;33754;228782.05840000004;0.4444444444444444;33754;0.0;0.4330127018922193;0;0.0
Goal_1000;33754;228782.05840000004;0.5;33754;0.0;0.4330127018922193;0;0.0
