Goal_1;165935;0.0;0.0;165932;688588.1487;3.3374685808117924E-4;1;4.94681282533404E-16
Goal_2;165935;0.0;0.05555555555555555;165885;685977.3175000001;0.005562447634686475;1;2.8032323006270347E-15
Goal_3;165935;0.0;0.1111111111111111;165885;685977.3175000001;0.005562447634686474;1;3.1330243359950027E-15
Goal_4;165935;0.0;0.16666666666666666;165885;685977.3175000001;0.005562447634686474;1;2.1436482298912744E-15
Goal_5;165935;0.0;0.2222222222222222;165885;685977.3175000001;0.005562447634686474;1;8.244800884197221E-16
Goal_6;165935;0.0;0.2777777777777778;165885;685977.3175000001;0.005562447634686474;1;8.244800884197221E-16
Goal_7;165935;0.0;0.3333333333333333;165885;685977.3175000001;0.005562447634686474;1;2.1436482298912744E-15
Goal_8;165935;0.0;0.38888888888888884;165885;685977.3175000001;0.005562447634686474;1;2.1436482298912744E-15
Goal_9;165935;0.0;0.4444444444444444;165885;685977.3175000001;0.005562447634686474;1;2.1436482298912744E-15
Goal_10;165935;0.0;0.5;165885;685977.3175000001;0.005562447634686474;1;2.1436482298912744E-15
Goal_11;165935;290293.56243333337;0.0;165932;688588.1487;3.337468580811782E-4;0;0.0
Goal_13;165935;290293.56243333337;0.1111111111111111;165885;685977.3175000001;0.005562447634686479;1;1.5676749685163358E-15
Goal_12;165935;290293.56243333337;0.05555555555555555;165885;685977.3175000001;0.005562447634686474;2;4.275477186862703E-15
Goal_14;165935;290293.56243333337;0.16666666666666666;165885;685977.3175000001;0.005562447634686474;1;1.5676749685163358E-15
Goal_15;165935;290293.56243333337;0.2222222222222222;165885;685977.3175000001;0.005562447634686474;1;4.1329612806339844E-15
Goal_16;165935;290293.56243333337;0.2777777777777778;165885;685977.3175000001;0.005562447634686474;1;4.1329612806339844E-15
Goal_17;165935;290293.56243333337;0.3333333333333333;165885;685977.3175000001;0.005562447634686474;1;4.1329612806339844E-15
Goal_19;165935;290293.56243333337;0.4444444444444444;165885;685977.3175000001;0.005562447634686474;1;4.1329612806339844E-15
Goal_18;165935;290293.56243333337;0.38888888888888884;165885;685977.3175000001;0.005562447634686474;1;4.1329612806339844E-15
Goal_21;165935;580587.1248666667;0.0;165929;688421.4998999999;6.674937161623699E-4;0;1.3912068438288163E-14
Goal_20;165935;290293.56243333337;0.5;165885;685977.3175000001;0.005562447634686474;1;4.1329612806339844E-15
Goal_22;165935;580587.1248666667;0.05555555555555555;165885;685977.3175000001;0.005562447634686475;0;2.3284927474541527E-13
Goal_23;165935;580587.1248666667;0.1111111111111111;165885;685977.3175000001;0.005562447634686475;1;1.4438230113864533E-14
Goal_24;165935;580587.1248666667;0.16666666666666666;165885;685977.3175000001;0.005562447634686415;1;1.4884502681020346E-13
Goal_25;165935;580587.1248666667;0.2222222222222222;165885;685977.3175000001;0.005562447634686415;0;1.4884502681020346E-13
Goal_26;165935;580587.1248666667;0.2777777777777778;165885;685977.3175000001;0.005562447634686415;1;1.4884502681020346E-13
Goal_27;165935;580587.1248666667;0.3333333333333333;165885;685977.3175000001;0.005562447634686415;0;1.4884502681020346E-13
Goal_28;165935;580587.1248666667;0.38888888888888884;165885;685977.3175000001;0.005562447634686415;0;1.4884502681020346E-13
Goal_29;165935;580587.1248666667;0.4444444444444444;165885;685977.3175000001;0.005562447634686415;0;1.4884502681020346E-13
Goal_30;165935;580587.1248666667;0.5;165885;685977.3175000001;0.005562447634686415;0;1.4884502681020346E-13
Goal_31;165935;870880.6873000001;0.0;165935;869609.7828000002;9.230220894641108E-16;0;0.0
Goal_32;165935;870880.6873000001;0.05555555555555555;165935;846329.2162;1.2883690548140878E-16;0;0.0
Goal_33;165935;870880.6873000001;0.1111111111111111;165935;857671.3093000001;1.0255800994045675E-16;0;0.0
Goal_34;165935;870880.6873000001;0.16666666666666666;165935;862072.9851000002;1.0255800994045675E-16;0;0.0
Goal_35;165935;870880.6873000001;0.2222222222222222;165935;870876.7660000002;0.0;0;0.0
Goal_36;165935;870880.6873000001;0.2777777777777778;165935;867135.0878000001;2.866583523299505E-17;0;1.0E100
Goal_37;165935;870880.6873000001;0.3333333333333333;165935;839906.6434000001;1.2819751242557094E-17;0;0.0
Goal_38;165935;870880.6873000001;0.38888888888888884;165935;861831.0977000003;1.2819751242557094E-17;0;0.0
Goal_39;165935;870880.6873000001;0.4444444444444444;165935;870877.5090999999;1.0648885158809839E-16;0;0.0
Goal_40;165935;870880.6873000001;0.5;165935;870876.5525;1.0335613878656588E-16;0;0.0
Goal_41;165935;1161174.2497333335;0.0;165935;1075790.5799;0.0;0;0.0
Goal_42;165935;1161174.2497333335;0.05555555555555555;165935;1138852.3188000005;6.411157468230923E-16;0;0.0
Goal_43;165935;1161174.2497333335;0.1111111111111111;165935;1128194.8720000002;0.0;0;0.0
Goal_44;165935;1161174.2497333335;0.16666666666666666;165935;1119687.7055000002;0.0;0;0.0
Goal_45;165935;1161174.2497333335;0.2222222222222222;165935;1013218.5845000001;2.5639502485114188E-17;0;1.0E100
Goal_46;165935;1161174.2497333335;0.2777777777777778;165935;1145975.2046000005;1.2819751242557094E-17;0;0.0
Goal_47;165935;1161174.2497333335;0.3333333333333333;165935;1147138.1200000003;0.0;0;0.0
Goal_48;165935;1161174.2497333335;0.38888888888888884;165935;1090949.4427000002;2.5639502485114188E-17;0;1.0E100
Goal_49;165935;1161174.2497333335;0.4444444444444444;165935;1116631.5805000004;0.0;0;0.0
Goal_50;165935;1161174.2497333335;0.5;165935;1093958.4245000002;2.5639502485114188E-17;0;0.0
Goal_51;165935;1451467.8121666668;0.0;165935;1407939.3105000004;1.2819751242557094E-17;0;0.0
Goal_52;165935;1451467.8121666668;0.05555555555555555;165935;1304835.2816000006;0.0;0;0.0
Goal_53;165935;1451467.8121666668;0.1111111111111111;165935;1401772.0369;0.0;0;0.0
Goal_54;165935;1451467.8121666668;0.16666666666666666;165935;1451455.0135999997;0.0;0;0.0
Goal_55;165935;1451467.8121666668;0.2222222222222222;165935;1350783.7162000006;0.0;0;0.0
Goal_56;165935;1451467.8121666668;0.2777777777777778;165935;1400859.8976;0.0;0;0.0
Goal_57;165935;1451467.8121666668;0.3333333333333333;165935;1444826.9268000002;2.866583523299505E-17;0;0.0
Goal_58;165935;1451467.8121666668;0.38888888888888884;165935;1383769.9122000004;0.0;0;0.0
Goal_59;165935;1451467.8121666668;0.4444444444444444;165935;1310023.8402000004;2.866583523299505E-17;0;0.0
Goal_60;165935;1451467.8121666668;0.5;165935;1352874.9176000003;2.866583523299505E-17;0;1.0E100
Goal_61;165935;1741761.3746000002;0.0;165935;1428106.2175000003;0.0;0;0.0
Goal_62;165935;1741761.3746000002;0.05555555555555555;165935;1587758.4267999998;0.0;0;0.0
Goal_63;165935;1741761.3746000002;0.1111111111111111;165935;1497484.3792;0.0;0;0.0
Goal_64;165935;1741761.3746000002;0.16666666666666666;165935;1453783.2725;0.0;0;0.0
Goal_65;165935;1741761.3746000002;0.2222222222222222;165935;1551960.248;0.0;0;0.0
Goal_66;165935;1741761.3746000002;0.2777777777777778;165935;1617220.0596;0.0;0;0.0
Goal_67;165935;1741761.3746000002;0.3333333333333333;165935;1577666.2060999998;0.0;0;0.0
Goal_68;165935;1741761.3746000002;0.38888888888888884;165935;1558498.22;0.0;0;0.0
Goal_69;165935;1741761.3746000002;0.4444444444444444;165935;1581744.6822999998;0.0;0;0.0
Goal_70;165935;1741761.3746000002;0.5;165935;1631347.2129;0.0;0;0.0
Goal_71;165935;2032054.9370333336;0.0;165935;1599501.9031999998;0.0;0;0.0
Goal_72;165935;2032054.9370333336;0.05555555555555555;165935;1591518.5627999997;0.0;0;0.0
Goal_73;165935;2032054.9370333336;0.1111111111111111;165935;1502092.7033999998;0.0;0;0.0
Goal_74;165935;2032054.9370333336;0.16666666666666666;165935;1492614.2718;0.0;0;0.0
Goal_75;165935;2032054.9370333336;0.2222222222222222;165935;1569610.0391;0.0;0;0.0
Goal_76;165935;2032054.9370333336;0.2777777777777778;165935;1610999.7303;0.0;0;0.0
Goal_77;165935;2032054.9370333336;0.3333333333333333;165935;1638220.5818999999;0.0;0;0.0
Goal_78;165935;2032054.9370333336;0.38888888888888884;165935;1579908.1471;0.0;0;0.0
Goal_79;165935;2032054.9370333336;0.4444444444444444;165935;1493398.99;0.0;0;0.0
Goal_80;165935;2032054.9370333336;0.5;165935;1473617.2148;0.0;0;0.0
Goal_81;165935;2322348.499466667;0.0;165935;1599501.9031999998;0.0;0;0.0
Goal_83;165935;2322348.499466667;0.1111111111111111;165935;1636676.7852999999;0.0;0;0.0
Goal_82;165935;2322348.499466667;0.05555555555555555;165935;1559710.0108999999;0.0;0;0.0
Goal_84;165935;2322348.499466667;0.16666666666666666;165935;1477264.3177000002;0.0;0;0.0
Goal_85;165935;2322348.499466667;0.2222222222222222;165935;1577666.2060999998;0.0;0;0.0
Goal_86;165935;2322348.499466667;0.2777777777777778;165935;1578151.2726999999;0.0;0;0.0
Goal_87;165935;2322348.499466667;0.3333333333333333;165935;1515336.5066000002;0.0;0;0.0
Goal_89;165935;2322348.499466667;0.4444444444444444;165935;1599132.1859;0.0;0;0.0
Goal_88;165935;2322348.499466667;0.38888888888888884;165935;1504357.7482;0.0;0;0.0
Goal_91;165935;2612642.0619;0.0;165935;1500955.2104;0.0;0;0.0
Goal_90;165935;2322348.499466667;0.5;165935;1521874.4785999998;0.0;0;0.0
Goal_93;165935;2612642.0619;0.1111111111111111;165935;1582236.6619;0.0;0;0.0
Goal_92;165935;2612642.0619;0.05555555555555555;165935;1464479.9795;0.0;0;0.0
Goal_94;165935;2612642.0619;0.16666666666666666;165935;1538278.1585000001;0.0;0;0.0
Goal_95;165935;2612642.0619;0.2222222222222222;165935;1473178.9285000002;0.0;0;0.0
Goal_97;165935;2612642.0619;0.3333333333333333;165935;1538278.1585000001;0.0;0;0.0
Goal_96;165935;2612642.0619;0.2777777777777778;165935;1511701.036;0.0;0;0.0
Goal_99;165935;2612642.0619;0.4444444444444444;165935;1496005.2311;0.0;0;0.0
Goal_98;165935;2612642.0619;0.38888888888888884;165935;1505612.3852000001;0.0;0;0.0
Goal_100;165935;2612642.0619;0.5;165935;1498979.4703999998;0.0;0;0.0
Goal_107;158598;0.0;0.3333333333333333;158598;463265.24700000003;0.32624169836687406;0;0.0
Goal_108;158598;0.0;0.38888888888888884;158598;463265.24700000003;0.3262416983668741;0;0.0
Goal_109;158598;0.0;0.4444444444444444;158598;463265.24700000003;0.3262416983668741;0;0.0
Goal_110;158598;0.0;0.5;158598;463265.24700000003;0.3262416983668741;0;0.0
Goal_101;158598;0.0;0.0;161348;588422.6747000001;0.05703032823698861;3600;0.2037583489746187
Goal_102;158598;0.0;0.05555555555555555;162216;601635.9337;0.06504030789982006;3600;0.194459619411495
Goal_103;158598;0.0;0.1111111111111111;158704;521252.5489;0.11148915698262798;3600;0.06482530630080625
Goal_117;158598;290293.56243333337;0.3333333333333333;158598;463265.24700000003;0.32624169836687406;0;0.0
Goal_118;158598;290293.56243333337;0.38888888888888884;158598;463265.24700000003;0.3262416983668741;0;0.0
Goal_119;158598;290293.56243333337;0.4444444444444444;158598;463265.24700000003;0.3262416983668741;0;6.221178816440612E-14
Goal_120;158598;290293.56243333337;0.5;158598;463265.24700000003;0.326241698366875;0;0.0
Goal_104;158598;0.0;0.16666666666666666;158598;492109.466;0.1666599240190109;3600;0.026483723727950468
Goal_105;158598;0.0;0.2222222222222222;158598;475280.99549999984;0.22222405617238533;3600;0.005724345231440066
Goal_106;158598;0.0;0.2777777777777778;158598;465906.6625000001;0.2777787248498529;3600;7.075023437727347E-4
Goal_124;158598;580587.1248666667;0.16666666666666666;159548;566249.0277999999;0.16660685821542837;67;0.0
Goal_125;158598;580587.1248666667;0.2222222222222222;159021;577846.8502000001;0.22216956180388425;4;0.0
Goal_126;158598;580587.1248666667;0.2777777777777778;159070;551528.8822;0.2771975143742916;4;0.0
Goal_127;158598;580587.1248666667;0.3333333333333333;158921;577447.9539;0.33131862333576245;0;0.0
Goal_128;158598;580587.1248666667;0.38888888888888884;158767;573972.2047;0.33979927795827114;0;0.0
Goal_129;158598;580587.1248666667;0.4444444444444444;158767;573972.2047;0.33979927795827114;0;0.0
Goal_130;158598;580587.1248666667;0.5;158767;573972.2047;0.33979927795827114;0;0.0
Goal_111;158598;290293.56243333337;0.0;163848;641733.9648;0.029932360263514556;3604;0.35220822917129335
Goal_132;158598;870880.6873000001;0.05555555555555555;160932;843594.0278;0.05238727987371005;15;0.0
Goal_133;158598;870880.6873000001;0.1111111111111111;158598;866214.7669;0.11074366235659208;3;0.0
Goal_134;158598;870880.6873000001;0.16666666666666666;158598;860911.6670999998;0.15422309938887105;2;0.0
Goal_135;158598;870880.6873000001;0.2222222222222222;160329;794755.3309999998;0.2172839597925942;1;0.0
Goal_131;158598;870880.6873000001;0.0;165935;845139.5488000001;0.0;189;0.0
Goal_137;158598;870880.6873000001;0.3333333333333333;158598;870873.0614000001;0.30854432306189555;0;0.0
Goal_138;158598;870880.6873000001;0.38888888888888884;158598;870873.0614000001;0.30854432306189555;0;0.0
Goal_136;158598;870880.6873000001;0.2777777777777778;158807;830908.5573999999;0.2769679804459235;4;0.0
Goal_139;158598;870880.6873000001;0.4444444444444444;158598;870873.0614000001;0.30854432306189555;0;0.0
Goal_140;158598;870880.6873000001;0.5;158598;870873.0614000001;0.30854432306189555;0;0.0
Goal_142;158598;1161174.2497333335;0.05555555555555555;164917;1023680.35;0.044007879170587634;12;0.0
Goal_143;158598;1161174.2497333335;0.1111111111111111;165078;1161153.962;0.05624895906107678;2;0.0
Goal_144;158598;1161174.2497333335;0.16666666666666666;163611;1155719.7637000002;0.16119756873797222;1;0.0
Goal_145;158598;1161174.2497333335;0.2222222222222222;161634;1158033.4717;0.22220242795239464;0;0.0
Goal_146;158598;1161174.2497333335;0.2777777777777778;158598;960062.8553;0.2504448618010936;0;0.0
Goal_147;158598;1161174.2497333335;0.3333333333333333;158598;1118997.1604000004;0.32536629731943156;0;0.0
Goal_148;158598;1161174.2497333335;0.38888888888888884;158598;1118997.1604000004;0.32536629731943156;0;0.0
Goal_149;158598;1161174.2497333335;0.4444444444444444;158598;1118997.1604000004;0.32536629731943156;0;0.0
Goal_150;158598;1161174.2497333335;0.5;158598;1118997.1604000004;0.32536629731943156;0;0.0
Goal_151;158598;1451467.8121666668;0.0;165935;1402309.9984000002;0.0;0;0.0
Goal_152;158598;1451467.8121666668;0.05555555555555555;165295;1450789.5665;0.00992248025756415;0;0.0
Goal_153;158598;1451467.8121666668;0.1111111111111111;158598;1427230.7782000003;0.05677070729040214;2;0.0
Goal_154;158598;1451467.8121666668;0.16666666666666666;160126;1294397.0047000004;0.16336885447716226;2;0.0
Goal_155;158598;1451467.8121666668;0.2222222222222222;158611;1429636.9737999998;0.11499240020977872;0;0.0
Goal_156;158598;1451467.8121666668;0.2777777777777778;159522;1306081.4185000001;0.22469732728470285;0;0.0
Goal_157;158598;1451467.8121666668;0.3333333333333333;158598;1294307.6968000003;0.2721791311228488;0;0.0
Goal_158;158598;1451467.8121666668;0.38888888888888884;158598;1227187.7867000003;0.3085883869935768;0;0.0
Goal_159;158598;1451467.8121666668;0.4444444444444444;158598;1227187.7867000003;0.3085883869935768;0;0.0
Goal_160;158598;1451467.8121666668;0.5;158598;1227187.7867000003;0.3085883869935768;0;0.0
Goal_161;158598;1741761.3746000002;0.0;165935;1683507.7302;8.685710232828287E-15;2;0.0
Goal_162;158598;1741761.3746000002;0.05555555555555555;165295;1537649.9615999998;0.00992248025755484;0;0.0
Goal_141;158598;1161174.2497333335;0.0;165935;1035367.5284999999;0.0;62;0.0
Goal_163;158598;1741761.3746000002;0.1111111111111111;165935;1734260.3147000005;3.14018491736755E-17;1;0.0
Goal_165;158598;1741761.3746000002;0.2222222222222222;158598;1631389.8724000002;0.03832071511318892;0;0.0
Goal_166;158598;1741761.3746000002;0.2777777777777778;158598;1440553.4544;0.2730792812102495;0;0.0
Goal_167;158598;1741761.3746000002;0.3333333333333333;158598;1318212.1690000002;0.2786647615938691;0;0.0
Goal_168;158598;1741761.3746000002;0.38888888888888884;158598;1227187.7867000003;0.3085883869935768;0;0.0
Goal_169;158598;1741761.3746000002;0.4444444444444444;158598;1227187.7867000003;0.3085883869935768;0;0.0
Goal_170;158598;1741761.3746000002;0.5;158598;1227187.7867000003;0.3085883869935768;0;0.0
Goal_164;158598;1741761.3746000002;0.16666666666666666;160869;820570.1615999999;0.1613918899073764;12;0.0
Goal_172;158598;2032054.9370333336;0.05555555555555555;165295;1448870.167;0.009922480257555742;0;0.0
Goal_171;158598;2032054.9370333336;0.0;165935;1608380.9926000007;1.2819751242557094E-17;3;0.0
Goal_173;158598;2032054.9370333336;0.1111111111111111;162593;1913277.4278000002;0.05116875355508768;2;0.0
Goal_175;158598;2032054.9370333336;0.2222222222222222;162787;1471004.0460999997;0.19597494335355156;0;0.0
Goal_174;158598;2032054.9370333336;0.16666666666666666;163185;1278085.0846;0.151586839264793;2;0.0
Goal_177;158598;2032054.9370333336;0.3333333333333333;158616;1202829.3590000002;0.2712931993250109;0;0.0
Goal_176;158598;2032054.9370333336;0.2777777777777778;163645;1502005.3609;0.1149924002097787;0;0.0
Goal_178;158598;2032054.9370333336;0.38888888888888884;158598;1227187.7867000003;0.3085883869935768;0;0.0
Goal_179;158598;2032054.9370333336;0.4444444444444444;158598;1227187.7867000003;0.3085883869935768;0;0.0
Goal_180;158598;2032054.9370333336;0.5;158598;1227187.7867000003;0.3085883869935768;0;0.0
Goal_181;158598;2322348.499466667;0.0;165935;1412804.9654;0.0;1;0.0
Goal_182;158598;2322348.499466667;0.05555555555555555;165102;1433260.2673;0.01003145081312707;0;0.0
Goal_183;158598;2322348.499466667;0.1111111111111111;162252;1682223.7907000005;0.07804521791587707;1;0.0
Goal_184;158598;2322348.499466667;0.16666666666666666;164325;1218353.4176;0.16110727964792762;0;0.0
Goal_186;158598;2322348.499466667;0.2777777777777778;162614;1406758.9601;0.16122187519686837;0;0.0
Goal_185;158598;2322348.499466667;0.2222222222222222;159251;1476824.6434999998;0.11469767022723505;0;0.0
Goal_188;158598;2322348.499466667;0.38888888888888884;158598;1227187.7867000003;0.3085883869935768;0;0.0
Goal_187;158598;2322348.499466667;0.3333333333333333;160177;1232545.0284000002;0.2908989897236193;0;0.0
Goal_190;158598;2322348.499466667;0.5;158598;1227187.7867000003;0.3085883869935768;0;0.0
Goal_189;158598;2322348.499466667;0.4444444444444444;158598;1227187.7867000003;0.3085883869935768;0;0.0
Goal_192;158598;2612642.0619;0.05555555555555555;165102;1461718.0707999999;0.01003145081312707;0;0.0
Goal_193;158598;2612642.0619;0.1111111111111111;165295;1594703.0735000002;0.009922480257559985;0;0.0
Goal_194;158598;2612642.0619;0.16666666666666666;161067;1484553.5355000002;0.16612363030104624;6;0.0
Goal_195;158598;2612642.0619;0.2222222222222222;165067;1422716.3804000001;0.11499240020977879;0;0.0
Goal_196;158598;2612642.0619;0.2777777777777778;158598;1398184.1309;0.24934186537991793;0;0.0
Goal_197;158598;2612642.0619;0.3333333333333333;158598;1320379.2742;0.27900836106208554;0;0.0
Goal_198;158598;2612642.0619;0.38888888888888884;158598;1227187.7867000003;0.3085883869935768;0;0.0
Goal_199;158598;2612642.0619;0.4444444444444444;158598;1227187.7867000003;0.3085883869935768;0;0.0
Goal_200;158598;2612642.0619;0.5;158598;1227187.7867000003;0.3085883869935768;0;0.0
Goal_191;158598;2612642.0619;0.0;165935;972350.7034000002;4.462827004168478E-14;49;0.0
Goal_112;158598;290293.56243333337;0.05555555555555555;163075;619353.6955999999;0.061827255711017465;3600;0.38112743833028895
Goal_123;158598;580587.1248666667;0.1111111111111111;160409;578098.1033000001;0.11086627334326847;1003;0.0
Goal_113;158598;290293.56243333337;0.1111111111111111;158598;516673.3579;0.12051581928981242;3600;0.2519303762613107
Goal_114;158598;290293.56243333337;0.16666666666666666;158598;493376.80819999985;0.1666643533882648;3600;0.07030688522565733
Goal_115;158598;290293.56243333337;0.2222222222222222;158598;475387.2033999999;0.22222364861607347;3600;0.014444791469523209
Goal_116;158598;290293.56243333337;0.2777777777777778;158598;465907.52580000006;0.27778051123716585;3600;0.0020678599541395708
Goal_121;158598;580587.1248666667;0.0;164576;668611.0136999999;0.022932345317389084;3600;1.0
Goal_209;151261;0.0;0.4444444444444444;151261;294774.4803;0.43366247592181706;0;0.0
Goal_210;151261;0.0;0.5;151261;294774.4803;0.43366247592181706;1;0.0
Goal_122;158598;580587.1248666667;0.05555555555555555;164044;638821.2506;0.05585289324647871;3600;1.0
Goal_201;151261;0.0;0.0;160890;598101.0752;0.05742070090883632;3600;0.24599172253397503
Goal_202;151261;0.0;0.05555555555555555;160045;554883.3975;0.08809082404921303;3600;0.4012924060039352
Goal_203;151261;0.0;0.1111111111111111;162447;595832.2897999999;0.11116677548901667;3600;0.41061449546498
Goal_204;151261;0.0;0.16666666666666666;155640;565445.4862999999;0.166692568091054;3600;0.40973180921952856
Goal_205;151261;0.0;0.2222222222222222;152195;384687.86549999996;0.22222657859655828;3600;0.16151996686627143
Goal_206;151261;0.0;0.2777777777777778;151261;330313.21220000007;0.27777523904881884;3600;0.07061899757915266
Goal_207;151261;0.0;0.3333333333333333;151261;307003.18369999994;0.33333347246988787;3600;0.007059834426938189
Goal_219;151261;290293.56243333337;0.4444444444444444;151261;294774.4803;0.43366247592181706;0;1.0890660435415384E-12
Goal_208;151261;0.0;0.38888888888888884;151261;297853.0429;0.388888883165718;3600;0.0022494240147460385
Goal_220;151261;290293.56243333337;0.5;151261;294774.4803;0.4336624759218172;1;0.0
Goal_211;151261;290293.56243333337;0.0;163942;648172.5519999999;0.03366696437455773;3600;0.4571795128467959
Goal_212;151261;290293.56243333337;0.05555555555555555;162476;609905.1886999999;0.05730546199815128;3600;0.7742684549656956
Goal_224;151261;580587.1248666667;0.16666666666666666;151489;576198.1563;0.16402422265029445;45;0.0
Goal_225;151261;580587.1248666667;0.2222222222222222;151559;520361.18489999993;0.22103954463480438;42;0.0
Goal_226;151261;580587.1248666667;0.2777777777777778;154503;512537.8509999999;0.27735550473806253;49;0.0
Goal_227;151261;580587.1248666667;0.3333333333333333;151315;565747.6079999999;0.30788593641144446;19;0.0
Goal_228;151261;580587.1248666667;0.38888888888888884;151705;529039.3841;0.38740151001668843;1;0.0
Goal_229;151261;580587.1248666667;0.4444444444444444;151309;525619.6993999999;0.399441317350806;0;0.0
Goal_230;151261;580587.1248666667;0.5;151309;525619.6993999999;0.399441317350806;0;0.0
Goal_231;151261;870880.6873000001;0.0;165935;758467.3661999999;0.0;80;0.0
Goal_232;151261;870880.6873000001;0.05555555555555555;165006;861655.9617;0.04288892713804353;72;0.0
Goal_233;151261;870880.6873000001;0.1111111111111111;164198;849752.228;0.09813622010266221;16;0.0
Goal_234;151261;870880.6873000001;0.16666666666666666;155146;824149.2637;0.16525901371697926;24;0.0
Goal_235;151261;870880.6873000001;0.2222222222222222;160417;782683.9157;0.20900928400748858;14;0.0
Goal_236;151261;870880.6873000001;0.2777777777777778;151261;785735.8339999999;0.2675815398316484;2;0.0
Goal_237;151261;870880.6873000001;0.3333333333333333;154020;822773.5745999999;0.3313083536619722;3;0.0
Goal_238;151261;870880.6873000001;0.38888888888888884;153213;869872.0819999997;0.3881181613734756;0;0.0
Goal_239;151261;870880.6873000001;0.4444444444444444;151261;702796.9103999999;0.4068465251805215;0;0.0
Goal_240;151261;870880.6873000001;0.5;151261;716179.5478999999;0.4089880947041972;0;0.0
Goal_241;151261;1161174.2497333335;0.0;165935;871254.2991999999;0.0;107;0.0
Goal_242;151261;1161174.2497333335;0.05555555555555555;164430;1161169.9890000003;0.048036355545109585;4;0.0
Goal_243;151261;1161174.2497333335;0.1111111111111111;164443;883865.2725;0.10002828028084866;24;0.0
Goal_244;151261;1161174.2497333335;0.16666666666666666;163981;1118151.5507;0.11990156560789512;5;0.0
Goal_245;151261;1161174.2497333335;0.2222222222222222;155468;1129993.1687000003;0.21625857227160225;2;0.0
Goal_246;151261;1161174.2497333335;0.2777777777777778;154277;1014796.9947999999;0.2777359461034189;4;0.0
Goal_247;151261;1161174.2497333335;0.3333333333333333;152942;1009451.2897999999;0.27349478106453967;2;0.0
Goal_248;151261;1161174.2497333335;0.38888888888888884;151305;1152502.3073;0.3883699364635735;0;0.0
Goal_249;151261;1161174.2497333335;0.4444444444444444;151261;1031064.6483999998;0.39934848509456367;0;0.0
Goal_250;151261;1161174.2497333335;0.5;151261;1150800.4081;0.390962353067945;0;0.0
Goal_251;151261;1451467.8121666668;0.0;165935;1247945.2039000003;5.138194040658867E-15;19;0.0
Goal_252;151261;1451467.8121666668;0.05555555555555555;165742;1236312.9712000003;0.0016147531077288723;0;0.0
Goal_253;151261;1451467.8121666668;0.1111111111111111;157524;1310722.4275999998;0.11083628245806113;2;0.0
Goal_254;151261;1451467.8121666668;0.16666666666666666;151698;1043981.2925000002;0.16616368340356272;2;0.0
Goal_255;151261;1451467.8121666668;0.2222222222222222;165935;1418464.0054000001;0.0;2;0.0
Goal_256;151261;1451467.8121666668;0.2777777777777778;152484;1066935.2138999999;0.27772886945398395;1;0.0
Goal_257;151261;1451467.8121666668;0.3333333333333333;155262;1140479.9207;0.3081967324493111;0;0.0
Goal_258;151261;1451467.8121666668;0.38888888888888884;155387;1083147.7681;0.3530347282260804;0;0.0
Goal_259;151261;1451467.8121666668;0.4444444444444444;156145;1215661.8749;0.3392732090938038;0;0.0
Goal_260;151261;1451467.8121666668;0.5;151261;1086917.7407;0.4140580955421419;0;0.0
Goal_261;151261;1741761.3746000002;0.0;165935;1412411.9649000003;0.0;7;0.0
Goal_262;151261;1741761.3746000002;0.05555555555555555;159866;1401286.5800000005;0.0243014246663124;3;0.0
Goal_263;151261;1741761.3746000002;0.1111111111111111;151353;1562420.2289000002;0.10574159856271903;8;0.0
Goal_264;151261;1741761.3746000002;0.16666666666666666;152073;1434026.5971;0.16645073431289248;3;0.0
Goal_265;151261;1741761.3746000002;0.2222222222222222;153461;1070337.8749999998;0.22208705439921897;4;0.0
Goal_266;151261;1741761.3746000002;0.2777777777777778;151745;1015912.1916;0.27777820678105636;11;0.0
Goal_267;151261;1741761.3746000002;0.3333333333333333;155262;1140479.9207;0.3081967324493111;0;0.0
Goal_268;151261;1741761.3746000002;0.38888888888888884;154114;1269948.2650000001;0.3657938937475051;0;0.0
Goal_269;151261;1741761.3746000002;0.4444444444444444;151261;1036029.7890999999;0.40512149104111167;0;0.0
Goal_270;151261;1741761.3746000002;0.5;157051;1134798.9747000001;0.33962688428613;0;0.0
Goal_213;151261;290293.56243333337;0.1111111111111111;157436;504369.9987;0.12164917288620193;3600;0.7577232167578357
Goal_272;151261;2032054.9370333336;0.05555555555555555;160690;1653886.2454;0.014115702222435033;2;0.0
Goal_273;151261;2032054.9370333336;0.1111111111111111;153739;1389010.9612000003;0.059580276510463735;1;0.0
Goal_274;151261;2032054.9370333336;0.16666666666666666;151367;1329566.4584000004;0.15075259589731824;2;0.0
Goal_275;151261;2032054.9370333336;0.2222222222222222;151503;1176000.3608000001;0.19598189346578418;2;0.0
Goal_276;151261;2032054.9370333336;0.2777777777777778;151767;993367.6991;0.2776131727579212;2;0.0
Goal_277;151261;2032054.9370333336;0.3333333333333333;155262;1140479.9207;0.3081967324493111;0;0.0
Goal_278;151261;2032054.9370333336;0.38888888888888884;156145;1216892.6885000002;0.3392732090938038;0;0.0
Goal_279;151261;2032054.9370333336;0.4444444444444444;151261;1042142.9852999998;0.4114763148065463;0;0.0
Goal_280;151261;2032054.9370333336;0.5;152057;1039206.8873000001;0.38964371189873187;0;0.0
Goal_214;151261;290293.56243333337;0.16666666666666666;152296;527624.2995999999;0.16665526137718173;3600;0.8110902005979496
Goal_282;151261;2322348.499466667;0.05555555555555555;153683;1402867.1745;0.039523013158900985;0;0.0
Goal_281;151261;2322348.499466667;0.0;165935;941645.0596;1.2819751242557094E-17;13;0.0
Goal_284;151261;2322348.499466667;0.16666666666666666;152328;1316598.0363999999;0.16291936692721876;2;0.0
Goal_283;151261;2322348.499466667;0.1111111111111111;153109;926807.4356;0.11010137087595066;18;0.0
Goal_285;151261;2322348.499466667;0.2222222222222222;156221;797990.0491999999;0.21560224497378405;9;0.0
Goal_287;151261;2322348.499466667;0.3333333333333333;155262;1140479.9207;0.3081967324493111;0;0.0
Goal_288;151261;2322348.499466667;0.38888888888888884;153279;1081526.2151000001;0.365596399779764;0;0.0
Goal_286;151261;2322348.499466667;0.2777777777777778;157258;1113362.7284;0.2770286321850222;2;0.0
Goal_289;151261;2322348.499466667;0.4444444444444444;151261;1104594.8528999998;0.41063766318629874;0;0.0
Goal_290;151261;2322348.499466667;0.5;157051;1172192.9224999999;0.33962688428613;0;0.0
Goal_292;151261;2612642.0619;0.05555555555555555;158475;1533694.1766000001;0.054659667332171646;4;0.0
Goal_293;151261;2612642.0619;0.1111111111111111;164477;1503807.3514999999;0.10541359606967661;1;0.0
Goal_294;151261;2612642.0619;0.16666666666666666;163326;1309316.7916;0.15729239617628532;3;0.0
Goal_291;151261;2612642.0619;0.0;165935;1083647.7569000002;2.5639502485114188E-17;12;0.0
Goal_295;151261;2612642.0619;0.2222222222222222;154272;1109710.9398000003;0.21082044318880766;5;0.0
Goal_296;151261;2612642.0619;0.2777777777777778;157495;1162611.8554;0.27665073736853163;4;0.0
Goal_297;151261;2612642.0619;0.3333333333333333;155262;1140479.9207;0.3081967324493111;0;0.0
Goal_298;151261;2612642.0619;0.38888888888888884;155075;1298451.1013000002;0.3530347282260804;0;0.0
Goal_299;151261;2612642.0619;0.4444444444444444;151261;1127145.9608;0.4036805319113351;0;0.0
Goal_300;151261;2612642.0619;0.5;151261;992814.9082;0.4011468147989116;0;0.0
Goal_215;151261;290293.56243333337;0.2222222222222222;151280;367988.722;0.22221148370174634;3600;0.6000508194357324
Goal_216;151261;290293.56243333337;0.2777777777777778;151261;328541.0878999999;0.2777757170226092;3600;0.5411077839972298
Goal_217;151261;290293.56243333337;0.3333333333333333;151261;307113.4741;0.3333325417517138;3600;0.20064333544080823
Goal_218;151261;290293.56243333337;0.38888888888888884;151261;297868.66140000004;0.38888431601408263;3600;0.05059733895742278
Goal_221;151261;580587.1248666667;0.0;161275;580859.2541999999;0.0799220679119208;3600;1.0
Goal_222;151261;580587.1248666667;0.05555555555555555;155556;580671.2870000001;0.07729005634250871;3600;1.0
Goal_223;151261;580587.1248666667;0.1111111111111111;157632;577125.4430999999;0.11276123239392133;3600;1.0
Goal_271;151261;2032054.9370333336;0.0;165101;917647.7114000003;0.010030259675039335;3600;1.0
Goal_310;143925;0.0;0.5;143925;151548.2552;0.48350624785976215;0;0.0
Goal_301;143925;0.0;0.0;163179;633021.1061000001;0.05348511043250748;3600;0.3455154648740973
Goal_302;143925;0.0;0.05555555555555555;160475;569377.2706999999;0.10213074194170432;3600;0.39074114454379544
Goal_303;143925;0.0;0.1111111111111111;152867;427917.8887;0.18132114724359838;3600;0.5754917603567563
Goal_304;143925;0.0;0.16666666666666666;152907;482352.92759999994;0.1666635503587969;3600;0.3533411971218339
Goal_305;143925;0.0;0.2222222222222222;149838;363055.78189999994;0.22221674312259193;3600;0.28323773185756745
Goal_316;143925;290293.56243333337;0.2777777777777778;145608;285516.4656;0.2777623317112334;71;0.0
Goal_317;143925;290293.56243333337;0.3333333333333333;143925;290293.5102;0.3333132493208639;35;0.0
Goal_318;143925;290293.56243333337;0.38888888888888884;144060;283013.3277;0.38888170663576416;7;0.0
Goal_319;143925;290293.56243333337;0.4444444444444444;144447;277314.30830000003;0.4425225750624609;2;0.0
Goal_320;143925;290293.56243333337;0.5;143925;290286.70070000004;0.47544604884358116;0;0.0
Goal_306;143925;0.0;0.2777777777777778;145803;288749.9130999999;0.2777747686342724;3606;0.2811252211762731
Goal_307;143925;0.0;0.3333333333333333;143930;197573.56740000003;0.33333359423208353;3600;0.08341214186927758
Goal_308;143925;0.0;0.38888888888888884;143925;168971.09230000005;0.38888806731146897;3600;0.028140164576139114
Goal_309;143925;0.0;0.4444444444444444;143925;154744.28530000002;0.4444458436753094;3600;0.004597483050620444
Goal_325;143925;580587.1248666667;0.2222222222222222;150052;549830.6683999997;0.22221750206608729;31;0.0
Goal_324;143925;580587.1248666667;0.16666666666666666;155332;565635.5761000001;0.16664666785675417;111;0.0
Goal_327;143925;580587.1248666667;0.3333333333333333;145421;551283.1378;0.33254699244923125;5;0.0
Goal_328;143925;580587.1248666667;0.38888888888888884;144595;500911.0796;0.3887002413377675;5;0.0
Goal_326;143925;580587.1248666667;0.2777777777777778;150116;558073.9297999999;0.27131800214341384;21;0.0
Goal_329;143925;580587.1248666667;0.4444444444444444;143939;497619.9879999999;0.4438053901966763;2;0.0
Goal_330;143925;580587.1248666667;0.5;145565;568471.3682999999;0.47127453657700363;0;0.0
Goal_311;143925;290293.56243333337;0.0;165838;685584.6146;0.00870386453786258;3600;0.5862910698855412
Goal_333;143925;870880.6873000001;0.1111111111111111;164836;852923.0591999999;0.013633116316674016;12;0.0
Goal_334;143925;870880.6873000001;0.16666666666666666;158281;700447.0302000003;0.16630631970845047;32;0.0
Goal_335;143925;870880.6873000001;0.2222222222222222;155516;756442.5512;0.22141996867986588;9;0.0
Goal_336;143925;870880.6873000001;0.2777777777777778;149615;856496.58;0.2733032021517671;1;0.0
Goal_337;143925;870880.6873000001;0.3333333333333333;148382;688003.5308999999;0.33331404043435303;7;0.0
Goal_338;143925;870880.6873000001;0.38888888888888884;146801;783681.8433999999;0.38888012460534727;7;0.0
Goal_339;143925;870880.6873000001;0.4444444444444444;149063;560147.4698999999;0.41867515914953524;0;0.0
Goal_340;143925;870880.6873000001;0.5;144032;750815.0870999999;0.43410388983655135;0;0.0
Goal_341;143925;1161174.2497333335;0.0;165935;1143627.5999;1.1945642046939303E-14;2;0.0
Goal_342;143925;1161174.2497333335;0.05555555555555555;165742;1069722.7964000003;0.0016147531077289488;17;0.0
Goal_343;143925;1161174.2497333335;0.1111111111111111;143925;1023617.1723999999;0.05122846041714299;3;0.0
Goal_344;143925;1161174.2497333335;0.16666666666666666;153426;1057467.6918000001;0.16658613852509388;2;0.0
Goal_345;143925;1161174.2497333335;0.2222222222222222;157132;954816.2213999999;0.20919505391213128;3;0.0
Goal_346;143925;1161174.2497333335;0.2777777777777778;148507;663911.0898999999;0.27777257551569806;16;0.0
Goal_347;143925;1161174.2497333335;0.3333333333333333;143925;673197.3665;0.33059317120496245;11;0.0
Goal_348;143925;1161174.2497333335;0.38888888888888884;143934;807220.6647;0.3888878478064751;3;0.0
Goal_349;143925;1161174.2497333335;0.4444444444444444;143925;708802.5046999999;0.4392113570910007;0;0.0
Goal_350;143925;1161174.2497333335;0.5;143925;493128.81219999987;0.4540871330748827;0;0.0
Goal_351;143925;1451467.8121666668;0.0;165935;1250438.4569;2.6466065181450855E-14;2;0.0
Goal_352;143925;1451467.8121666668;0.05555555555555555;164557;1038643.3591;0.05383289835597068;25;0.0
Goal_353;143925;1451467.8121666668;0.1111111111111111;143925;1212421.8217000004;0.04863122886674187;2;0.0
Goal_354;143925;1451467.8121666668;0.16666666666666666;143925;1152121.8918000003;0.1657119436785722;2;0.0
Goal_355;143925;1451467.8121666668;0.2222222222222222;151390;1236027.8129;0.2218508712929419;2;0.0
Goal_356;143925;1451467.8121666668;0.2777777777777778;145289;827861.0804999998;0.2739934977708678;1;0.0
Goal_357;143925;1451467.8121666668;0.3333333333333333;156782;1079478.5172000004;0.17939930703844717;27;0.0
Goal_358;143925;1451467.8121666668;0.38888888888888884;143948;763312.2442;0.3888238523050668;4;0.0
Goal_359;143925;1451467.8121666668;0.4444444444444444;144282;682936.4164999999;0.4420969244947756;0;0.0
Goal_360;143925;1451467.8121666668;0.5;143925;493128.81219999987;0.4540871330748827;0;0.0
Goal_312;143925;290293.56243333337;0.05555555555555555;163005;621131.8837000001;0.05556859669334988;3600;0.5560427792353897
Goal_362;143925;1741761.3746000002;0.05555555555555555;143925;1317582.4927000005;0.048210018235975094;1;0.0
Goal_313;143925;290293.56243333337;0.1111111111111111;161921;625081.1460000001;0.11111977947486236;3608;0.8393241912639227
Goal_363;143925;1741761.3746000002;0.1111111111111111;161748;838924.3394;0.10663940874290152;9;0.0
Goal_365;143925;1741761.3746000002;0.2222222222222222;147679;1254951.9339;0.2222105011805016;2;0.0
Goal_364;143925;1741761.3746000002;0.16666666666666666;162050;815699.0086999998;0.15951366900209205;11;0.0
Goal_366;143925;1741761.3746000002;0.2777777777777778;153530;1041834.5846999999;0.2767636027552015;5;0.0
Goal_367;143925;1741761.3746000002;0.3333333333333333;144209;926695.2992;0.33332657292466217;5;0.0
Goal_368;143925;1741761.3746000002;0.38888888888888884;144025;553723.7364;0.388870187684755;5;0.0
Goal_370;143925;1741761.3746000002;0.5;144869;805246.8976999999;0.4488847169769534;0;0.0
Goal_369;143925;1741761.3746000002;0.4444444444444444;148750;769634.4952;0.4421063789677696;0;0.0
Goal_371;143925;2032054.9370333336;0.0;165935;1391581.6187000005;1.5437024706384128E-16;0;0.0
Goal_372;143925;2032054.9370333336;0.05555555555555555;147621;1239820.7645000003;0.04004919882264199;0;0.0
Goal_373;143925;2032054.9370333336;0.1111111111111111;162999;923636.6873000001;0.10976494732944928;3;0.0
Goal_375;143925;2032054.9370333336;0.2222222222222222;146173;1331687.645;0.22136957110058209;6;0.0
Goal_376;143925;2032054.9370333336;0.2777777777777778;148665;977644.4178999997;0.27729310922752876;6;0.0
Goal_374;143925;2032054.9370333336;0.16666666666666666;158573;1167607.0482000003;0.16634404467081584;23;0.0
Goal_378;143925;2032054.9370333336;0.38888888888888884;146809;735147.2487000001;0.3888733008723381;4;0.0
Goal_379;143925;2032054.9370333336;0.4444444444444444;143925;584979.9515999999;0.4415773867708148;0;0.0
Goal_380;143925;2032054.9370333336;0.5;144269;518871.11239999987;0.44899888641287306;0;0.0
Goal_377;143925;2032054.9370333336;0.3333333333333333;147211;1024649.1690999998;0.3330764847389708;16;0.0
Goal_382;143925;2322348.499466667;0.05555555555555555;147621;1206910.4800000004;0.040049198822642525;1;0.0
Goal_381;143925;2322348.499466667;0.0;165935;1137543.6264000002;4.2792821235053366E-15;7;0.0
Goal_383;143925;2322348.499466667;0.1111111111111111;146835;1317769.1069000002;0.10400699436131362;4;0.0
Goal_385;143925;2322348.499466667;0.2222222222222222;152259;1502756.3615000003;0.2216537695474615;3;0.0
Goal_386;143925;2322348.499466667;0.2777777777777778;143926;832748.8895999998;0.2777453926573754;2;0.0
Goal_384;143925;2322348.499466667;0.16666666666666666;156921;866576.0139;0.1396789229055676;14;0.0
Goal_387;143925;2322348.499466667;0.3333333333333333;145233;902805.0520999997;0.3332694118822916;9;0.0
Goal_389;143925;2322348.499466667;0.4444444444444444;143925;584979.9515999999;0.4415773867708148;0;0.0
Goal_390;143925;2322348.499466667;0.5;147808;700171.5084999999;0.42697054020681835;0;0.0
Goal_391;143925;2612642.0619;0.0;165935;1207646.7155;0.0;1;0.0
Goal_388;143925;2322348.499466667;0.38888888888888884;156790;727869.7851000001;0.33986483585916;15;0.0
Goal_393;143925;2612642.0619;0.1111111111111111;163297;1421030.9509000005;0.10643959159354865;23;0.0
Goal_394;143925;2612642.0619;0.16666666666666666;158583;930048.8763000002;0.16429239172394902;19;0.0
Goal_395;143925;2612642.0619;0.2222222222222222;143957;1196039.7020000003;0.22222212918957987;4;0.0
Goal_396;143925;2612642.0619;0.2777777777777778;148282;834199.5215999999;0.27343629141658077;1;0.0
Goal_397;143925;2612642.0619;0.3333333333333333;164833;1074106.7765;0.11468269569299709;2;0.0
Goal_398;143925;2612642.0619;0.38888888888888884;147440;856561.1182999999;0.3877885953940571;4;0.0
Goal_399;143925;2612642.0619;0.4444444444444444;143925;584979.9515999999;0.4415773867708148;0;0.0
Goal_400;143925;2612642.0619;0.5;148112;655146.2750999999;0.4185661054714664;0;0.0
Goal_314;143925;290293.56243333337;0.16666666666666666;156896;511667.908;0.16684756947002252;3600;0.8890397580094115
Goal_315;143925;290293.56243333337;0.2222222222222222;150022;358319.4918;0.222223925787133;3600;1.0
Goal_392;143925;2612642.0619;0.05555555555555555;164458;2073790.0736999998;0.048567806116513595;338;0.0
Goal_361;143925;1741761.3746000002;0.0;165935;1190803.9472000003;0.0;587;0.0
Goal_323;143925;580587.1248666667;0.1111111111111111;160334;580401.8307999999;0.11109464655864297;2324;0.0
Goal_321;143925;580587.1248666667;0.0;160263;581874.1075000003;0.0790626159273127;3600;1.0
Goal_322;143925;580587.1248666667;0.05555555555555555;163676;634978.8784999999;0.0557431500349868;3600;1.0
Goal_332;143925;870880.6873000001;0.05555555555555555;151881;845277.6429;0.05110100406213243;2869;0.0
Goal_331;143925;870880.6873000001;0.0;165197;802674.4445999999;0.046458880262994585;3600;1.0
Goal_410;136588;0.0;0.5;136588;49587.2233;0.4972285847193032;0;0.0
Goal_401;136588;0.0;0.0;160818;580817.6048;0.07164532761793736;3600;0.33152565099095466
Goal_402;136588;0.0;0.05555555555555555;160800;598012.5314000001;0.06678759014378073;3600;0.29747473555235404
Goal_403;136588;0.0;0.1111111111111111;156612;557582.2034000002;0.12814456740737368;3600;0.41959341834857367
Goal_404;136588;0.0;0.16666666666666666;152573;470370.2583000001;0.16667238876716334;3600;0.31726629633031556
Goal_405;136588;0.0;0.2222222222222222;144478;364130.0912000001;0.24866997873781538;3600;0.6205142428209267
Goal_416;136588;290293.56243333337;0.2777777777777778;138829;290202.33330000006;0.2777569127578088;118;0.0
Goal_417;136588;290293.56243333337;0.3333333333333333;138033;263491.26769999997;0.33241707524833897;30;0.0
Goal_418;136588;290293.56243333337;0.38888888888888884;136588;290137.4519000001;0.3886967434058018;9;0.0
Goal_419;136588;290293.56243333337;0.4444444444444444;141432;266829.53880000004;0.4424438542278124;4;0.0
Goal_420;136588;290293.56243333337;0.5;136588;277982.2794000001;0.4771055388731374;0;0.0
Goal_406;136588;0.0;0.2777777777777778;142703;280677.6717;0.27783958296061245;3600;0.3490950886028743
Goal_407;136588;0.0;0.3333333333333333;139148;183682.27999999997;0.33333224516994964;3600;0.31369492402250937
Goal_423;136588;580587.1248666667;0.1111111111111111;160589;576495.0476;0.1111033319671159;452;0.0
Goal_408;136588;0.0;0.38888888888888884;136851;96829.9227;0.3888838771087861;3600;0.19440988573293652
Goal_424;136588;580587.1248666667;0.16666666666666666;155407;551977.0635;0.16650704152393356;66;0.0
Goal_426;136588;580587.1248666667;0.2777777777777778;142953;563653.5226999999;0.2777303137796337;6;0.0
Goal_427;136588;580587.1248666667;0.3333333333333333;150447;448800.9648000001;0.3309178003369201;21;0.0
Goal_428;136588;580587.1248666667;0.38888888888888884;138384;459984.17939999996;0.3873065931174428;5;0.0
Goal_429;136588;580587.1248666667;0.4444444444444444;141193;572036.6734000001;0.440958323776101;1;0.0
Goal_430;136588;580587.1248666667;0.5;136588;577423.8004;0.4739313092759588;0;0.0
Goal_409;136588;0.0;0.4444444444444444;136588;56957.703199999996;0.44444538491743163;3600;0.01435781192757673
Goal_432;136588;870880.6873000001;0.05555555555555555;165123;861593.8926;0.05528079020679767;22;0.0
Goal_433;136588;870880.6873000001;0.1111111111111111;164023;817490.7987999999;0.11016856504274361;23;0.0
Goal_434;136588;870880.6873000001;0.16666666666666666;148108;849821.4543;0.16666730049390632;32;0.0
Goal_435;136588;870880.6873000001;0.2222222222222222;155720;757610.2993999999;0.22221736009035495;5;0.0
Goal_431;136588;870880.6873000001;0.0;165843;869650.7434;8.982451388105465E-4;142;0.0
Goal_436;136588;870880.6873000001;0.2777777777777778;146402;813213.9191999999;0.2731453075505484;20;0.0
Goal_437;136588;870880.6873000001;0.3333333333333333;139084;792842.6171999999;0.33333332595366927;6;0.0
Goal_438;136588;870880.6873000001;0.38888888888888884;136602;812015.9876999999;0.3888560610161825;4;0.0
Goal_440;136588;870880.6873000001;0.5;136588;710151.3226999999;0.4826836776682636;0;0.0
Goal_439;136588;870880.6873000001;0.4444444444444444;137876;748738.8662999999;0.4444376079642086;0;0.0
Goal_441;136588;1161174.2497333335;0.0;165935;902339.8396;5.757310176567834E-15;20;0.0
Goal_442;136588;1161174.2497333335;0.05555555555555555;165066;1028631.3640000001;0.051895485273636285;21;0.0
Goal_443;136588;1161174.2497333335;0.1111111111111111;140125;1157435.5871000001;0.05603022640787509;3;0.0
Goal_445;136588;1161174.2497333335;0.2222222222222222;136588;1064796.1275;0.21507561165513162;4;0.0
Goal_446;136588;1161174.2497333335;0.2777777777777778;141246;1040404.8706000003;0.27773333019265817;3;0.0
Goal_425;136588;580587.1248666667;0.2222222222222222;140862;491571.5201000001;0.22186237877850098;261;0.0
Goal_447;136588;1161174.2497333335;0.3333333333333333;137990;1041407.2429000002;0.33048635669382;4;0.0
Goal_449;136588;1161174.2497333335;0.4444444444444444;139967;853270.3397999997;0.4437298407870946;1;0.0
Goal_444;136588;1161174.2497333335;0.16666666666666666;162877;806492.8682999999;0.1661054235705474;19;0.0
Goal_450;136588;1161174.2497333335;0.5;136588;457936.19100000005;0.48614769719113976;0;0.0
Goal_448;136588;1161174.2497333335;0.38888888888888884;141841;977650.9357999999;0.38874044836014504;3;0.0
Goal_453;136588;1451467.8121666668;0.1111111111111111;165935;1212357.2712000003;2.5809441994169033E-15;13;0.0
Goal_454;136588;1451467.8121666668;0.16666666666666666;160836;977195.5572000002;0.16205806031285747;8;0.0
Goal_452;136588;1451467.8121666668;0.05555555555555555;164409;1098790.7778;0.04979463026678279;23;0.0
Goal_455;136588;1451467.8121666668;0.2222222222222222;138794;1342816.5544000003;0.22217988000231256;1;0.0
Goal_451;136588;1451467.8121666668;0.0;165935;1194946.0148000002;1.4332917616497527E-16;30;0.0
Goal_457;136588;1451467.8121666668;0.3333333333333333;140733;1150056.9536000001;0.33155190144964186;4;0.0
Goal_458;136588;1451467.8121666668;0.38888888888888884;137782;1382206.3256999997;0.38817140596556865;5;0.0
Goal_460;136588;1451467.8121666668;0.5;137626;562710.3865;0.4706927885961308;0;0.0
Goal_459;136588;1451467.8121666668;0.4444444444444444;139170;937424.4826999999;0.44299684238594106;5;0.0
Goal_462;136588;1741761.3746000002;0.05555555555555555;140971;1171041.7192000002;0.055259252732884685;2;0.0
Goal_456;136588;1451467.8121666668;0.2777777777777778;148523;791442.4806999997;0.2777359080599933;16;0.0
Goal_463;136588;1741761.3746000002;0.1111111111111111;153765;1360803.1047000003;0.06325797151884663;4;0.0
Goal_465;136588;1741761.3746000002;0.2222222222222222;137065;1112472.4402;0.22214888825750764;3;0.0
Goal_466;136588;1741761.3746000002;0.2777777777777778;146608;1224942.6337;0.2777386310241938;2;0.0
Goal_464;136588;1741761.3746000002;0.16666666666666666;163404;835993.3941;0.11468721528660634;14;0.0
Goal_467;136588;1741761.3746000002;0.3333333333333333;142387;990856.1135000001;0.3332913386830704;4;0.0
Goal_468;136588;1741761.3746000002;0.38888888888888884;136892;1189938.4096000006;0.26028483869385427;3;0.0
Goal_470;136588;1741761.3746000002;0.5;136820;739921.0255;0.47999999999999987;0;0.0
Goal_469;136588;1741761.3746000002;0.4444444444444444;139342;661742.9511000001;0.44444403407208916;4;0.0
Goal_472;136588;2032054.9370333336;0.05555555555555555;153118;1433428.3351000003;0.05070466061957656;2;0.0
Goal_473;136588;2032054.9370333336;0.1111111111111111;152028;1072893.6707;0.09864414772443537;3;0.0
Goal_474;136588;2032054.9370333336;0.16666666666666666;163247;822827.6376;0.16337942492132773;10;0.0
Goal_475;136588;2032054.9370333336;0.2222222222222222;136588;1182522.3312;0.17955916438765354;6;0.0
Goal_476;136588;2032054.9370333336;0.2777777777777778;141862;1210981.7033999998;0.27776479702536316;3;0.0
Goal_477;136588;2032054.9370333336;0.3333333333333333;145095;542225.3031;0.33050022438754406;26;0.0
Goal_478;136588;2032054.9370333336;0.38888888888888884;142135;913555.7168999998;0.3869724336568089;4;0.0
Goal_479;136588;2032054.9370333336;0.4444444444444444;139684;820810.2136000001;0.44120477569132055;4;0.0
Goal_480;136588;2032054.9370333336;0.5;136588;653409.955;0.48776177084347677;0;0.0
Goal_481;136588;2322348.499466667;0.0;165935;1365836.5528000004;1.4447125937006504E-16;19;0.0
Goal_482;136588;2322348.499466667;0.05555555555555555;165935;1938043.4471000002;3.391787365751734E-17;2;0.0
Goal_471;136588;2032054.9370333336;0.0;165935;1124047.8262000005;0.0;131;0.0
Goal_484;136588;2322348.499466667;0.16666666666666666;162784;1187910.4042000002;0.1649801303525753;3;0.0
Goal_485;136588;2322348.499466667;0.2222222222222222;141355;1387975.8731;0.22216755122467924;3;0.0
Goal_486;136588;2322348.499466667;0.2777777777777778;140596;1260595.2016;0.2771814000936927;4;0.0
Goal_487;136588;2322348.499466667;0.3333333333333333;162382;2094786.3357;0.16469104187025932;21;0.0
Goal_488;136588;2322348.499466667;0.38888888888888884;142810;854948.1267;0.3874329338535313;4;0.0
Goal_489;136588;2322348.499466667;0.4444444444444444;136621;985611.7929;0.41770179109436056;2;0.0
Goal_490;136588;2322348.499466667;0.5;137716;584600.1903;0.4657899076603002;0;0.0
Goal_491;136588;2612642.0619;0.0;165935;1429305.3316000004;1.1766443707290474E-14;2;0.0
Goal_492;136588;2612642.0619;0.05555555555555555;160974;1372292.851;0.05551075541332483;13;0.0
Goal_493;136588;2612642.0619;0.1111111111111111;165102;1127677.3616000002;0.010031450813137884;2;0.0
Goal_483;136588;2322348.499466667;0.1111111111111111;164033;1140469.0351;0.11029878774659294;119;0.0
Goal_495;136588;2612642.0619;0.2222222222222222;142897;1220555.5678;0.21239561385039774;2;0.0
Goal_494;136588;2612642.0619;0.16666666666666666;161809;780802.3858;0.1552034505296441;23;0.0
Goal_496;136588;2612642.0619;0.2777777777777778;142418;855286.9244999997;0.2777759441910995;4;0.0
Goal_497;136588;2612642.0619;0.3333333333333333;136643;898553.4702999998;0.33328796894582136;4;0.0
Goal_499;136588;2612642.0619;0.4444444444444444;136588;948585.7722999998;0.42782777595354815;2;0.0
Goal_498;136588;2612642.0619;0.38888888888888884;143044;837174.4575999997;0.38519933234583414;4;0.0
Goal_500;136588;2612642.0619;0.5;136588;574711.4388;0.47921724330542953;0;0.0
Goal_411;136588;290293.56243333337;0.0;164141;648906.4101;0.03268897274287676;3600;0.5178262884189433
Goal_461;136588;1741761.3746000002;0.0;165935;1555690.7244000006;0.0;1190;0.0
Goal_412;136588;290293.56243333337;0.05555555555555555;160588;606753.8766;0.07840128089953598;3600;0.5887413009353651
Goal_413;136588;290293.56243333337;0.1111111111111111;161889;608475.0145;0.11112004413778152;3604;0.8596244765903752
Goal_414;136588;290293.56243333337;0.16666666666666666;156833;517477.5001000002;0.16666466672337774;3600;1.0
Goal_415;136588;290293.56243333337;0.2222222222222222;139416;433066.04959999997;0.23624743761369754;3618;1.0
Goal_421;136588;580587.1248666667;0.0;159514;563733.3158999999;0.1193803198417729;3600;1.0
Goal_422;136588;580587.1248666667;0.05555555555555555;154433;588601.926;0.10814731031556318;3600;1.0
Goal_510;129252;0.0;0.5;129304;0.0;0.47999999999999987;0;0.0
Goal_501;129252;0.0;0.0;161667;596764.7550999998;0.06293906134618586;3600;0.2830874988744332
Goal_502;129252;0.0;0.05555555555555555;162945;657567.4064000001;0.05592963996805083;3600;0.3848845204161973
Goal_503;129252;0.0;0.1111111111111111;143252;424214.89329999994;0.18810273777899025;3600;0.6386285491483161
Goal_504;129252;0.0;0.16666666666666666;155442;546658.3305;0.1668442983719706;3601;0.5410179353788072
Goal_505;129252;0.0;0.2222222222222222;151529;412820.1907000002;0.22235404989175794;3617;0.5651737603232886
Goal_506;129252;0.0;0.2777777777777778;136348;265811.62460000004;0.2777777397559027;3600;0.3169713486140917
Goal_517;129252;290293.56243333337;0.3333333333333333;130520;289213.0423;0.3333327580069768;59;0.0
Goal_516;129252;290293.56243333337;0.2777777777777778;139200;288626.2931;0.2777541193918502;156;0.0
Goal_519;129252;290293.56243333337;0.4444444444444444;130886;201217.27469999992;0.44419384024804814;8;0.0
Goal_520;129252;290293.56243333337;0.5;129252;186447.57350000003;0.47791224037739183;0;0.0
Goal_518;129252;290293.56243333337;0.38888888888888884;129252;243273.24750000006;0.3871186283587055;52;0.0
Goal_507;129252;0.0;0.3333333333333333;139369;183966.17560000005;0.333301508010909;3600;0.5354467024721096
Goal_508;129252;0.0;0.38888888888888884;130159;87678.01890000001;0.38888910529814064;3600;0.3807600433667164
Goal_509;129252;0.0;0.4444444444444444;129403;16969.4771;0.4444419853559854;3600;0.1678854005606565
Goal_525;129252;580587.1248666667;0.2222222222222222;154863;533151.2488999999;0.22220960981524882;49;0.0
Goal_526;129252;580587.1248666667;0.2777777777777778;131130;578650.0130999999;0.27777155503237866;4;0.0
Goal_527;129252;580587.1248666667;0.3333333333333333;148906;481229.01370000007;0.3332450694511399;66;0.0
Goal_524;129252;580587.1248666667;0.16666666666666666;148520;570102.5288;0.16666315870297466;396;0.0
Goal_528;129252;580587.1248666667;0.38888888888888884;143976;484683.8742;0.3888693493570523;7;0.0
Goal_530;129252;580587.1248666667;0.5;129252;405404.0478;0.495036187746362;0;0.0
Goal_529;129252;580587.1248666667;0.4444444444444444;130699;580247.3023999997;0.444324989081205;6;0.0
Goal_532;129252;870880.6873000001;0.05555555555555555;165108;858988.6161999999;0.05022732226456588;23;0.0
Goal_511;129252;290293.56243333337;0.0;165934;688725.2710000001;1.5131618763488335E-4;3600;0.6692377679005366
Goal_534;129252;870880.6873000001;0.16666666666666666;135516;784319.5775;0.16617564366284387;38;0.0
Goal_535;129252;870880.6873000001;0.2222222222222222;141919;855952.9114999999;0.2222156335724118;7;0.0
Goal_536;129252;870880.6873000001;0.2777777777777778;130733;870309.6223000002;0.2777631198309448;38;0.0
Goal_537;129252;870880.6873000001;0.3333333333333333;142172;787789.7691999999;0.32633765360779937;11;0.0
Goal_538;129252;870880.6873000001;0.38888888888888884;132756;537255.5181999999;0.3884485565936349;5;0.0
Goal_539;129252;870880.6873000001;0.4444444444444444;129767;350484.64019999997;0.44419492481222267;4;0.0
Goal_540;129252;870880.6873000001;0.5;130418;296646.41000000003;0.4892241984093168;0;0.0
Goal_541;129252;1161174.2497333335;0.0;165935;1050525.7910000004;9.245138508569293E-15;13;0.0
Goal_542;129252;1161174.2497333335;0.05555555555555555;164599;904606.6821000001;0.053066018132947174;25;0.0
Goal_543;129252;1161174.2497333335;0.1111111111111111;159444;1148553.0353000003;0.06666908422462259;1;0.0
Goal_544;129252;1161174.2497333335;0.16666666666666666;157028;1128770.2976999998;0.16275997324622346;17;0.0
Goal_545;129252;1161174.2497333335;0.2222222222222222;131215;1014872.6544;0.22193198555503768;7;0.0
Goal_546;129252;1161174.2497333335;0.2777777777777778;130705;1133350.0570999999;0.27702909304295;8;0.0
Goal_547;129252;1161174.2497333335;0.3333333333333333;151076;998761.6516000001;0.3290134709820524;26;0.0
Goal_548;129252;1161174.2497333335;0.38888888888888884;152311;859520.9633999999;0.3138743159991319;5;0.0
Goal_549;129252;1161174.2497333335;0.4444444444444444;145728;1161153.9769000004;0.42475321216074735;5;0.0
Goal_550;129252;1161174.2497333335;0.5;129679;221122.95210000002;0.4898979485566356;0;0.0
Goal_551;129252;1451467.8121666668;0.0;165847;1092703.391;7.248711967789711E-4;183;0.0
Goal_552;129252;1451467.8121666668;0.05555555555555555;164591;1421335.5935999998;0.055475260977677146;4;0.0
Goal_553;129252;1451467.8121666668;0.1111111111111111;159464;929830.1923000001;0.10577307398446867;23;0.0
Goal_554;129252;1451467.8121666668;0.16666666666666666;157623;1114139.1715000002;0.16216719243803482;11;0.0
Goal_555;129252;1451467.8121666668;0.2222222222222222;149613;1163780.1430000002;0.21983082866994857;4;0.0
Goal_556;129252;1451467.8121666668;0.2777777777777778;130059;1153226.5149;0.2777749894905262;4;0.0
Goal_557;129252;1451467.8121666668;0.3333333333333333;129252;1264897.3598000002;0.31366973232756146;0;0.0
Goal_558;129252;1451467.8121666668;0.38888888888888884;137330;868867.249;0.3888763337741908;18;0.0
Goal_559;129252;1451467.8121666668;0.4444444444444444;129688;712142.6633000001;0.44271708004056426;4;0.0
Goal_560;129252;1451467.8121666668;0.5;129252;486911.416;0.4961016664164042;0;0.0
Goal_561;129252;1741761.3746000002;0.0;165935;1439798.2219000005;7.426133454076879E-15;3;0.0
Goal_523;129252;580587.1248666667;0.1111111111111111;158366;573754.6195;0.11075866037489798;1414;0.0
Goal_563;129252;1741761.3746000002;0.1111111111111111;139453;1343337.5150000008;0.11090917045591388;10;0.0
Goal_564;129252;1741761.3746000002;0.16666666666666666;133394;850478.5307000002;0.16657167560717215;21;0.0
Goal_565;129252;1741761.3746000002;0.2222222222222222;129252;1011425.7161000001;0.20606333133233629;1;0.0
Goal_566;129252;1741761.3746000002;0.2777777777777778;138379;961752.6431;0.27775946023302855;4;0.0
Goal_567;129252;1741761.3746000002;0.3333333333333333;129252;769050.7483000001;0.32626956664525014;22;0.0
Goal_568;129252;1741761.3746000002;0.38888888888888884;154518;754832.4983999999;0.3078607648619033;14;0.0
Goal_569;129252;1741761.3746000002;0.4444444444444444;137216;1090426.1634;0.444428197932855;4;0.0
Goal_570;129252;1741761.3746000002;0.5;129252;174814.1321;0.483592549942044;0;0.0
Goal_531;129252;870880.6873000001;0.0;165935;761165.5683999999;0.0;1343;0.0
Goal_572;129252;2032054.9370333336;0.05555555555555555;151863;1317155.8729000003;0.04466105810709154;3;0.0
Goal_571;129252;2032054.9370333336;0.0;165935;2025992.3836;0.0;281;0.0
Goal_573;129252;2032054.9370333336;0.1111111111111111;148821;1725112.5918;0.11100654478618151;5;0.0
Goal_575;129252;2032054.9370333336;0.2222222222222222;146487;1313869.5575;0.19893298096768167;7;0.0
Goal_576;129252;2032054.9370333336;0.2777777777777778;130362;1574475.0684999998;0.27771075790847494;3;0.0
Goal_577;129252;2032054.9370333336;0.3333333333333333;131293;1548753.7065000003;0.3312825481249853;7;0.0
Goal_578;129252;2032054.9370333336;0.38888888888888884;165935;2032054.2638000003;7.695512583153072E-12;6;0.0
Goal_574;129252;2032054.9370333336;0.16666666666666666;148924;1304620.8336999998;0.16498669279905634;31;0.0
Goal_579;129252;2032054.9370333336;0.4444444444444444;129252;672894.062;0.4408627982907572;1;0.0
Goal_580;129252;2032054.9370333336;0.5;129252;571105.0421;0.4961142739091342;0;0.0
Goal_582;129252;2322348.499466667;0.05555555555555555;165485;1559110.5992000003;0.055528526671503514;15;0.0
Goal_583;129252;2322348.499466667;0.1111111111111111;129252;1463058.3792000005;0.0811720164810932;3;0.0
Goal_584;129252;2322348.499466667;0.16666666666666666;150391;1161622.0886000006;0.1559186867351117;3;0.0
Goal_585;129252;2322348.499466667;0.2222222222222222;145340;879145.3219999999;0.22220321660043302;7;0.0
Goal_586;129252;2322348.499466667;0.2777777777777778;129261;1575744.6804000007;0.27775582966478946;3;0.0
Goal_587;129252;2322348.499466667;0.3333333333333333;129691;823153.8638999999;0.3328314509582306;7;0.0
Goal_588;129252;2322348.499466667;0.38888888888888884;137258;822726.9346000002;0.38888798858571166;12;0.0
Goal_589;129252;2322348.499466667;0.4444444444444444;129256;1110684.9020000002;0.43814772540227853;4;0.0
Goal_590;129252;2322348.499466667;0.5;129252;174814.1321;0.483592549942044;0;0.0
Goal_591;129252;2612642.0619;0.0;165935;1256949.8204;8.044483284943784E-15;14;0.0
Goal_592;129252;2612642.0619;0.05555555555555555;161791;2439931.1808000007;0.05423530770843063;2;0.0
Goal_593;129252;2612642.0619;0.1111111111111111;155201;1024271.0171999999;0.10717812266214809;23;0.0
Goal_512;129252;290293.56243333337;0.05555555555555555;161273;587265.2579;0.062257479676058144;3600;0.6693765709624316
Goal_594;129252;2612642.0619;0.16666666666666666;151492;1269004.8940000008;0.16053160503778632;3;0.0
Goal_595;129252;2612642.0619;0.2222222222222222;131130;1201792.1541;0.1927986742933187;3;0.0
Goal_596;129252;2612642.0619;0.2777777777777778;141151;1408772.8246000002;0.27516427207551325;5;0.0
Goal_598;129252;2612642.0619;0.38888888888888884;129430;1291924.0368999997;0.3876267746487826;6;0.0
Goal_513;129252;290293.56243333337;0.1111111111111111;160839;659321.9834;0.11111711439454229;3614;0.8993501278725888
Goal_600;129252;2612642.0619;0.5;129252;580465.5366;0.49934373030296303;0;0.0
Goal_599;129252;2612642.0619;0.4444444444444444;131260;548301.8335000001;0.4444161467431014;4;0.0
Goal_597;129252;2612642.0619;0.3333333333333333;140317;1064309.1834999998;0.3319385559728266;21;0.0
Goal_514;129252;290293.56243333337;0.16666666666666666;157362;573974.4336;0.1666674596589976;3603;1.0
Goal_581;129252;2322348.499466667;0.0;165935;1108753.8495000002;0.0;933;0.0
Goal_515;129252;290293.56243333337;0.2222222222222222;150172;370653.82820000005;0.22222344674792566;3600;1.0
Goal_521;129252;580587.1248666667;0.0;163159;627796.4842999999;0.04571959869118729;3600;1.0
Goal_522;129252;580587.1248666667;0.05555555555555555;146344;597198.0592999998;0.09407692124785966;3600;1.0
Goal_533;129252;870880.6873000001;0.1111111111111111;158485;854817.0745000002;0.11088342319166578;3404;0.0
Goal_609;121915;0.0;0.4444444444444444;122039;0.0;0.4422166387140535;14;0.0
Goal_610;121915;0.0;0.5;122154;0.0;0.47638850349859396;0;0.0
Goal_562;129252;1741761.3746000002;0.05555555555555555;159559;1426247.7533;0.10216818194328567;3600;1.0
Goal_601;121915;0.0;0.0;165741;686566.29;0.0016219680260158148;3600;0.3292170202466256
Goal_603;121915;0.0;0.1111111111111111;152011;546864.6162;0.11116607425320532;3600;0.2172376962685653
Goal_602;121915;0.0;0.05555555555555555;163678;642393.2103999999;0.059062742798282004;3612;0.36180209200496566
Goal_604;121915;0.0;0.16666666666666666;155390;493764.99269999994;0.16659311666653465;3600;0.3838031779163154
Goal_605;121915;0.0;0.2222222222222222;144983;444951.0731;0.22473507545859467;3600;0.5877197975322783
Goal_617;121915;290293.56243333337;0.3333333333333333;137159;289714.48800000007;0.33332263709860355;62;0.0
Goal_618;121915;290293.56243333337;0.38888888888888884;121918;258801.1113;0.38888518197690386;38;0.0
Goal_619;121915;290293.56243333337;0.4444444444444444;123278;270662.9211000001;0.44382509817819144;5;0.0
Goal_606;121915;0.0;0.2777777777777778;143489;330945.4156;0.2777767176935144;3600;0.6739023130980073
Goal_620;121915;290293.56243333337;0.5;123838;0.0;0.4570087982254147;0;0.0
Goal_607;121915;0.0;0.3333333333333333;124386;205381.4602999999;0.3333483066057702;3600;0.6894419892405947
Goal_608;121915;0.0;0.38888888888888884;121915;59173.90740000001;0.3888846920608157;3600;0.5143649516338178
Goal_611;121915;290293.56243333337;0.0;165924;688478.8141000001;0.0028739735136664897;3600;0.6235948235016371
Goal_625;121915;580587.1248666667;0.2222222222222222;152012;538241.2710000001;0.21738335383705873;128;0.0
Goal_626;121915;580587.1248666667;0.2777777777777778;151305;579827.5266999999;0.27744119595592764;44;0.0
Goal_627;121915;580587.1248666667;0.3333333333333333;131523;560747.9591000001;0.3333255525434712;7;0.0
Goal_628;121915;580587.1248666667;0.38888888888888884;123294;504396.9857000001;0.38813572493831844;6;0.0
Goal_629;121915;580587.1248666667;0.4444444444444444;122513;572377.5737999999;0.44443670269220475;5;0.0
Goal_630;121915;580587.1248666667;0.5;122388;449147.7548;0.49494517271090716;0;0.0
Goal_612;121915;290293.56243333337;0.05555555555555555;161904;630577.7435;0.06746038463084332;3600;0.7378496894378512
Goal_623;121915;580587.1248666667;0.1111111111111111;156971;580053.4090999998;0.11107548316582379;1845;0.0
Goal_633;121915;870880.6873000001;0.1111111111111111;155099;758794.6983000002;0.11110033010547606;22;0.0
Goal_631;121915;870880.6873000001;0.0;165935;847671.421;1.2819751242557094E-17;1348;0.0
Goal_635;121915;870880.6873000001;0.2222222222222222;122477;787631.4947999998;0.221785543399065;6;0.0
Goal_636;121915;870880.6873000001;0.2777777777777778;122060;694371.9721;0.27774858645050443;9;0.0
Goal_637;121915;870880.6873000001;0.3333333333333333;121926;661932.3659999999;0.33325342907797834;4;0.0
Goal_638;121915;870880.6873000001;0.38888888888888884;122273;818198.1951999997;0.3868387611838619;6;0.0
Goal_639;121915;870880.6873000001;0.4444444444444444;121915;810769.3182999998;0.44444517038088;6;0.0
Goal_640;121915;870880.6873000001;0.5;121915;218578.8876;0.47119216727568486;0;0.0
Goal_634;121915;870880.6873000001;0.16666666666666666;156749;870716.4785000002;0.16661219012522532;141;0.0
Goal_613;121915;290293.56243333337;0.1111111111111111;155539;643484.0484999999;0.11124798144425083;3600;0.862649418997053
Goal_643;121915;1161174.2497333335;0.1111111111111111;146403;1039808.4085000001;0.11078451462379396;5;0.0
Goal_614;121915;290293.56243333337;0.16666666666666666;156184;488700.1768000001;0.16691517946116477;3600;1.0
Goal_645;121915;1161174.2497333335;0.2222222222222222;123315;1125488.6512;0.22060305218877063;2;0.0
Goal_615;121915;290293.56243333337;0.2222222222222222;146157;350619.4398;0.2588500446784368;3600;1.0
Goal_644;121915;1161174.2497333335;0.16666666666666666;123851;1161172.9623999998;0.16428946468781233;8;0.0
Goal_648;121915;1161174.2497333335;0.38888888888888884;138824;894320.5853000004;0.3888837816286936;5;0.0
Goal_649;121915;1161174.2497333335;0.4444444444444444;121915;45686.84429999999;0.444444525035125;1;0.0
Goal_650;121915;1161174.2497333335;0.5;121915;607390.2559;0.49197823331066837;0;0.0
Goal_647;121915;1161174.2497333335;0.3333333333333333;146513;1022250.8453000002;0.3332517816586086;27;0.0
Goal_651;121915;1451467.8121666668;0.0;165935;1134526.7113;9.806280152156213E-15;33;0.0
Goal_652;121915;1451467.8121666668;0.05555555555555555;147621;1166450.5812000001;0.04004919882264259;19;0.0
Goal_646;121915;1161174.2497333335;0.2777777777777778;151152;891722.1157000002;0.2777608825294844;49;0.0
Goal_653;121915;1451467.8121666668;0.1111111111111111;126628;1305085.5010000004;0.11084528197917883;2;0.0
Goal_654;121915;1451467.8121666668;0.16666666666666666;160421;1437692.3047000004;0.1539031195425668;2;0.0
Goal_655;121915;1451467.8121666668;0.2222222222222222;154461;1197822.4126999998;0.21752778185189664;4;0.0
Goal_657;121915;1451467.8121666668;0.3333333333333333;130417;870716.0781999995;0.3332757793395807;8;0.0
Goal_656;121915;1451467.8121666668;0.2777777777777778;121915;1323721.6272;0.27758149908528473;11;0.0
Goal_660;121915;1451467.8121666668;0.5;121915;105596.14360000001;0.47421615852648685;0;0.0
Goal_659;121915;1451467.8121666668;0.4444444444444444;121915;45686.84429999999;0.444444525035125;1;0.0
Goal_658;121915;1451467.8121666668;0.38888888888888884;129588;812667.8815999997;0.3888388511970095;13;0.0
Goal_641;121915;1161174.2497333335;0.0;165935;774991.4012000001;0.0;184;0.0
Goal_662;121915;1741761.3746000002;0.05555555555555555;164975;1144294.2309000003;0.026785832232141694;20;0.0
Goal_664;121915;1741761.3746000002;0.16666666666666666;132093;1604056.2933;0.16154520815542603;3;0.0
Goal_665;121915;1741761.3746000002;0.2222222222222222;122439;1453325.3408000001;0.2219314113661917;3;0.0
Goal_667;121915;1741761.3746000002;0.3333333333333333;126317;940823.3868000002;0.3333219111559329;8;0.0
Goal_666;121915;1741761.3746000002;0.2777777777777778;129452;1090572.9432;0.2776410458730746;29;0.0
Goal_669;121915;1741761.3746000002;0.4444444444444444;121915;45686.84429999999;0.444444525035125;1;0.0
Goal_663;121915;1741761.3746000002;0.1111111111111111;159784;1149698.7097;0.11110074583568735;49;0.0
Goal_670;121915;1741761.3746000002;0.5;121915;461230.37769999995;0.4878400584085562;0;0.0
Goal_671;121915;2032054.9370333336;0.0;165935;1473847.7985;3.8510498592143704E-15;14;0.0
Goal_672;121915;2032054.9370333336;0.05555555555555555;164897;1038137.2936000001;0.05275295878034491;16;0.0
Goal_673;121915;2032054.9370333336;0.1111111111111111;162825;1310901.2706999995;0.111034804242167;4;0.0
Goal_674;121915;2032054.9370333336;0.16666666666666666;132043;1712739.4006999994;0.16548464140963823;4;0.0
Goal_675;121915;2032054.9370333336;0.2222222222222222;145299;1634527.3070000005;0.21974147210996783;5;0.0
Goal_676;121915;2032054.9370333336;0.2777777777777778;144727;826363.5688999997;0.27741156434431946;5;0.0
Goal_677;121915;2032054.9370333336;0.3333333333333333;124779;824915.3274999999;0.32984529937548324;7;0.0
Goal_679;121915;2032054.9370333336;0.4444444444444444;121915;45686.84429999999;0.444444525035125;0;0.0
Goal_661;121915;1741761.3746000002;0.0;165918;1152282.1212;9.329723543154534E-4;94;0.0
Goal_680;121915;2032054.9370333336;0.5;121915;461230.37769999995;0.4878400584085562;0;0.0
Goal_682;121915;2322348.499466667;0.05555555555555555;153148;992618.3698000001;0.055509236399851565;1;0.0
Goal_678;121915;2032054.9370333336;0.38888888888888884;133575;1108833.5426;0.38643714613964164;11;0.0
Goal_684;121915;2322348.499466667;0.16666666666666666;150718;1949713.6421000005;0.1666393627570495;2;0.0
Goal_683;121915;2322348.499466667;0.1111111111111111;165300;1371556.2111999998;0.0859517195455991;5;0.0
Goal_685;121915;2322348.499466667;0.2222222222222222;162336;1105262.7275000003;0.20489892602022436;9;0.0
Goal_686;121915;2322348.499466667;0.2777777777777778;134988;1207528.5934000001;0.27511256747032525;8;0.0
Goal_668;121915;1741761.3746000002;0.38888888888888884;125207;460607.26249999984;0.38557211432650385;80;0.0
Goal_689;121915;2322348.499466667;0.4444444444444444;121915;45686.84429999999;0.444444525035125;0;0.0
Goal_687;121915;2322348.499466667;0.3333333333333333;138148;945616.4663;0.3301021013251104;5;0.0
Goal_688;121915;2322348.499466667;0.38888888888888884;129144;634724.3855000001;0.38849748723831345;5;0.0
Goal_690;121915;2322348.499466667;0.5;121915;461230.37769999995;0.4878400584085562;0;0.0
Goal_691;121915;2612642.0619;0.0;165935;1194178.6153000006;1.0316961140437419E-14;3;0.0
Goal_693;121915;2612642.0619;0.1111111111111111;164287;1437500.8484;0.11002735337343388;4;0.0
Goal_694;121915;2612642.0619;0.16666666666666666;126509;2086257.9294999996;0.1417370125441932;1;0.0
Goal_695;121915;2612642.0619;0.2222222222222222;124407;1032183.2856999998;0.22164864900136644;4;0.0
Goal_696;121915;2612642.0619;0.2777777777777778;122120;1171042.9753;0.2768602859655182;3;0.0
Goal_697;121915;2612642.0619;0.3333333333333333;136658;1036781.4880999997;0.33321384306209295;8;0.0
Goal_699;121915;2612642.0619;0.4444444444444444;121915;45686.84429999999;0.444444525035125;1;0.0
Goal_692;121915;2612642.0619;0.05555555555555555;165935;1089136.6128;8.30814836211045E-17;23;0.0
Goal_700;121915;2612642.0619;0.5;121915;461230.37769999995;0.4878400584085562;0;0.0
Goal_698;121915;2612642.0619;0.38888888888888884;125718;791866.025;0.38857503508847563;13;0.0
Goal_681;121915;2322348.499466667;0.0;165935;1573720.3462;0.0;59;0.0
Goal_616;121915;290293.56243333337;0.2777777777777778;126354;413692.47000000003;0.27778001608071734;3600;1.0
Goal_642;121915;1161174.2497333335;0.05555555555555555;165514;1011412.4712;0.044084205167556546;310;0.0
Goal_621;121915;580587.1248666667;0.0;158639;581258.4081999998;0.08924456068099872;3600;1.0
Goal_622;121915;580587.1248666667;0.05555555555555555;153094;571163.0305999999;0.13244688159512386;3600;1.0
Goal_624;121915;580587.1248666667;0.16666666666666666;156782;535093.9563999999;0.16681701349292122;3600;1.0
Goal_709;114579;0.0;0.4444444444444444;117548;0.0;0.43020830786533676;0;0.0
Goal_710;114579;0.0;0.5;117548;0.0;0.43020830786533676;0;0.0
Goal_632;121915;870880.6873000001;0.05555555555555555;145318;869179.4944999998;0.07899877346679707;3600;1.0
Goal_701;114579;0.0;0.0;164150;646507.3134;0.03897890343160277;3600;0.33388615625411383
Goal_702;114579;0.0;0.05555555555555555;164144;667657.6153999999;0.05625962585593775;3600;0.3607397161793435
Goal_703;114579;0.0;0.1111111111111111;164829;653836.5316000001;0.11114278193846952;3600;0.37964184515805205
Goal_704;114579;0.0;0.16666666666666666;163372;660302.542;0.1667128537470575;3600;0.6215104404876567
Goal_705;114579;0.0;0.2222222222222222;156014;453297.2433999999;0.2222267095182661;3600;0.7086460323339128
Goal_706;114579;0.0;0.2777777777777778;130691;339223.48099999997;0.27777798869815684;3600;0.7969001521402195
Goal_718;114579;290293.56243333337;0.38888888888888884;117971;159887.7654;0.3888876608648665;113;0.0
Goal_719;114579;290293.56243333337;0.4444444444444444;117245;0.0;0.43767223451397963;0;0.0
Goal_720;114579;290293.56243333337;0.5;114579;19373.0802;0.4449537501647998;0;0.0
Goal_707;114579;0.0;0.3333333333333333;114580;136860.0898;0.3372206208853817;3600;1.0
Goal_708;114579;0.0;0.38888888888888884;114579;15587.7097;0.388889693147957;3600;1.0
Goal_723;114579;580587.1248666667;0.1111111111111111;155802;576420.4944;0.11108970184542251;189;0.0
Goal_724;114579;580587.1248666667;0.16666666666666666;158067;568940.7663;0.16662365066784923;54;0.0
Goal_725;114579;580587.1248666667;0.2222222222222222;146692;563040.8086999999;0.21662121158407657;269;0.0
Goal_726;114579;580587.1248666667;0.2777777777777778;146773;511216.2543;0.2777581138097544;50;0.0
Goal_727;114579;580587.1248666667;0.3333333333333333;117910;516697.90939999995;0.3332158370483887;28;0.0
Goal_711;114579;290293.56243333337;0.0;161745;599568.0623;0.06577983563818997;3600;0.629215837684752
Goal_729;114579;580587.1248666667;0.4444444444444444;114579;324362.6528;0.43215980255727726;0;0.0
Goal_730;114579;580587.1248666667;0.5;114697;64689.049100000004;0.45104978839813303;0;0.0
Goal_728;114579;580587.1248666667;0.38888888888888884;114808;156733.93300000002;0.38852375394670524;111;0.0
Goal_732;114579;870880.6873000001;0.05555555555555555;160295;856011.2108999998;0.05430787125246628;6;0.0
Goal_733;114579;870880.6873000001;0.1111111111111111;158768;870877.9556000001;0.1110913218648143;103;0.0
Goal_734;114579;870880.6873000001;0.16666666666666666;147658;793387.8619;0.16664692717983895;31;0.0
Goal_735;114579;870880.6873000001;0.2222222222222222;146333;858337.6895;0.21586360063424356;16;0.0
Goal_736;114579;870880.6873000001;0.2777777777777778;147316;691983.3767;0.27340057132508194;21;0.0
Goal_737;114579;870880.6873000001;0.3333333333333333;114591;869740.2383999999;0.33332647705141194;17;0.0
Goal_738;114579;870880.6873000001;0.38888888888888884;114748;531021.7730999999;0.3857605979662739;78;0.0
Goal_739;114579;870880.6873000001;0.4444444444444444;114579;128658.7065;0.4441464037478279;0;0.0
Goal_740;114579;870880.6873000001;0.5;117362;111969.3805;0.43020830786533676;0;0.0
Goal_712;114579;290293.56243333337;0.05555555555555555;165067;667250.1227999999;0.05560693178987974;3600;0.747390639719966
Goal_742;114579;1161174.2497333335;0.05555555555555555;152952;1150474.4032000003;0.05371343395289901;2;0.0
Goal_743;114579;1161174.2497333335;0.1111111111111111;162718;1090042.1446999998;0.11111319149670405;25;0.0
Goal_741;114579;1161174.2497333335;0.0;165935;902815.5231000001;0.0;1382;0.0
Goal_745;114579;1161174.2497333335;0.2222222222222222;116434;1067463.8093;0.21932529086946265;4;0.0
Goal_746;114579;1161174.2497333335;0.2777777777777778;151531;1157858.2510000002;0.27731347532062345;17;0.0
Goal_747;114579;1161174.2497333335;0.3333333333333333;139054;757936.44;0.3330541690974842;4;0.0
Goal_748;114579;1161174.2497333335;0.38888888888888884;117717;476501.07959999994;0.3888853405936604;7;0.0
Goal_749;114579;1161174.2497333335;0.4444444444444444;114579;128658.7065;0.4441464037478279;0;0.0
Goal_750;114579;1161174.2497333335;0.5;117362;111969.3805;0.43020830786533676;0;0.0
Goal_714;114579;290293.56243333337;0.16666666666666666;154318;629960.7975000001;0.16665502696358517;3600;1.0
Goal_713;114579;290293.56243333337;0.1111111111111111;149193;631790.1272;0.11125058133581991;3600;0.9484383267147678
Goal_717;114579;290293.56243333337;0.3333333333333333;127276;290286.70360000007;0.33238900295982615;3583;0.0
Goal_715;114579;290293.56243333337;0.2222222222222222;114840;571151.2866000001;0.24429005830259765;3600;1.0
Goal_716;114579;290293.56243333337;0.2777777777777778;122731;426769.0649;0.2892334467124325;3600;1.0
Goal_752;114579;1451467.8121666668;0.05555555555555555;165716;1237957.8425;0.02103751237836223;10;0.0
Goal_753;114579;1451467.8121666668;0.1111111111111111;125618;1369613.8235000004;0.10639157578035119;15;0.0
Goal_756;114579;1451467.8121666668;0.2777777777777778;124877;1340137.4072;0.27777175537999166;9;0.0
Goal_759;114579;1451467.8121666668;0.4444444444444444;114579;128658.7065;0.4441464037478279;0;0.0
Goal_760;114579;1451467.8121666668;0.5;114725;70857.9989;0.4463696103897713;0;0.0
Goal_754;114579;1451467.8121666668;0.16666666666666666;160272;1347544.0603999998;0.16661044300812622;29;0.0
Goal_762;114579;1741761.3746000002;0.05555555555555555;160062;1118294.6148;0.03697295147535819;8;0.0
Goal_757;114579;1451467.8121666668;0.3333333333333333;141206;946964.6204;0.3322369205850747;30;0.0
Goal_764;114579;1741761.3746000002;0.16666666666666666;126251;1611805.0351000004;0.16134782948438067;5;0.0
Goal_765;114579;1741761.3746000002;0.2222222222222222;140521;1314876.7474000005;0.22177309163746167;5;0.0
Goal_758;114579;1451467.8121666668;0.38888888888888884;137258;766133.2488999999;0.3496291959637699;42;0.0
Goal_767;114579;1741761.3746000002;0.3333333333333333;139162;865918.8410999997;0.3307240932748511;11;0.0
Goal_755;114579;1451467.8121666668;0.2222222222222222;126716;1289683.2665000001;0.21480764050605036;71;0.0
Goal_769;114579;1741761.3746000002;0.4444444444444444;114579;128658.7065;0.4441464037478279;0;0.0
Goal_768;114579;1741761.3746000002;0.38888888888888884;114579;1122605.3879000002;0.38632052789227506;3;0.0
Goal_770;114579;1741761.3746000002;0.5;114725;70857.9989;0.4463696103897713;0;0.0
Goal_766;114579;1741761.3746000002;0.2777777777777778;125615;1424865.9393000002;0.2777197998703711;32;0.0
Goal_763;114579;1741761.3746000002;0.1111111111111111;162369;1566390.5075000005;0.11097551529986797;82;0.0
Goal_774;114579;2032054.9370333336;0.16666666666666666;114595;1231026.421;0.16301208602745088;4;0.0
Goal_773;114579;2032054.9370333336;0.1111111111111111;144525;1957621.5689;0.09033604964630244;49;0.0
Goal_761;114579;1741761.3746000002;0.0;165935;1222560.8595000003;0.0;117;0.0
Goal_777;114579;2032054.9370333336;0.3333333333333333;165935;1988576.8462999999;1.7879486040697583E-14;2;0.0
Goal_776;114579;2032054.9370333336;0.2777777777777778;118065;1213563.0444999998;0.2775530473094528;5;0.0
Goal_779;114579;2032054.9370333336;0.4444444444444444;114579;128658.7065;0.4441464037478279;0;0.0
Goal_780;114579;2032054.9370333336;0.5;114725;70857.9989;0.4463696103897713;0;0.0
Goal_775;114579;2032054.9370333336;0.2222222222222222;165935;1773571.5196000007;0.0;20;0.0
Goal_782;114579;2322348.499466667;0.05555555555555555;164930;1322660.7851000002;0.01793739424206298;3;0.0
Goal_783;114579;2322348.499466667;0.1111111111111111;120695;2039782.7165;0.09975671833997367;2;0.0
Goal_771;114579;2032054.9370333336;0.0;165935;1917304.2456000005;0.0;91;0.0
Goal_784;114579;2322348.499466667;0.16666666666666666;158488;2088134.5925;0.16638531484294694;9;0.0
Goal_778;114579;2032054.9370333336;0.38888888888888884;148720;1290121.6683;0.33267949227368226;27;0.0
Goal_785;114579;2322348.499466667;0.2222222222222222;133555;1085445.5025;0.22221266201139758;6;0.0
Goal_788;114579;2322348.499466667;0.38888888888888884;115197;276031.3112999999;0.38886448798780326;4;0.0
Goal_721;114579;580587.1248666667;0.0;160495;611045.2283999999;0.08167019243317208;3600;1.0
Goal_789;114579;2322348.499466667;0.4444444444444444;114579;128658.7065;0.4441464037478279;0;0.0
Goal_790;114579;2322348.499466667;0.5;114725;70857.9989;0.4463696103897713;0;0.0
Goal_787;114579;2322348.499466667;0.3333333333333333;138567;893756.6585999998;0.3331666071633218;22;0.0
Goal_744;114579;1161174.2497333335;0.16666666666666666;125404;1155187.2204000005;0.1666555204314351;1058;0.0
Goal_772;114579;2032054.9370333336;0.05555555555555555;162721;1065503.5947000002;0.055316797205294005;128;0.0
Goal_786;114579;2322348.499466667;0.2777777777777778;116362;1152731.7064000003;0.27676642992706646;37;0.0
Goal_796;114579;2612642.0619;0.2777777777777778;114579;1418431.2068000003;0.2519035479784337;5;0.0
Goal_793;114579;2612642.0619;0.1111111111111111;142075;2038821.7221999995;0.10717463489744682;30;0.0
Goal_794;114579;2612642.0619;0.16666666666666666;156001;1715551.6082000001;0.15419926679474744;24;0.0
Goal_799;114579;2612642.0619;0.4444444444444444;114579;128658.7065;0.4441464037478279;0;0.0
Goal_800;114579;2612642.0619;0.5;114725;70857.9989;0.4463696103897713;0;0.0
Goal_797;114579;2612642.0619;0.3333333333333333;114579;2609574.4281;0.33332879594757714;23;0.0
Goal_781;114579;2322348.499466667;0.0;165935;1302415.1369000005;0.0;116;0.0
Goal_798;114579;2612642.0619;0.38888888888888884;155890;1370221.8533;0.3180524768200618;38;0.0
Goal_795;114579;2612642.0619;0.2222222222222222;157597;1535902.3507000003;0.20867460941170318;74;0.0
Goal_722;114579;580587.1248666667;0.05555555555555555;151856;580585.191;0.11008335988223347;3600;1.0
Goal_731;114579;870880.6873000001;0.0;160429;858360.4099000002;0.08010723433821884;3600;1.0
Goal_791;114579;2612642.0619;0.0;165935;2261697.2691999995;0.0;1982;0.0
Goal_808;107242;0.0;0.38888888888888884;108193;0.0;0.3838709044490145;5;0.0
Goal_809;107242;0.0;0.4444444444444444;108806;0.0;0.40472980418217297;0;0.0
Goal_810;107242;0.0;0.5;108806;0.0;0.40472980418217297;0;0.0
Goal_751;114579;1451467.8121666668;0.0;165935;1216569.5865000004;0.0;3415;0.0
Goal_792;114579;2612642.0619;0.05555555555555555;159146;1292370.4623999998;0.0844995673061008;3600;1.0
Goal_801;107242;0.0;0.0;164890;661921.5257;0.027836763579927624;3600;0.3008652221593499
Goal_802;107242;0.0;0.05555555555555555;165590;683238.4252;0.05593985251172201;3600;0.40691986225668997
Goal_804;107242;0.0;0.16666666666666666;156968;489255.36549999984;0.16667416094714707;3600;0.41349295276620385
Goal_803;107242;0.0;0.1111111111111111;160063;553668.5711000001;0.11112784531642113;3601;0.3437268863212755
Goal_805;107242;0.0;0.2222222222222222;150623;592696.2098999999;0.22222226069845807;3600;0.8159799269869978
Goal_818;107242;290293.56243333337;0.38888888888888884;109724;0.0;0.384266355856259;2;0.0
Goal_819;107242;290293.56243333337;0.4444444444444444;108806;0.0;0.4047298041821733;0;0.0
Goal_820;107242;290293.56243333337;0.5;107242;11740.5865;0.39419738584751984;0;0.0
Goal_806;107242;0.0;0.2777777777777778;153371;485455.4551;0.2777815046648566;3600;1.0
Goal_807;107242;0.0;0.3333333333333333;105437;27293.686;0.33508113068673023;3600;1.0
Goal_811;107242;290293.56243333337;0.0;165825;684413.7723;0.009419698586295355;3600;0.5800328530670836
Goal_824;107242;580587.1248666667;0.16666666666666666;149827;560465.7661999998;0.16429267447470422;45;0.0
Goal_825;107242;580587.1248666667;0.2222222222222222;111721;569587.0312000001;0.22220062486580897;140;0.0
Goal_826;107242;580587.1248666667;0.2777777777777778;107242;580251.2676000001;0.27775851250444283;55;0.0
Goal_827;107242;580587.1248666667;0.3333333333333333;135361;461632.23089999997;0.333005074454809;197;0.0
Goal_828;107242;580587.1248666667;0.38888888888888884;109652;53742.00669999999;0.3885322807019499;4;0.0
Goal_829;107242;580587.1248666667;0.4444444444444444;107242;8559.076000000001;0.394227449471289;0;0.0
Goal_830;107242;580587.1248666667;0.5;108806;0.0;0.4047298041821732;0;0.0
Goal_812;107242;290293.56243333337;0.05555555555555555;164762;672531.2712;0.056959955407489486;3600;0.8249676692733799
Goal_831;107242;870880.6873000001;0.0;165935;771450.3591000002;0.0;445;0.0
Goal_833;107242;870880.6873000001;0.1111111111111111;159290;820642.4043999999;0.1054289626477634;610;0.0
Goal_834;107242;870880.6873000001;0.16666666666666666;151916;747704.9313000002;0.16662279607591965;49;0.0
Goal_835;107242;870880.6873000001;0.2222222222222222;122393;794374.5349;0.21482343199604872;13;0.0
Goal_813;107242;290293.56243333337;0.1111111111111111;159441;639230.0149000002;0.11111472318437116;3600;0.893797593375695
Goal_837;107242;870880.6873000001;0.3333333333333333;127571;458949.09340000007;0.333328178465082;8;0.0
Goal_836;107242;870880.6873000001;0.2777777777777778;115032;605047.7491999998;0.27374269940416407;41;0.0
Goal_838;107242;870880.6873000001;0.38888888888888884;109409;0.0;0.3842663558562566;2;0.0
Goal_839;107242;870880.6873000001;0.4444444444444444;107242;14605.634;0.39421902085113847;0;0.0
Goal_840;107242;870880.6873000001;0.5;107242;10246.6225;0.394384760982915;0;0.0
Goal_814;107242;290293.56243333337;0.16666666666666666;145059;477476.599;0.16666707523268753;3600;1.0
Goal_815;107242;290293.56243333337;0.2222222222222222;110295;627356.0597000001;0.23644242566320423;3600;1.0
Goal_843;107242;1161174.2497333335;0.1111111111111111;145076;1079481.6921;0.1110744604369424;15;0.0
Goal_845;107242;1161174.2497333335;0.2222222222222222;115214;1019791.5130000002;0.22193652499331573;4;0.0
Goal_816;107242;290293.56243333337;0.2777777777777778;99257;251799.8599;0.2855140034416987;3600;1.0
Goal_817;107242;290293.56243333337;0.3333333333333333;114054;335832.0214000001;0.33335855232287526;3600;1.0
Goal_844;107242;1161174.2497333335;0.16666666666666666;159315;1086353.2650000004;0.16595742014981885;25;0.0
Goal_849;107242;1161174.2497333335;0.4444444444444444;107242;14358.919;0.39422744947128924;0;0.0
Goal_850;107242;1161174.2497333335;0.5;107242;11740.5865;0.3941973858475202;0;0.0
Goal_848;107242;1161174.2497333335;0.38888888888888884;111444;444761.8327000001;0.38863184652276894;4;0.0
Goal_851;107242;1451467.8121666668;0.0;165935;1262612.4899000006;1.2819751242557094E-17;11;0.0
Goal_821;107242;580587.1248666667;0.0;162142;621927.0563;0.051549799201314826;3600;1.0
Goal_853;107242;1451467.8121666668;0.1111111111111111;148657;1451463.5747000002;0.10786789756673543;7;0.0
Goal_846;107242;1161174.2497333335;0.2777777777777778;162232;1059990.5911;0.12075188976495804;35;0.0
Goal_854;107242;1451467.8121666668;0.16666666666666666;137985;1147805.7875000003;0.15918436265669417;7;0.0
Goal_855;107242;1451467.8121666668;0.2222222222222222;156492;1200071.4104000002;0.21156887945305575;12;0.0
Goal_858;107242;1451467.8121666668;0.38888888888888884;109652;0.0;0.38426635585625935;2;0.0
Goal_859;107242;1451467.8121666668;0.4444444444444444;108806;0.0;0.4047298041821733;0;0.0
Goal_860;107242;1451467.8121666668;0.5;107242;14225.809500000001;0.39456305738333547;0;0.0
Goal_856;107242;1451467.8121666668;0.2777777777777778;153529;1447142.3291000004;0.27413403354695476;28;0.0
Goal_857;107242;1451467.8121666668;0.3333333333333333;107272;1349427.5493;0.32494267882621697;24;0.0
Goal_862;107242;1741761.3746000002;0.05555555555555555;164531;1629955.8479;0.03674880587722927;20;0.0
Goal_863;107242;1741761.3746000002;0.1111111111111111;160123;1277233.2608000003;0.10908451068662185;35;0.0
Goal_865;107242;1741761.3746000002;0.2222222222222222;107314;1553025.5351999996;0.2221890198594909;1;0.0
Goal_866;107242;1741761.3746000002;0.2777777777777778;165935;1741497.7918;9.678699938266252E-17;3;0.0
Goal_864;107242;1741761.3746000002;0.16666666666666666;122761;1608722.3724999996;0.1625648067012622;23;0.0
Goal_868;107242;1741761.3746000002;0.38888888888888884;108952;0.0;0.38426635585625857;3;0.0
Goal_869;107242;1741761.3746000002;0.4444444444444444;108806;0.0;0.40472980418217297;0;0.0
Goal_870;107242;1741761.3746000002;0.5;108806;0.0;0.4047298041821733;0;0.0
Goal_867;107242;1741761.3746000002;0.3333333333333333;121420;836835.5773;0.33300099976809555;32;0.0
Goal_847;107242;1161174.2497333335;0.3333333333333333;139378;1161159.1385000001;0.3106170985678456;150;0.0
Goal_871;107242;2032054.9370333336;0.0;165935;1144496.4072;6.5967305881345066E-15;75;0.0
Goal_873;107242;2032054.9370333336;0.1111111111111111;145752;1504542.1841000004;0.10378547958070432;38;0.0
Goal_872;107242;2032054.9370333336;0.05555555555555555;153480;996947.1481000001;0.053316270088858;54;0.0
Goal_875;107242;2032054.9370333336;0.2222222222222222;147612;1431310.8934;0.21934919366856512;3;0.0
Goal_876;107242;2032054.9370333336;0.2777777777777778;135764;1100183.0158000004;0.2774953557310914;9;0.0
Goal_878;107242;2032054.9370333336;0.38888888888888884;111063;0.0;0.3842663558562585;2;0.0
Goal_879;107242;2032054.9370333336;0.4444444444444444;107242;8559.076000000001;0.3942274494712903;0;0.0
Goal_880;107242;2032054.9370333336;0.5;107242;15374.293;0.39421902085113875;0;0.0
Goal_861;107242;1741761.3746000002;0.0;165935;1363665.8155000003;0.0;163;0.0
Goal_877;107242;2032054.9370333336;0.3333333333333333;130778;827500.4691000003;0.33287978336342383;20;0.0
Goal_874;107242;2032054.9370333336;0.16666666666666666;158291;1194600.8996000004;0.16477221877960577;34;0.0
Goal_883;107242;2322348.499466667;0.1111111111111111;146881;2314845.3518000003;0.07403076036606986;20;0.0
Goal_885;107242;2322348.499466667;0.2222222222222222;143761;2212498.1022999994;0.2222095873454893;4;0.0
Goal_884;107242;2322348.499466667;0.16666666666666666;137600;1975580.5104;0.16666348619279694;29;0.0
Goal_887;107242;2322348.499466667;0.3333333333333333;157187;1887707.5832999996;0.32437898429789846;49;0.0
Goal_886;107242;2322348.499466667;0.2777777777777778;152126;926975.7031999999;0.27777243255388223;60;0.0
Goal_889;107242;2322348.499466667;0.4444444444444444;108806;0.0;0.4047298041821733;0;0.0
Goal_888;107242;2322348.499466667;0.38888888888888884;110702;0.0;0.3842663558562585;2;0.0
Goal_890;107242;2322348.499466667;0.5;108806;0.0;0.4047298041821733;0;0.0
Goal_892;107242;2612642.0619;0.05555555555555555;154134;1878591.9932999995;0.05498562829317494;6;0.0
Goal_891;107242;2612642.0619;0.0;165935;1639731.8702000007;6.137970516806036E-15;8;0.0
Goal_894;107242;2612642.0619;0.16666666666666666;162804;2187061.2500000005;0.1635909417396992;1;0.0
Goal_895;107242;2612642.0619;0.2222222222222222;158060;1415788.8466;0.2222051215552825;6;0.0
Goal_842;107242;1161174.2497333335;0.05555555555555555;147715;996699.8911;0.05476891500171829;413;0.0
Goal_896;107242;2612642.0619;0.2777777777777778;158037;2588110.4597000005;0.27684097645075784;26;0.0
Goal_898;107242;2612642.0619;0.38888888888888884;107244;168967.65910000005;0.38884234596262973;5;0.0
Goal_899;107242;2612642.0619;0.4444444444444444;107242;10791.542;0.3942282824034776;0;0.0
Goal_900;107242;2612642.0619;0.5;108806;0.0;0.4047298041821733;0;0.0
Goal_897;107242;2612642.0619;0.3333333333333333;157106;1295005.3439000002;0.2149253513301884;46;0.0
Goal_822;107242;580587.1248666667;0.05555555555555555;160358;580574.7072000001;0.09373775211818221;3600;1.0
Goal_893;107242;2612642.0619;0.1111111111111111;141597;1269219.2361999995;0.11106437960783568;118;0.0
Goal_881;107242;2322348.499466667;0.0;165935;1426869.7278000002;0.0;345;0.0
Goal_832;107242;870880.6873000001;0.05555555555555555;164623;742191.2931999998;0.04497741577296983;1980;0.0
Goal_823;107242;580587.1248666667;0.1111111111111111;150888;577154.2017999998;0.1275108472977142;3600;1.0
Goal_907;99906;0.0;0.3333333333333333;100727;0.0;0.3328348205693371;32;0.0
Goal_908;99906;0.0;0.38888888888888884;100323;0.0;0.34706889012345493;0;0.0
Goal_909;99906;0.0;0.4444444444444444;100323;0.0;0.34706889012345493;0;0.0
Goal_910;99906;0.0;0.5;100323;0.0;0.34706889012345493;0;0.0
Goal_852;107242;1451467.8121666668;0.05555555555555555;165413;1234988.6338000004;0.048914909035442426;2204;0.0
Goal_841;107242;1161174.2497333335;0.0;165935;1046972.0402000002;0.0;3184;0.0
Goal_882;107242;2322348.499466667;0.05555555555555555;164849;1490988.1059;0.0024439061256438205;3344;0.0
Goal_901;99906;0.0;0.0;162523;613660.5247;0.054132890595764725;3600;0.28339460369825337
Goal_902;99906;0.0;0.05555555555555555;164492;650427.2220000001;0.0555578770046524;3600;0.375118906479064
Goal_903;99906;0.0;0.1111111111111111;150223;521581.3353;0.13212663602095034;3600;0.37373184552261707
Goal_904;99906;0.0;0.16666666666666666;157027;529971.8994;0.16668378321136526;3600;0.5467529130313389
Goal_918;99906;290293.56243333337;0.38888888888888884;100323;0.0;0.34706889012345493;0;0.0
Goal_919;99906;290293.56243333337;0.4444444444444444;100323;0.0;0.34706889012345493;0;0.0
Goal_920;99906;290293.56243333337;0.5;100323;0.0;0.34706889012345493;0;0.0
Goal_917;99906;290293.56243333337;0.3333333333333333;101051;64777.54340000001;0.3328385067542126;85;0.0
Goal_905;99906;0.0;0.2222222222222222;140915;466972.7365;0.2222224531112135;3600;0.8737698977084329
Goal_906;99906;0.0;0.2777777777777778;99350;150612.66830000002;0.27841441730392646;3600;1.0
Goal_924;99906;580587.1248666667;0.16666666666666666;150724;579432.8588000002;0.16627789924205175;62;0.0
Goal_911;99906;290293.56243333337;0.0;160895;583090.8317999999;0.07729214582082318;3600;0.6874666352378028
Goal_926;99906;580587.1248666667;0.2777777777777778;125278;571639.5191;0.27758233122117804;103;0.0
Goal_925;99906;580587.1248666667;0.2222222222222222;146562;537857.2919000001;0.22166120448043622;193;0.0
Goal_928;99906;580587.1248666667;0.38888888888888884;100323;0.0;0.34706889012345493;0;0.0
Goal_929;99906;580587.1248666667;0.4444444444444444;100323;0.0;0.34706889012345493;0;0.0
Goal_930;99906;580587.1248666667;0.5;100323;0.0;0.34706889012345493;0;0.0
Goal_927;99906;580587.1248666667;0.3333333333333333;101359;316050.5143;0.33328329183044014;68;0.0
Goal_932;99906;870880.6873000001;0.05555555555555555;165935;870871.5834;1.812986607347358E-17;3;0.0
Goal_933;99906;870880.6873000001;0.1111111111111111;162445;864377.3205000004;0.11027930298354191;30;0.0
Goal_923;99906;580587.1248666667;0.1111111111111111;155318;578580.8073999999;0.11081664381641285;807;0.0
Goal_934;99906;870880.6873000001;0.16666666666666666;115629;797655.2116;0.1657027788016498;36;0.0
Goal_935;99906;870880.6873000001;0.2222222222222222;132443;719898.1829;0.2221599516920516;82;0.0
Goal_936;99906;870880.6873000001;0.2777777777777778;122411;846944.0954999996;0.27511145809073806;53;0.0
Goal_937;99906;870880.6873000001;0.3333333333333333;100728;0.0;0.3333208683473021;3;0.0
Goal_938;99906;870880.6873000001;0.38888888888888884;100323;0.0;0.34706889012345493;0;0.0
Goal_939;99906;870880.6873000001;0.4444444444444444;100323;0.0;0.34706889012345493;0;0.0
Goal_940;99906;870880.6873000001;0.5;100323;0.0;0.34706889012345493;0;0.0
Goal_942;99906;1161174.2497333335;0.05555555555555555;165713;898842.0075000001;0.0019599685719936862;12;0.0
Goal_943;99906;1161174.2497333335;0.1111111111111111;160436;852247.3984000003;0.1076183934420906;537;0.0
Goal_944;99906;1161174.2497333335;0.16666666666666666;148362;992105.7129;0.16399847652461336;18;0.0
Goal_945;99906;1161174.2497333335;0.2222222222222222;106070;928720.8289999998;0.2221744139394828;15;0.0
Goal_946;99906;1161174.2497333335;0.2777777777777778;136279;986989.4299999998;0.27774759771828267;351;0.0
Goal_947;99906;1161174.2497333335;0.3333333333333333;99947;139348.2491;0.32996031056508485;31;0.0
Goal_948;99906;1161174.2497333335;0.38888888888888884;100323;0.0;0.34706889012345493;0;0.0
Goal_949;99906;1161174.2497333335;0.4444444444444444;100323;0.0;0.34706889012345493;0;0.0
Goal_950;99906;1161174.2497333335;0.5;100323;0.0;0.34706889012345493;0;0.0
Goal_941;99906;1161174.2497333335;0.0;165935;1055701.4158;0.0;2074;0.0
Goal_952;99906;1451467.8121666668;0.05555555555555555;165766;1001685.1365999999;0.03462289890901825;488;0.0
Goal_953;99906;1451467.8121666668;0.1111111111111111;145671;1132379.6045;0.10920079638853873;27;0.0
Goal_954;99906;1451467.8121666668;0.16666666666666666;160847;1358927.5517999998;0.16665154261027787;21;0.0
Goal_955;99906;1451467.8121666668;0.2222222222222222;104412;1111846.4729000004;0.22173773626923657;21;0.0
Goal_916;99906;290293.56243333337;0.2777777777777778;96314;198983.6078;0.2839842720499879;3600;1.0
Goal_922;99906;580587.1248666667;0.05555555555555555;156551;601337.4033000001;0.07839121091852351;3600;1.0
Goal_915;99906;290293.56243333337;0.2222222222222222;154531;507467.4681;0.2222089360911162;3600;1.0
Goal_931;99906;870880.6873000001;0.0;160978;832662.8097999998;0.09865842792591531;3600;1.0
Goal_914;99906;290293.56243333337;0.16666666666666666;139838;506757.8416;0.20056670102732127;3600;1.0
Goal_921;99906;580587.1248666667;0.0;160999;582450.4229;0.06414576099358364;3600;1.0
Goal_959;99906;1451467.8121666668;0.4444444444444444;100323;0.0;0.34706889012345493;0;0.0
Goal_958;99906;1451467.8121666668;0.38888888888888884;100323;0.0;0.34706889012345493;0;0.0
Goal_912;99906;290293.56243333337;0.05555555555555555;162358;608419.5282;0.07080901406609655;3600;0.7896149025558803
Goal_960;99906;1451467.8121666668;0.5;100323;0.0;0.34706889012345493;0;0.0
Goal_913;99906;290293.56243333337;0.1111111111111111;158908;541552.6347;0.11123847448207157;3602;0.828660803338144
Goal_957;99906;1451467.8121666668;0.3333333333333333;104027;436890.12309999997;0.33329565196125954;3;0.0
Goal_968;99906;1741761.3746000002;0.38888888888888884;100323;0.0;0.34706889012345493;0;0.0
Goal_967;99906;1741761.3746000002;0.3333333333333333;99956;335438.5649;0.3311317557325652;3;0.0
Goal_965;99906;1741761.3746000002;0.2222222222222222;102305;1648938.4365000005;0.22222424404326827;5;0.0
Goal_969;99906;1741761.3746000002;0.4444444444444444;100323;0.0;0.34706889012345493;0;0.0
Goal_970;99906;1741761.3746000002;0.5;100323;0.0;0.34706889012345493;0;0.0
Goal_961;99906;1741761.3746000002;0.0;165935;1384120.7653000003;1.0061283478778087E-14;9;0.0
Goal_972;99906;2032054.9370333336;0.05555555555555555;164527;1510043.7985;0.04861153338597328;2;0.0
Goal_974;99906;2032054.9370333336;0.16666666666666666;141608;1669628.4714999995;0.16666537811213353;6;0.0
Goal_964;99906;1741761.3746000002;0.16666666666666666;138671;1310873.7913;0.16553958523346407;19;0.0
Goal_973;99906;2032054.9370333336;0.1111111111111111;151711;1393470.2822;0.07305227129336556;22;0.0
Goal_976;99906;2032054.9370333336;0.2777777777777778;132872;1144700.4572;0.2774095775563233;15;0.0
Goal_978;99906;2032054.9370333336;0.38888888888888884;100323;0.0;0.34706889012345493;0;0.0
Goal_980;99906;2032054.9370333336;0.5;100323;0.0;0.34706889012345493;0;0.0
Goal_979;99906;2032054.9370333336;0.4444444444444444;100323;0.0;0.34706889012345493;0;0.0
Goal_982;99906;2322348.499466667;0.05555555555555555;165935;2307084.0294999997;0.0;2;0.0
Goal_983;99906;2322348.499466667;0.1111111111111111;158571;1495862.1897999998;0.11101096901774492;6;0.0
Goal_975;99906;2032054.9370333336;0.2222222222222222;140240;1985760.1709000005;0.21833203699095502;42;0.0
Goal_984;99906;2322348.499466667;0.16666666666666666;136736;1198134.9188;0.16651802619593592;18;0.0
Goal_963;99906;1741761.3746000002;0.1111111111111111;149950;1206710.3357000002;0.11045337013019423;84;0.0
Goal_966;99906;1741761.3746000002;0.2777777777777778;109016;1288461.7737000003;0.2777790729297027;86;0.0
Goal_987;99906;2322348.499466667;0.3333333333333333;99916;246005.7597;0.33323911345043644;3;0.0
Goal_985;99906;2322348.499466667;0.2222222222222222;108791;2166258.5853999997;0.21761747970112713;34;0.0
Goal_989;99906;2322348.499466667;0.4444444444444444;100323;0.0;0.34706889012345493;0;0.0
Goal_988;99906;2322348.499466667;0.38888888888888884;100323;0.0;0.34706889012345493;0;0.0
Goal_990;99906;2322348.499466667;0.5;100323;0.0;0.34706889012345493;0;0.0
Goal_986;99906;2322348.499466667;0.2777777777777778;138156;1759739.1929;0.2666780288726651;23;0.0
Goal_992;99906;2612642.0619;0.05555555555555555;165102;2064077.3044000003;0.01003145081314125;1;0.0
Goal_994;99906;2612642.0619;0.16666666666666666;155081;1223060.1349000004;0.1664799138986156;32;0.0
Goal_995;99906;2612642.0619;0.2222222222222222;139376;1368293.1868;0.2220474678717057;33;0.0
Goal_997;99906;2612642.0619;0.3333333333333333;99939;248921.77499999997;0.3328601279309097;3;0.0
Goal_998;99906;2612642.0619;0.38888888888888884;100323;0.0;0.34706889012345493;0;0.0
Goal_999;99906;2612642.0619;0.4444444444444444;100323;0.0;0.34706889012345493;0;0.0
Goal_1000;99906;2612642.0619;0.5;100323;0.0;0.34706889012345493;0;0.0
Goal_977;99906;2032054.9370333336;0.3333333333333333;101090;185444.3071;0.33036290347091785;117;0.0
Goal_991;99906;2612642.0619;0.0;165935;2192765.951699999;0.0;55;0.0
Goal_996;99906;2612642.0619;0.2777777777777778;102144;1309549.7640999998;0.2775376983210075;26;0.0
Goal_993;99906;2612642.0619;0.1111111111111111;154424;2080347.6400999997;0.11111225729625658;376;0.0
Goal_956;99906;1451467.8121666668;0.2777777777777778;130666;1438507.5467000003;0.2777583461523653;1914;0.0
Goal_951;99906;1451467.8121666668;0.0;164051;1251065.5603000002;0.03889001689310394;3600;1.0
Goal_962;99906;1741761.3746000002;0.05555555555555555;158090;1164920.0393;0.08242109611162991;3600;1.0
Goal_971;99906;2032054.9370333336;0.0;161703;2019631.3743;0.06103580428135617;3600;1.0
Goal_981;99906;2322348.499466667;0.0;155649;1977351.0151;0.09677648905645814;3600;1.0
