Goal_1;38301;0.0;0.0;28576;7398.59738304076;0.28464011446018866;2;0.0
Goal_2;38301;0.0;0.05555555555555555;28577;7419.680916027248;0.284640346109629;1;0.0
Goal_3;38301;0.0;0.1111111111111111;28578;7461.047883040759;0.2846234174115268;1;0.0
Goal_4;38301;0.0;0.16666666666666666;28573;7325.833683040761;0.28464901638259993;1;0.0
Goal_5;38301;0.0;0.2222222222222222;28577;7437.085350054272;0.2846249094927621;1;0.0
Goal_6;38301;0.0;0.2777777777777778;28575;7377.513850054272;0.284639969374351;2;0.0
Goal_7;38301;0.0;0.3333333333333333;30722;12184.958925081408;0.3374124647450161;2;0.0
Goal_8;38301;0.0;0.38888888888888884;32997;17360.68241748699;0.38888891878746285;1;0.0
Goal_9;38301;0.0;0.4444444444444444;34011;30976.477753392966;0.44443078600924946;0;0.0
Goal_10;38301;0.0;0.5;34627;43963.93407306958;0.46577048936179993;0;0.0
Goal_11;38301;79347.97266040639;0.0;29145;21799.07436473032;0.28899905524992064;9;0.0
Goal_12;38301;79347.97266040639;0.05555555555555555;29147;21853.633531743828;0.2890365060886215;12;0.0
Goal_13;38301;79347.97266040639;0.1111111111111111;29153;22002.629530703292;0.28915028887146327;10;0.0
Goal_14;38301;79347.97266040639;0.16666666666666666;29146;21820.23593174383;0.2890176932029237;11;0.0
Goal_15;38301;79347.97266040639;0.2222222222222222;29148;21874.717064730317;0.2890552997898484;13;0.0
Goal_16;38301;79347.97266040639;0.2777777777777778;29148;21874.717064730317;0.2890552997898484;7;0.0
Goal_17;38301;79347.97266040639;0.3333333333333333;33879;79347.6453280009;0.37109366465984206;196;0.0
Goal_18;38301;79347.97266040639;0.38888888888888884;34492;79336.39828814987;0.38888831500810656;16;0.0
Goal_19;38301;79347.97266040639;0.4444444444444444;35471;76485.49841333981;0.4444445651244119;1;0.0
Goal_20;38301;79347.97266040639;0.5;35848;79339.07607306956;0.47547406926968894;0;0.0
Goal_21;38301;158695.94532081278;0.0;29149;21895.800597716807;0.28907417750519127;28;0.0
Goal_22;38301;158695.94532081278;0.05555555555555555;29148;21874.717064730317;0.2890552997898484;46;0.0
Goal_23;38301;158695.94532081278;0.1111111111111111;29145;21794.140065770855;0.2889994719987492;26;0.0
Goal_24;38301;158695.94532081278;0.16666666666666666;29148;21874.717064730317;0.2890552997898484;19;0.0
Goal_25;38301;158695.94532081278;0.2222222222222222;29148;21874.717064730317;0.2890552997898484;20;0.0
Goal_26;38301;158695.94532081278;0.2777777777777778;29152;21951.82749667627;0.28913149714722824;37;3.5657794594423124E-16
Goal_27;38301;158695.94532081278;0.3333333333333333;34124;88609.2618134334;0.3742367576919886;189;0.0
Goal_29;38301;158695.94532081278;0.4444444444444444;36660;158696.5976546506;0.44444376282211406;56;0.0
Goal_30;38301;158695.94532081278;0.5;37280;158680.78007306956;0.49197766317051295;0;0.0
Goal_31;38301;238043.9179812192;0.0;29145;21799.07436473032;0.28899905524992064;20;0.0
Goal_32;38301;238043.9179812192;0.05555555555555555;29148;21899.267164730318;0.2890561132625068;44;0.0
Goal_33;38301;238043.9179812192;0.1111111111111111;29146;21832.47196473032;0.2890178871618768;20;0.0
Goal_34;38301;238043.9179812192;0.16666666666666666;29148;21874.717064730317;0.2890552997898484;25;0.0
Goal_35;38301;238043.9179812192;0.2222222222222222;29149;21890.78826473032;0.2890743838066175;19;0.0
Goal_36;38301;238043.9179812192;0.2777777777777778;29148;21874.717064730317;0.2890552997898484;93;0.0
Goal_28;38301;158695.94532081278;0.38888888888888884;34905;112841.03531905529;0.3888887989159417;776;0.0
Goal_38;38301;238043.9179812192;0.38888888888888884;34905;112978.3309839877;0.3888885164423778;98;0.0
Goal_39;38301;238043.9179812192;0.4444444444444444;37216;238042.32657559979;0.44444335502491883;7;0.0
Goal_40;38301;238043.9179812192;0.5;37665;188324.20697306955;0.5;0;0.0
Goal_41;38301;317391.89064162556;0.0;29147;21841.319464730317;0.28903649416641614;22;0.0
Goal_42;38301;317391.89064162556;0.05555555555555555;29148;21874.717064730317;0.2890552997898484;42;0.0
Goal_43;38301;317391.89064162556;0.1111111111111111;29144;21753.44073174383;0.2889806298625512;29;0.0
Goal_44;38301;317391.89064162556;0.16666666666666666;29151;21955.372097716805;0.2891121238212488;23;0.0
Goal_46;38301;317391.89064162556;0.2777777777777778;29148;21874.717064730317;0.2890552997898484;22;0.0
Goal_45;38301;317391.89064162556;0.2222222222222222;29148;21857.39066473032;0.28905559256123653;26;0.0
Goal_49;38301;317391.89064162556;0.4444444444444444;37329;253259.9655755998;0.44444383548737876;9;0.0
Goal_50;38301;317391.89064162556;0.5;38301;286684.2061755998;0.49792959773196915;0;0.0
Goal_51;38301;396739.86330203194;0.0;29148;21862.402997716803;0.28905537914854385;38;0.0
Goal_52;38301;396739.86330203194;0.05555555555555555;29148;21874.717064730317;0.2890552997898484;19;0.0
Goal_54;38301;396739.86330203194;0.16666666666666666;29150;21929.198197716803;0.28909316326763707;29;0.0
Goal_53;38301;396739.86330203194;0.1111111111111111;29147;21841.319464730317;0.28903649416641614;52;0.0
Goal_55;38301;396739.86330203194;0.2222222222222222;29148;21874.717064730317;0.2890552997898484;40;0.0
Goal_56;38301;396739.86330203194;0.2777777777777778;29151;21920.641263689784;0.2891124692528847;57;0.0
Goal_59;38301;396739.86330203194;0.4444444444444444;37329;252833.94777559978;0.44444496170400166;10;0.0
Goal_60;38301;396739.86330203194;0.5;38301;286684.2061755998;0.4979295977319692;0;1.0E100
Goal_61;38301;476087.8359624384;0.0;29146;21820.23593174383;0.2890176932029237;65;0.0
Goal_62;38301;476087.8359624384;0.05555555555555555;29147;21853.633531743828;0.2890365060886215;29;0.0
Goal_63;38301;476087.8359624384;0.1111111111111111;29143;21751.894965770854;0.2889615923181785;98;0.0
Goal_64;38301;476087.8359624384;0.16666666666666666;29151;21948.148397716806;0.28911238950886886;60;0.0
Goal_65;38301;476087.8359624384;0.2222222222222222;29149;21908.114664730318;0.2890742928303674;40;0.0
Goal_66;38301;476087.8359624384;0.2777777777777778;29146;21839.773698757344;0.2890180852153732;146;0.0
Goal_69;38301;476087.8359624384;0.4444444444444444;37329;253235.0673755998;0.44444350765293916;103;0.0
Goal_70;38301;476087.8359624384;0.5;38301;286684.2061755998;0.4979295977319692;0;0.0
Goal_68;38301;476087.8359624384;0.38888888888888884;34905;112734.8268860688;0.38888837000451904;236;0.0
Goal_58;38301;396739.86330203194;0.38888888888888884;34905;113176.93518502827;0.38888871680395204;836;0.0
Goal_71;38301;555435.8086228448;0.0;29147;21870.959931743833;0.2890368288696553;25;0.0
Goal_74;38301;555435.8086228448;0.16666666666666666;29148;21874.717064730317;0.2890552997898484;35;0.0
Goal_72;38301;555435.8086228448;0.05555555555555555;29150;21921.97449771681;0.2890931500155116;63;0.0
Goal_75;38301;555435.8086228448;0.2222222222222222;29148;21906.568898757345;0.28905668647541566;47;0.0
Goal_73;38301;555435.8086228448;0.1111111111111111;29149;21895.800597716807;0.28907417750519127;71;0.0
Goal_80;38301;555435.8086228448;0.5;38301;286684.2061755998;0.4979295977319692;0;0.0
Goal_76;38301;555435.8086228448;0.2777777777777778;29150;21904.648097716807;0.2890934350054406;28;0.0
Goal_79;38301;555435.8086228448;0.4444444444444444;37329;538137.4629209716;0.4444436705766448;19;0.0
Goal_82;38301;634783.7812832511;0.05555555555555555;29148;21874.717064730317;0.2890552997898484;38;0.0
Goal_48;38301;317391.89064162556;0.38888888888888884;34905;113206.9058169742;0.38888882878418984;1146;0.0
Goal_84;38301;634783.7812832511;0.16666666666666666;29149;21913.205031743833;0.28907448382751016;26;0.0
Goal_85;38301;634783.7812832511;0.2222222222222222;29149;21900.89096473032;0.28907428073981617;66;0.0
Goal_83;38301;634783.7812832511;0.1111111111111111;29149;21895.800597716807;0.28907417750519127;119;0.0
Goal_81;38301;634783.7812832511;0.0;29148;21874.717064730317;0.2890552997898484;154;0.0
Goal_86;38301;634783.7812832511;0.2777777777777778;29149;21895.800597716807;0.28907417750519127;98;0.0
Goal_90;38301;634783.7812832511;0.5;38301;286684.2061755998;0.4979295977319692;0;0.0
Goal_89;38301;634783.7812832511;0.4444444444444444;37329;253180.9154755998;0.4444444609574009;37;0.0
Goal_91;38301;714131.7539436575;0.0;29148;21874.717064730317;0.2890552997898484;48;0.0
Goal_92;38301;714131.7539436575;0.05555555555555555;29150;21916.884130703293;0.28909313921819174;41;0.0
Goal_94;38301;714131.7539436575;0.16666666666666666;29148;21874.717064730317;0.2890552997898484;67;0.0
Goal_93;38301;714131.7539436575;0.1111111111111111;29148;21874.717064730317;0.2890552997898484;96;0.0
Goal_88;38301;634783.7812832511;0.38888888888888884;34905;112894.21135100123;0.38888805671862514;183;0.0
Goal_96;38301;714131.7539436575;0.2777777777777778;29149;21908.114664730318;0.2890742928303674;64;0.0
Goal_47;38301;317391.89064162556;0.3333333333333333;34130;88862.0944804469;0.37432420794363586;1488;0.0
Goal_67;38301;476087.8359624384;0.3333333333333333;34125;88724.1489134334;0.37425136145997573;831;0.0
Goal_100;38301;714131.7539436575;0.5;38301;286684.2061755998;0.4979295977319692;0;0.0
Goal_101;37183;0.0;0.0;28577;7424.77128304076;0.28463580889601525;1;0.0
Goal_102;37183;0.0;0.05555555555555555;28576;7398.59738304076;0.28464011446018866;1;0.0
Goal_103;37183;0.0;0.1111111111111111;28579;7482.131416027248;0.2846236361025079;1;0.0
Goal_95;38301;714131.7539436575;0.2222222222222222;29151;21955.372097716805;0.2891121238212488;93;0.0
Goal_104;37183;0.0;0.16666666666666666;28574;7344.116250054271;0.2846509111263862;1;0.0
Goal_106;37183;0.0;0.2777777777777778;28578;7445.854816027248;0.28463603323601594;1;0.0
Goal_105;37183;0.0;0.2222222222222222;28578;7453.078516027248;0.28462958327265725;3;0.0
Goal_108;37183;0.0;0.38888888888888884;32997;17360.60438345997;0.3888897474558882;1;0.0
Goal_107;37183;0.0;0.3333333333333333;30724;12229.92695702736;0.3374107436711051;2;0.0
Goal_110;37183;0.0;0.5;34627;43963.93407306958;0.46577048936179993;0;0.0
Goal_109;37183;0.0;0.4444444444444444;34011;30976.477753392966;0.44443078600924946;0;0.0
Goal_99;38301;714131.7539436575;0.4444444444444444;37329;395813.6844982857;0.4444447325428376;23;0.0
Goal_111;37183;79347.97266040639;0.0;29151;21950.281730703293;0.28911211769800077;4;0.0
Goal_112;37183;79347.97266040639;0.05555555555555555;29148;21874.717064730317;0.2890552997898484;10;0.0
Goal_113;37183;79347.97266040639;0.1111111111111111;29148;21874.717064730317;0.2890552997898484;14;0.0
Goal_114;37183;79347.97266040639;0.16666666666666666;29149;21895.800597716807;0.28907417750519127;10;0.0
Goal_115;37183;79347.97266040639;0.2222222222222222;29151;21955.372097716805;0.2891121238212488;11;0.0
Goal_116;37183;79347.97266040639;0.2777777777777778;29149;21895.800597716807;0.28907417750519127;7;0.0
Goal_98;38301;714131.7539436575;0.38888888888888884;34905;112682.9142530823;0.3888883314262281;52;0.0
Goal_120;37183;79347.97266040639;0.5;35848;79339.07607306956;0.47547406926968894;0;0.0
Goal_119;37183;79347.97266040639;0.4444444444444444;35471;76353.35561125874;0.4444424391022411;3;0.0
Goal_57;38301;396739.86330203194;0.3333333333333333;34125;88673.60048044691;0.3742511544659396;1390;0.0
Goal_118;37183;79347.97266040639;0.38888888888888884;34492;79336.52015308231;0.3888887134902506;27;0.0
Goal_121;37183;158695.94532081278;0.0;29148;21874.717064730317;0.2890552997898484;23;0.0
Goal_122;37183;158695.94532081278;0.05555555555555555;29150;21916.96216473032;0.28909334784022356;25;0.0
Goal_123;37183;158695.94532081278;0.1111111111111111;29148;21874.717064730317;0.2890552997898484;18;0.0
Goal_124;37183;158695.94532081278;0.16666666666666666;29147;21853.633531743828;0.2890365060886215;12;0.0
Goal_126;37183;158695.94532081278;0.2777777777777778;29148;21874.717064730317;0.2890552997898484;14;0.0
Goal_125;37183;158695.94532081278;0.2222222222222222;29148;21869.704731743834;0.2890556001764275;22;0.0
Goal_130;37183;158695.94532081278;0.5;37280;158680.78007306956;0.49197766317051655;0;0.0
Goal_131;37183;238043.9179812192;0.0;29148;21869.626697716805;0.2890554720304789;30;0.0
Goal_129;37183;158695.94532081278;0.4444444444444444;36660;158689.66424944793;0.4444438746334132;46;0.0
Goal_132;37183;238043.9179812192;0.05555555555555555;29150;21934.28856473032;0.2890932618218143;18;0.0
Goal_117;37183;79347.97266040639;0.3333333333333333;33879;79347.6453280009;0.37109366465984206;124;0.0
Goal_134;37183;238043.9179812192;0.16666666666666666;29147;21841.319464730317;0.28903649416641614;16;0.0
Goal_133;37183;238043.9179812192;0.1111111111111111;29148;21874.717064730317;0.2890552997898484;44;6.247051081313112E-7
Goal_136;37183;238043.9179812192;0.2777777777777778;29151;21950.281730703293;0.28911211769800077;31;0.0
Goal_135;37183;238043.9179812192;0.2222222222222222;29148;21874.717064730317;0.2890552997898484;45;0.0
Goal_139;37183;238043.9179812192;0.4444444444444444;37183;238043.58687559978;0.4443937188343227;2;0.0
Goal_140;37183;238043.9179812192;0.5;37222;237422.2314755998;0.49792959773196926;0;1.0E100
Goal_141;37183;317391.89064162556;0.0;29144;21777.99083174383;0.2889802358151128;19;0.0
Goal_128;37183;158695.94532081278;0.38888888888888884;34905;112605.91074996069;0.38888825718372794;177;0.0
Goal_142;37183;317391.89064162556;0.05555555555555555;29148;21874.717064730317;0.2890552997898484;28;0.0
Goal_143;37183;317391.89064162556;0.1111111111111111;29148;21874.717064730317;0.2890552997898484;17;0.0
Goal_144;37183;317391.89064162556;0.16666666666666666;29147;21841.319464730317;0.28903649416641614;32;0.0
Goal_145;37183;317391.89064162556;0.2222222222222222;29147;21853.633531743828;0.2890365060886215;16;0.0
Goal_138;37183;238043.9179812192;0.38888888888888884;34905;112936.01811905528;0.38888886602301526;113;0.0
Goal_146;37183;317391.89064162556;0.2777777777777778;29147;21853.633531743828;0.2890365060886215;19;0.0
Goal_149;37183;317391.89064162556;0.4444444444444444;37183;257108.27767872135;0.444443958720655;0;0.0
Goal_150;37183;317391.89064162556;0.5;37183;254794.6112755998;0.4836812050434895;0;0.0
Goal_151;37183;396739.86330203194;0.0;29147;21841.319464730317;0.28903649416641614;64;0.0
Goal_152;37183;396739.86330203194;0.05555555555555555;29148;21874.717064730317;0.2890552997898484;30;0.0
Goal_153;37183;396739.86330203194;0.1111111111111111;29152;21971.443297716807;0.28913116646508497;47;0.0
Goal_154;37183;396739.86330203194;0.16666666666666666;29151;21945.26939771681;0.2891122228226719;22;0.0
Goal_97;38301;714131.7539436575;0.3333333333333333;34125;88655.62378044691;0.3742511389356749;565;2.3934824271782017E-9
Goal_155;37183;396739.86330203194;0.2222222222222222;29149;21908.114664730318;0.2890742928303674;20;0.0
Goal_156;37183;396739.86330203194;0.2777777777777778;29148;21874.717064730317;0.2890552997898484;21;0.0
Goal_127;37183;158695.94532081278;0.3333333333333333;34129;88760.0937134334;0.37430935926461534;456;0.0
Goal_159;37183;396739.86330203194;0.4444444444444444;37183;391700.5740982857;0.4424664670412991;0;0.0
Goal_160;37183;396739.86330203194;0.5;37183;254794.6112755998;0.4836812050434895;0;0.0
Goal_161;37183;476087.8359624384;0.0;29150;21929.198197716803;0.28909316326763707;28;0.0
Goal_162;37183;476087.8359624384;0.05555555555555555;29148;21874.717064730317;0.2890552997898484;54;0.0
Goal_163;37183;476087.8359624384;0.1111111111111111;29150;21916.96216473032;0.28909334784022356;24;0.0
Goal_164;37183;476087.8359624384;0.16666666666666666;29149;21895.800597716807;0.28907417750519127;57;0.0
Goal_165;37183;476087.8359624384;0.2222222222222222;29148;21874.717064730317;0.2890552997898484;29;8.445046746308875E-7
Goal_166;37183;476087.8359624384;0.2777777777777778;29147;21875.972264730317;0.28903736006996156;13;0.0
Goal_148;37183;317391.89064162556;0.38888888888888884;34905;112631.75241801474;0.3888878870640507;467;0.0
Goal_87;38301;634783.7812832511;0.3333333333333333;34127;88722.99124641989;0.37428045296171825;1061;0.0
Goal_169;37183;476087.8359624384;0.4444444444444444;37183;392132.8052982857;0.4444386652634829;2;0.0
Goal_170;37183;476087.8359624384;0.5;37183;254794.6112755998;0.4836812050434895;0;0.0
Goal_171;37183;555435.8086228448;0.0;29149;21905.90329771681;0.289074495102841;44;0.0
Goal_172;37183;555435.8086228448;0.05555555555555555;29148;21874.717064730317;0.2890552997898484;60;0.0
Goal_173;37183;555435.8086228448;0.1111111111111111;29149;21895.800597716807;0.28907417750519127;26;0.0
Goal_174;37183;555435.8086228448;0.16666666666666666;29149;21883.564564730317;0.2890745685397876;41;0.0
Goal_175;37183;555435.8086228448;0.2222222222222222;29145;21811.388431743835;0.288999074993189;46;0.0
Goal_176;37183;555435.8086228448;0.2777777777777778;29146;21820.23593174383;0.2890176932029237;14;0.0
Goal_137;37183;238043.9179812192;0.3333333333333333;34127;88690.56714641987;0.3742802799127332;1098;0.0
Goal_167;37183;476087.8359624384;0.3333333333333333;34128;88767.14184641988;0.37429485560845727;744;0.0
Goal_179;37183;555435.8086228448;0.4444444444444444;37183;257039.2809755998;0.4442456569600871;2;0.0
Goal_180;37183;555435.8086228448;0.5;37183;254794.6112755998;0.4836812050434895;0;0.0
Goal_37;38301;238043.9179812192;0.3333333333333333;34126;88664.39324641987;0.3742657210053325;3600;0.0015278239095859972
Goal_168;37183;476087.8359624384;0.38888888888888884;34905;113052.98212009582;0.38888875872194084;778;0.0
Goal_183;37183;634783.7812832511;0.1111111111111111;29147;21858.64586473032;0.2890366179370011;29;0.0
Goal_182;37183;634783.7812832511;0.05555555555555555;29148;21887.03113174383;0.28905550640264177;80;0.0
Goal_181;37183;634783.7812832511;0.0;29147;21841.319464730317;0.28903649416641614;107;0.0
Goal_185;37183;634783.7812832511;0.2222222222222222;29146;21854.888731743828;0.28901855357883577;21;0.0
Goal_186;37183;634783.7812832511;0.2777777777777778;29149;21895.800597716807;0.28907417750519127;20;0.0
Goal_184;37183;634783.7812832511;0.16666666666666666;29148;21874.717064730317;0.2890552997898484;84;0.0
Goal_189;37183;634783.7812832511;0.4444444444444444;37185;256849.38647559978;0.4443251930643749;0;0.0
Goal_190;37183;634783.7812832511;0.5;37183;254794.6112755998;0.4836812050434895;0;0.0
Goal_191;37183;714131.7539436575;0.0;29148;21874.717064730317;0.2890552997898484;30;0.0
Goal_188;37183;634783.7812832511;0.38888888888888884;34905;113088.17511593369;0.3888884307606211;113;0.0
Goal_193;37183;714131.7539436575;0.1111111111111111;29149;21900.89096473032;0.28907428073981617;32;0.0
Goal_194;37183;714131.7539436575;0.16666666666666666;29147;21853.633531743828;0.2890365060886215;38;0.0
Goal_192;37183;714131.7539436575;0.05555555555555555;29152;21971.443297716807;0.28913116646508497;125;0.0
Goal_195;37183;714131.7539436575;0.2222222222222222;29153;21985.303130703294;0.28915036434059693;19;0.0
Goal_196;37183;714131.7539436575;0.2777777777777778;29146;21820.23593174383;0.2890176932029237;16;4.0281388578327757E-16
Goal_177;37183;555435.8086228448;0.3333333333333333;34132;88823.34431239284;0.3743532761405092;858;0.0
Goal_199;37183;714131.7539436575;0.4444444444444444;37221;682158.992710671;0.44438396694444876;2;0.0
Goal_200;37183;714131.7539436575;0.5;37183;254794.6112755998;0.4836812050434895;0;0.0
Goal_201;36066;0.0;0.0;28580;7510.438649013735;0.2846169230483848;3;0.0
Goal_202;36066;0.0;0.05555555555555555;28576;7398.59738304076;0.28464011446018866;1;0.0
Goal_203;36066;0.0;0.1111111111111111;28577;7424.77128304076;0.28463580889601525;1;0.0
Goal_204;36066;0.0;0.16666666666666666;28575;7377.513850054272;0.284639969374351;1;0.0
Goal_205;36066;0.0;0.2222222222222222;28577;7429.783616027247;0.28463141299146416;1;0.0
Goal_206;36066;0.0;0.2777777777777778;28583;7563.664582000223;0.2846268722416886;1;0.0
Goal_207;36066;0.0;0.3333333333333333;30726;12269.29305702736;0.33741289055968254;2;0.0
Goal_208;36066;0.0;0.38888888888888884;32997;17360.68241748699;0.38888891878746285;1;0.0
Goal_209;36066;0.0;0.4444444444444444;34011;30976.477753392966;0.44443078600924946;0;0.0
Goal_210;36066;0.0;0.5;34627;43963.93407306958;0.46577048936179993;0;0.0
Goal_211;36066;79347.97266040639;0.0;29149;21895.800597716807;0.28907417750519127;10;0.0
Goal_212;36066;79347.97266040639;0.05555555555555555;29147;21863.73623174383;0.28903682046923673;8;0.0
Goal_213;36066;79347.97266040639;0.1111111111111111;29151;21937.967663689782;0.2891121849123229;10;0.0
Goal_214;36066;79347.97266040639;0.16666666666666666;29148;21874.717064730317;0.2890552997898484;14;0.0
Goal_215;36066;79347.97266040639;0.2222222222222222;29148;21874.717064730317;0.2890552997898484;17;0.0
Goal_216;36066;79347.97266040639;0.2777777777777778;29148;21874.717064730317;0.2890552997898484;11;0.0
Goal_217;36066;79347.97266040639;0.3333333333333333;33879;79347.92326098739;0.37109387590554005;68;0.0
Goal_218;36066;79347.97266040639;0.38888888888888884;34492;79334.74278710934;0.3888885981338083;11;0.0
Goal_219;36066;79347.97266040639;0.4444444444444444;35471;76460.71421125875;0.4444439579528765;4;0.0
Goal_220;36066;79347.97266040639;0.5;35848;79339.07607306956;0.47547406926968894;0;0.0
Goal_221;36066;158695.94532081278;0.0;29150;21916.884130703293;0.28909313921819174;20;0.0
Goal_222;36066;158695.94532081278;0.05555555555555555;29145;21799.152398757342;0.2889989762744641;14;0.0
Goal_223;36066;158695.94532081278;0.1111111111111111;29152;21971.365263689782;0.28913115610493956;23;0.0
Goal_224;36066;158695.94532081278;0.16666666666666666;29149;21895.800597716807;0.28907417750519127;33;0.0
Goal_225;36066;158695.94532081278;0.2222222222222222;29143;21774.311732784365;0.28896190722035764;12;0.0
Goal_226;36066;158695.94532081278;0.2777777777777778;29149;21895.800597716807;0.28907417750519127;10;0.0
Goal_77;38301;555435.8086228448;0.3333333333333333;34126;88641.92421343338;0.3742659321467459;2654;0.0
Goal_228;36066;158695.94532081278;0.38888888888888884;34905;112529.24482009582;0.38888870516177826;123;0.0
Goal_229;36066;158695.94532081278;0.4444444444444444;36115;157306.7672730696;0.44431418176902604;0;0.0
Goal_230;36066;158695.94532081278;0.5;36244;92807.02627827226;0.4904730233013696;0;1.0E100
Goal_231;36066;238043.9179812192;0.0;29148;21874.717064730317;0.2890552997898484;21;0.0
Goal_232;36066;238043.9179812192;0.05555555555555555;29147;21853.633531743828;0.2890365060886215;36;0.0
Goal_158;37183;396739.86330203194;0.38888888888888884;34905;112994.48001801476;0.3888879894453468;1925;0.0
Goal_234;36066;238043.9179812192;0.16666666666666666;29148;21874.717064730317;0.2890552997898484;15;0.0
Goal_233;36066;238043.9179812192;0.1111111111111111;29148;21874.717064730317;0.2890552997898484;37;0.0
Goal_235;36066;238043.9179812192;0.2222222222222222;29145;21806.376098757344;0.28899906568630107;14;0.0
Goal_236;36066;238043.9179812192;0.2777777777777778;29151;21955.372097716805;0.2891121238212488;15;0.0
Goal_197;37183;714131.7539436575;0.3333333333333333;34126;88676.7073134334;0.37426566102566533;683;0.0
Goal_239;36066;238043.9179812192;0.4444444444444444;36909;234652.48398735633;0.4432001759295757;0;0.0
Goal_240;36066;238043.9179812192;0.5;36244;92807.02627827226;0.4904730233013696;0;1.0E100
Goal_241;36066;317391.89064162556;0.0;29151;21938.045697716807;0.2891122070429698;20;0.0
Goal_178;37183;555435.8086228448;0.38888888888888884;34905;113086.00155308231;0.3888883760001647;1287;0.0
Goal_242;36066;317391.89064162556;0.05555555555555555;29148;21874.717064730317;0.2890552997898484;41;0.0
Goal_243;36066;317391.89064162556;0.1111111111111111;29149;21908.114664730318;0.2890742928303674;22;0.0
Goal_244;36066;317391.89064162556;0.16666666666666666;29146;21837.56233174383;0.28901781418957223;28;3.298203120884165E-7
Goal_245;36066;317391.89064162556;0.2222222222222222;29148;21874.717064730317;0.2890552997898484;28;0.0
Goal_246;36066;317391.89064162556;0.2777777777777778;29148;21874.717064730317;0.2890552997898484;18;0.0
Goal_187;37183;634783.7812832511;0.3333333333333333;34126;88722.2434134334;0.37426570155474576;1073;0.0
Goal_249;36066;317391.89064162556;0.4444444444444444;36175;127765.12767306958;0.44349681056472834;0;0.0
Goal_250;36066;317391.89064162556;0.5;36267;93332.67047306956;0.49166608301781656;0;1.0E100
Goal_157;37183;396739.86330203194;0.3333333333333333;34128;88761.4792134334;0.37429488065348293;2212;0.0
Goal_251;36066;396739.86330203194;0.0;29151;21927.942997716804;0.28911272744756855;32;0.0
Goal_252;36066;396739.86330203194;0.05555555555555555;29151;21943.058030703294;0.28911210328445686;29;0.0
Goal_253;36066;396739.86330203194;0.1111111111111111;29152;21966.352930703295;0.289131167175626;31;0.0
Goal_255;36066;396739.86330203194;0.2222222222222222;29146;21807.921864730317;0.2890178759966548;25;0.0
Goal_254;36066;396739.86330203194;0.16666666666666666;29150;21921.97449771681;0.2890931500155116;45;0.0
Goal_248;36066;317391.89064162556;0.38888888888888884;34905;112930.60928502826;0.3888888883175277;193;0.0
Goal_256;36066;396739.86330203194;0.2777777777777778;29147;21848.621198757344;0.2890369005724981;46;0.0
Goal_259;36066;396739.86330203194;0.4444444444444444;36123;197750.14599838303;0.4440937894081399;0;0.0
Goal_260;36066;396739.86330203194;0.5;36267;93332.67047306956;0.49166608301781656;0;0.0
Goal_261;36066;476087.8359624384;0.0;29149;21895.800597716807;0.28907417750519127;27;0.0
Goal_238;36066;238043.9179812192;0.38888888888888884;34905;112603.72951489314;0.3888888556253964;405;0.0
Goal_262;36066;476087.8359624384;0.05555555555555555;29148;21874.717064730317;0.2890552997898484;23;0.0
Goal_264;36066;476087.8359624384;0.16666666666666666;29148;21874.717064730317;0.2890552997898484;16;0.0
Goal_263;36066;476087.8359624384;0.1111111111111111;29148;21874.717064730317;0.2890552997898484;49;0.0
Goal_266;36066;476087.8359624384;0.2777777777777778;29149;21883.486530703292;0.28907434813284005;21;0.0
Goal_265;36066;476087.8359624384;0.2222222222222222;29147;21878.18363174383;0.28903731565978585;52;0.0
Goal_257;36066;396739.86330203194;0.3333333333333333;34127;88690.56714641987;0.3742802799127332;305;0.0
Goal_269;36066;476087.8359624384;0.4444444444444444;36201;134450.85794112363;0.44442100878362434;0;0.0
Goal_270;36066;476087.8359624384;0.5;36267;93332.67047306956;0.49166608301781656;0;0.0
Goal_271;36066;555435.8086228448;0.0;29148;21874.717064730317;0.2890552997898484;71;0.0
Goal_78;38301;555435.8086228448;0.38888888888888884;34905;113209.74848814987;0.38888864563344605;3600;0.007232514104779223
Goal_272;36066;555435.8086228448;0.05555555555555555;29148;21857.39066473032;0.28905559256123653;33;0.0
Goal_273;36066;555435.8086228448;0.1111111111111111;29147;21841.319464730317;0.28903649416641614;30;0.0
Goal_275;36066;555435.8086228448;0.2222222222222222;29149;21895.800597716807;0.28907417750519127;35;0.0
Goal_276;36066;555435.8086228448;0.2777777777777778;29148;21874.717064730317;0.2890552997898484;11;0.0
Goal_258;36066;396739.86330203194;0.38888888888888884;34905;112449.73351801475;0.38888836428960244;441;0.0
Goal_274;36066;555435.8086228448;0.16666666666666666;29150;21916.884130703293;0.28909313921819174;91;0.0
Goal_279;36066;555435.8086228448;0.4444444444444444;36856;243465.3175755998;0.44439747303368643;0;1.0E100
Goal_280;36066;555435.8086228448;0.5;36267;93332.67047306956;0.49166608301781656;0;0.0
Goal_281;36066;634783.7812832511;0.0;29148;21874.717064730317;0.2890552997898484;33;0.0
Goal_147;37183;317391.89064162556;0.3333333333333333;34128;88736.2788134334;0.37429488611965944;3058;0.0
Goal_283;36066;634783.7812832511;0.1111111111111111;29147;21868.74856473032;0.2890373530360757;31;0.0
Goal_278;36066;555435.8086228448;0.38888888888888884;34905;112624.70012009582;0.38888766194800384;138;0.0
Goal_284;36066;634783.7812832511;0.16666666666666666;29147;21853.633531743828;0.2890365060886215;35;0.0
Goal_286;36066;634783.7812832511;0.2777777777777778;29148;21874.717064730317;0.2890552997898484;12;0.0
Goal_285;36066;634783.7812832511;0.2222222222222222;29150;21929.198197716803;0.28909316326763707;39;0.0
Goal_282;36066;634783.7812832511;0.05555555555555555;29147;21853.633531743828;0.2890365060886215;131;0.0
Goal_289;36066;634783.7812832511;0.4444444444444444;36080;261054.4543755998;0.4444439430456746;0;0.0
Goal_290;36066;634783.7812832511;0.5;36267;93332.67047306956;0.49166608301781656;0;0.0
Goal_247;36066;317391.89064162556;0.3333333333333333;34126;88677.35761343339;0.37426601329564196;899;0.0
Goal_291;36066;714131.7539436575;0.0;29146;21825.24826473032;0.2890177979598057;84;0.0
Goal_292;36066;714131.7539436575;0.05555555555555555;29147;21853.633531743828;0.2890365060886215;96;0.0
Goal_293;36066;714131.7539436575;0.1111111111111111;29147;21829.005397716806;0.2890367682342602;82;0.0
Goal_295;36066;714131.7539436575;0.2222222222222222;29148;21874.717064730317;0.2890552997898484;21;3.453703945858554E-16
Goal_294;36066;714131.7539436575;0.16666666666666666;29150;21921.97449771681;0.2890931500155116;66;0.0
Goal_296;36066;714131.7539436575;0.2777777777777778;29149;21883.486530703292;0.28907434813284005;15;0.0
Goal_287;36066;634783.7812832511;0.3333333333333333;34124;88665.03091343338;0.37423674537298796;391;0.0
Goal_299;36066;714131.7539436575;0.4444444444444444;36135;306963.9602755998;0.4423254534267057;0;0.0
Goal_300;36066;714131.7539436575;0.5;36267;93332.67047306956;0.49166608301781656;0;0.0
Goal_301;34949;0.0;0.0;28579;7479.252416027248;0.2846252593563115;1;0.0
Goal_302;34949;0.0;0.05555555555555555;28576;7398.59738304076;0.28464011446018866;1;0.0
Goal_303;34949;0.0;0.1111111111111111;28576;7398.59738304076;0.28464011446018866;1;0.0
Goal_304;34949;0.0;0.16666666666666666;28578;7458.16888304076;0.28462504114043463;1;0.0
Goal_305;34949;0.0;0.2222222222222222;28576;7410.911450054272;0.2846292187881852;1;0.0
Goal_306;34949;0.0;0.2777777777777778;28576;7408.70008304076;0.2846311796803215;1;0.0
Goal_307;34949;0.0;0.3333333333333333;30726;12274.383424040872;0.33740890744905305;1;0.0
Goal_308;34949;0.0;0.38888888888888884;32997;17360.68241748699;0.38888891878746285;0;0.0
Goal_309;34949;0.0;0.4444444444444444;34011;30976.477753392966;0.44443078600924946;0;0.0
Goal_310;34949;0.0;0.5;34627;43963.93407306958;0.46577048936179993;0;0.0
Goal_311;34949;79347.97266040639;0.0;29148;21874.717064730317;0.2890552997898484;4;0.0
Goal_312;34949;79347.97266040639;0.05555555555555555;29146;21820.23593174383;0.2890176932029237;9;0.0
Goal_313;34949;79347.97266040639;0.1111111111111111;29151;21943.058030703294;0.28911210328445686;12;0.0
Goal_314;34949;79347.97266040639;0.16666666666666666;29145;21781.74796473032;0.28899913824531637;3;0.0
Goal_315;34949;79347.97266040639;0.2222222222222222;29146;21862.190465770855;0.28901870467372454;8;0.0
Goal_316;34949;79347.97266040639;0.2777777777777778;29148;21874.717064730317;0.2890552997898484;7;0.0
Goal_288;36066;634783.7812832511;0.38888888888888884;34905;113120.72515204178;0.38888844657224125;514;0.0
Goal_318;34949;79347.97266040639;0.38888888888888884;34492;79341.0456221769;0.3888881998768381;15;0.0
Goal_319;34949;79347.97266040639;0.4444444444444444;34949;61848.22884840738;0.4439853062419967;0;0.0
Goal_320;34949;79347.97266040639;0.5;34949;73812.40237306958;0.4607466605869551;0;1.0E100
Goal_317;34949;79347.97266040639;0.3333333333333333;33880;79345.7398280009;0.37110848445387196;85;0.0
Goal_321;34949;158695.94532081278;0.0;29150;21902.436730703295;0.2890939873641559;26;0.0
Goal_322;34949;158695.94532081278;0.05555555555555555;29146;21807.921864730317;0.2890178759966548;32;0.0
Goal_323;34949;158695.94532081278;0.1111111111111111;29150;21921.896463689784;0.2890935332227606;17;0.0
Goal_325;34949;158695.94532081278;0.2222222222222222;29148;21869.704731743834;0.2890556001764275;12;0.0
Goal_324;34949;158695.94532081278;0.16666666666666666;29149;21895.800597716807;0.28907417750519127;28;0.0
Goal_326;34949;158695.94532081278;0.2777777777777778;29148;21874.717064730317;0.2890552997898484;5;0.0
Goal_237;36066;238043.9179812192;0.3333333333333333;34127;88730.16268044691;0.374280600354178;1617;3.3417398481438653E-7
Goal_329;34949;158695.94532081278;0.4444444444444444;35081;129440.70882824791;0.4433698512133805;0;0.0
Goal_330;34949;158695.94532081278;0.5;34949;87795.6454115694;0.45151606722959914;0;1.0E100
Goal_331;34949;238043.9179812192;0.0;29151;21955.372097716805;0.2891121238212488;21;0.0
Goal_297;36066;714131.7539436575;0.3333333333333333;34125;88655.62378044691;0.3742511389356749;431;0.0
Goal_227;36066;158695.94532081278;0.3333333333333333;34125;88643.30971343338;0.37425112841686753;1912;0.0
Goal_332;34949;238043.9179812192;0.05555555555555555;29149;21900.89096473032;0.28907428073981617;23;0.0
Goal_333;34949;238043.9179812192;0.1111111111111111;29148;21874.717064730317;0.2890552997898484;23;0.0
Goal_334;34949;238043.9179812192;0.16666666666666666;29148;21874.717064730317;0.2890552997898484;11;0.0
Goal_336;34949;238043.9179812192;0.2777777777777778;29149;21908.114664730318;0.2890742928303674;6;0.0
Goal_335;34949;238043.9179812192;0.2222222222222222;29148;21874.717064730317;0.2890552997898484;14;0.0
Goal_339;34949;238043.9179812192;0.4444444444444444;34949;201048.2509755998;0.44438803885127265;0;0.0
Goal_340;34949;238043.9179812192;0.5;34949;139989.41827559978;0.4585852014875826;0;0.0
Goal_341;34949;317391.89064162556;0.0;29147;21841.319464730317;0.28903649416641614;24;0.0
Goal_342;34949;317391.89064162556;0.05555555555555555;29151;21950.281730703293;0.28911211769800077;21;0.0
Goal_343;34949;317391.89064162556;0.1111111111111111;29148;21852.37833174383;0.28905631227206785;15;0.0
Goal_344;34949;317391.89064162556;0.16666666666666666;29148;21857.39066473032;0.28905559256123653;10;0.0
Goal_345;34949;317391.89064162556;0.2222222222222222;29149;21913.205031743833;0.28907448382751016;13;0.0
Goal_346;34949;317391.89064162556;0.2777777777777778;29147;21834.09576473032;0.2890368808314061;10;0.0
Goal_338;34949;238043.9179812192;0.38888888888888884;34905;112852.42478814986;0.38888780714915855;173;0.0
Goal_328;34949;158695.94532081278;0.38888888888888884;34905;113211.76161905528;0.3888882323520962;302;0.0
Goal_349;34949;317391.89064162556;0.4444444444444444;34952;268514.4151850694;0.4444221509094332;0;0.0
Goal_350;34949;317391.89064162556;0.5;34949;107001.77248184301;0.4624211183073508;0;0.0
Goal_348;34949;317391.89064162556;0.38888888888888884;34905;112800.83591801474;0.3888883752512717;52;0.0
Goal_298;36066;714131.7539436575;0.38888888888888884;34905;112919.99591905529;0.3888882665397259;707;0.0
Goal_352;34949;396739.86330203194;0.05555555555555555;29148;21869.626697716805;0.2890554720304789;34;0.0
Goal_353;34949;396739.86330203194;0.1111111111111111;29144;21780.12416473032;0.28898122701963125;25;0.0
Goal_354;34949;396739.86330203194;0.16666666666666666;29149;21890.78826473032;0.2890743838066175;15;0.0
Goal_351;34949;396739.86330203194;0.0;29152;21959.129230703293;0.28913115023474717;70;0.0
Goal_355;34949;396739.86330203194;0.2222222222222222;29149;21895.800597716807;0.28907417750519127;14;0.0
Goal_356;34949;396739.86330203194;0.2777777777777778;29148;21874.717064730317;0.2890552997898484;13;0.0
Goal_359;34949;396739.86330203194;0.4444444444444444;34949;369451.55492346064;0.44216278839043305;0;0.0
Goal_360;34949;396739.86330203194;0.5;34949;142805.5278755998;0.46056627366394437;0;0.0
Goal_267;36066;476087.8359624384;0.3333333333333333;34124;88667.76228044691;0.3742366379783779;1484;0.0
Goal_361;34949;476087.8359624384;0.0;29151;21974.909864730318;0.28911284101455464;25;0.0
Goal_362;34949;476087.8359624384;0.05555555555555555;29148;21874.717064730317;0.2890552997898484;26;0.0
Goal_364;34949;476087.8359624384;0.16666666666666666;29145;21793.98399771681;0.28899949154777455;7;0.0
Goal_363;34949;476087.8359624384;0.1111111111111111;29148;21874.717064730317;0.2890552997898484;34;0.0
Goal_365;34949;476087.8359624384;0.2222222222222222;29146;21830.338631743834;0.2890180051801147;23;0.0
Goal_366;34949;476087.8359624384;0.2777777777777778;29148;21874.717064730317;0.2890552997898484;8;0.0
Goal_347;34949;317391.89064162556;0.3333333333333333;34133;88871.78734641988;0.37436784531066114;412;4.6889851397520563E-7
Goal_369;34949;476087.8359624384;0.4444444444444444;34949;211243.15314008307;0.4444414854770765;0;0.0
Goal_370;34949;476087.8359624384;0.5;34949;107001.77248184301;0.46242111830735083;0;0.0
Goal_357;34949;396739.86330203194;0.3333333333333333;34127;88708.54384641988;0.3742804531137441;303;0.0
Goal_372;34949;555435.8086228448;0.05555555555555555;29148;21857.39066473032;0.28905559256123653;27;0.0
Goal_371;34949;555435.8086228448;0.0;29148;21874.717064730317;0.2890552997898484;99;0.0
Goal_373;34949;555435.8086228448;0.1111111111111111;29148;21862.402997716803;0.28905537914854385;14;0.0
Goal_374;34949;555435.8086228448;0.16666666666666666;29148;21850.088930703292;0.2890557444784925;11;0.0
Goal_375;34949;555435.8086228448;0.2222222222222222;29148;21874.717064730317;0.2890552997898484;11;0.0
Goal_376;34949;555435.8086228448;0.2777777777777778;29148;21874.717064730317;0.2890552997898484;11;0.0
Goal_368;34949;476087.8359624384;0.38888888888888884;34905;112580.85224892016;0.38888810312564165;351;0.0
Goal_379;34949;555435.8086228448;0.4444444444444444;34979;426284.9558931878;0.44444374777227064;0;0.0
Goal_380;34949;555435.8086228448;0.5;34949;107001.77248184301;0.4624211183073508;0;0.0
Goal_381;34949;634783.7812832511;0.0;29148;21874.717064730317;0.2890552997898484;27;0.0
Goal_277;36066;555435.8086228448;0.3333333333333333;34125;88569.84184641988;0.37425142384284443;1633;2.029756824486113E-7
Goal_383;34949;634783.7812832511;0.1111111111111111;29148;21874.717064730317;0.2890552997898484;19;0.0
Goal_382;34949;634783.7812832511;0.05555555555555555;29147;21848.621198757344;0.2890369005724981;27;0.0
Goal_384;34949;634783.7812832511;0.16666666666666666;29148;21874.717064730317;0.2890552997898484;12;0.0
Goal_385;34949;634783.7812832511;0.2222222222222222;29147;21841.319464730317;0.28903649416641614;38;0.0
Goal_358;34949;396739.86330203194;0.38888888888888884;34905;113201.23851697422;0.3888885834942879;552;0.0
Goal_386;34949;634783.7812832511;0.2777777777777778;29148;21887.03113174383;0.28905550640264177;53;0.0
Goal_389;34949;634783.7812832511;0.4444444444444444;35028;360606.3231982857;0.444430174439512;0;0.0
Goal_390;34949;634783.7812832511;0.5;34949;107001.77248184301;0.4624211183073508;0;0.0
Goal_268;36066;476087.8359624384;0.38888888888888884;34905;112842.92871697422;0.3888886703211918;2097;0.0
Goal_392;34949;714131.7539436575;0.05555555555555555;29148;21874.717064730317;0.2890552997898484;20;0.0
Goal_391;34949;714131.7539436575;0.0;29147;21843.452797716804;0.2890370336432195;89;0.0
Goal_393;34949;714131.7539436575;0.1111111111111111;29147;21841.319464730317;0.28903649416641614;13;0.0
Goal_394;34949;714131.7539436575;0.16666666666666666;29147;21841.319464730317;0.28903649416641614;11;0.0
Goal_396;34949;714131.7539436575;0.2777777777777778;29147;21853.633531743828;0.2890365060886215;7;0.0
Goal_395;34949;714131.7539436575;0.2222222222222222;29148;21874.717064730317;0.2890552997898484;10;0.0
Goal_377;34949;555435.8086228448;0.3333333333333333;34125;88680.9718134334;0.374251327792493;383;0.0
Goal_399;34949;714131.7539436575;0.4444444444444444;35030;565712.6609436574;0.4443837114051692;0;0.0
Goal_400;34949;714131.7539436575;0.5;34949;107001.77248184301;0.4624211183073508;0;0.0
Goal_401;33832;0.0;0.0;28579;7484.264749013735;0.28462096603466386;1;0.0
Goal_402;33832;0.0;0.05555555555555555;28575;7377.435816027248;0.2846402794388312;3;0.0
Goal_403;33832;0.0;0.1111111111111111;28578;7461.047883040759;0.2846234174115268;1;0.0
Goal_404;33832;0.0;0.16666666666666666;28576;7403.6097160272475;0.2846357100264168;1;0.0
Goal_388;34949;634783.7812832511;0.38888888888888884;34905;112629.35275204177;0.3888881237543616;198;0.0
Goal_405;33832;0.0;0.2222222222222222;28578;7453.078516027248;0.28462958327265725;1;0.0
Goal_406;33832;0.0;0.2777777777777778;28580;7500.335949013735;0.28462556414019347;1;0.0
Goal_407;33832;0.0;0.3333333333333333;30725;12245.99815702736;0.3374143456278676;2;0.0
Goal_408;33832;0.0;0.38888888888888884;32998;17381.843984500505;0.38888927352826924;1;0.0
Goal_409;33832;0.0;0.4444444444444444;33832;27202.525348811614;0.442019122353566;0;0.0
Goal_410;33832;0.0;0.5;33832;27202.525348811614;0.442019122353566;0;0.0
Goal_411;33832;79347.97266040639;0.0;29146;21844.78603174383;0.2890181016204194;5;0.0
Goal_413;33832;79347.97266040639;0.1111111111111111;29147;21831.216764730318;0.2890368836350116;6;0.0
Goal_412;33832;79347.97266040639;0.05555555555555555;29148;21874.717064730317;0.2890552997898484;12;0.0
Goal_415;33832;79347.97266040639;0.2222222222222222;29148;21862.402997716803;0.28905537914854385;4;0.0
Goal_414;33832;79347.97266040639;0.16666666666666666;29148;21874.717064730317;0.2890552997898484;5;0.0
Goal_416;33832;79347.97266040639;0.2777777777777778;29151;21943.058030703294;0.28911210328445686;5;0.0
Goal_418;33832;79347.97266040639;0.38888888888888884;33844;42032.21730687951;0.38666135932439055;0;0.0
Goal_419;33832;79347.97266040639;0.4444444444444444;33832;33080.43507306957;0.43372948280145424;0;1.0E100
Goal_420;33832;79347.97266040639;0.5;33832;33080.43507306957;0.43372948280145424;0;1.0E100
Goal_421;33832;158695.94532081278;0.0;29150;21926.986830703296;0.28909345842390527;4;0.0
Goal_422;33832;158695.94532081278;0.05555555555555555;29150;21921.97449771681;0.2890931500155116;10;0.0
Goal_367;34949;476087.8359624384;0.3333333333333333;34127;88793.9534134334;0.3742804535608768;747;7.251935704954342E-7
Goal_423;33832;158695.94532081278;0.1111111111111111;29148;21874.717064730317;0.2890552997898484;11;0.0
Goal_425;33832;158695.94532081278;0.2222222222222222;29148;21874.717064730317;0.2890552997898484;4;0.0
Goal_424;33832;158695.94532081278;0.16666666666666666;29148;21879.80743174383;0.2890554954738197;9;0.0
Goal_426;33832;158695.94532081278;0.2777777777777778;29148;21874.717064730317;0.2890552997898484;6;0.0
Goal_428;33832;158695.94532081278;0.38888888888888884;33834;68601.56565474418;0.3888865057682264;0;0.0
Goal_429;33832;158695.94532081278;0.4444444444444444;33832;33080.43507306957;0.43372948280145424;0;1.0E100
Goal_378;34949;555435.8086228448;0.38888888888888884;34905;112645.63128606879;0.3888888803372069;477;0.0
Goal_430;33832;158695.94532081278;0.5;33868;86272.82282310889;0.417238494272116;0;1.0E100
Goal_431;33832;238043.9179812192;0.0;29148;21874.717064730317;0.2890552997898484;9;0.0
Goal_432;33832;238043.9179812192;0.05555555555555555;29148;21874.717064730317;0.2890552997898484;12;0.0
Goal_433;33832;238043.9179812192;0.1111111111111111;29149;21888.576897716805;0.28907436360483546;4;0.0
Goal_327;34949;158695.94532081278;0.3333333333333333;34121;88538.78751447392;0.37419339384831046;1236;0.0
Goal_435;33832;238043.9179812192;0.2222222222222222;29151;21935.088663689785;0.2891131429503179;8;0.0
Goal_436;33832;238043.9179812192;0.2777777777777778;29149;21895.800597716807;0.28907417750519127;9;0.0
Goal_438;33832;238043.9179812192;0.38888888888888884;33988;80615.15167608265;0.38673583914204995;0;0.0
Goal_439;33832;238043.9179812192;0.4444444444444444;33832;33080.43507306957;0.43372948280145424;0;1.0E100
Goal_440;33832;238043.9179812192;0.5;33832;33080.43507306957;0.43372948280145424;0;1.0E100
Goal_441;33832;317391.89064162556;0.0;29148;21874.717064730317;0.2890552997898484;8;0.0
Goal_417;33832;79347.97266040639;0.3333333333333333;33832;79347.64416931166;0.37047816995444655;100;0.0
Goal_442;33832;317391.89064162556;0.05555555555555555;29149;21900.89096473032;0.28907428073981617;5;0.0
Goal_443;33832;317391.89064162556;0.1111111111111111;29147;21834.09576473032;0.2890368808314061;4;0.0
Goal_444;33832;317391.89064162556;0.16666666666666666;29144;21788.093531743834;0.2889806829843483;4;0.0
Goal_446;33832;317391.89064162556;0.2777777777777778;29148;21874.717064730317;0.2890552997898484;10;0.0
Goal_445;33832;317391.89064162556;0.2222222222222222;29147;21853.633531743828;0.2890365060886215;12;0.0
Goal_448;33832;317391.89064162556;0.38888888888888884;33832;42487.11989262267;0.3875832199767258;3;0.0
Goal_449;33832;317391.89064162556;0.4444444444444444;33832;33080.43507306957;0.43372948280145424;0;1.0E100
Goal_450;33832;317391.89064162556;0.5;33832;33080.43507306957;0.43372948280145424;0;1.0E100
Goal_397;34949;714131.7539436575;0.3333333333333333;34119;88464.17058044691;0.3741642383583061;236;0.0
Goal_434;33832;238043.9179812192;0.16666666666666666;29146;21842.652698757345;0.289018109189547;55;0.0
Goal_451;33832;396739.86330203194;0.0;29148;21874.717064730317;0.2890552997898484;9;0.0
Goal_337;34949;238043.9179812192;0.3333333333333333;34123;88586.09721343339;0.37422209876550533;1208;0.0
Goal_453;33832;396739.86330203194;0.1111111111111111;29148;21879.72939771681;0.2890555057026662;14;0.0
Goal_454;33832;396739.86330203194;0.16666666666666666;29147;21823.99306473032;0.28903698875900125;6;0.0
Goal_456;33832;396739.86330203194;0.2777777777777778;29148;21874.717064730317;0.2890552997898484;5;0.0
Goal_455;33832;396739.86330203194;0.2222222222222222;29144;21753.44073174383;0.2889806298625512;10;0.0
Goal_459;33832;396739.86330203194;0.4444444444444444;33832;33080.43507306957;0.43372948280145424;0;1.0E100
Goal_460;33832;396739.86330203194;0.5;33832;33080.43507306957;0.43372948280145424;0;1.0E100
Goal_458;33832;396739.86330203194;0.38888888888888884;33835;42670.90373185238;0.38887719202427906;1;0.0
Goal_462;33832;476087.8359624384;0.05555555555555555;29151;21955.372097716805;0.2891121238212488;7;0.0
Goal_461;33832;476087.8359624384;0.0;29148;21874.717064730317;0.2890552997898484;8;0.0
Goal_452;33832;396739.86330203194;0.05555555555555555;29149;21890.78826473032;0.2890743838066175;33;0.0
Goal_464;33832;476087.8359624384;0.16666666666666666;29148;21874.717064730317;0.2890552997898484;5;0.0
Goal_463;33832;476087.8359624384;0.1111111111111111;29148;21874.717064730317;0.2890552997898484;5;0.0
Goal_465;33832;476087.8359624384;0.2222222222222222;29148;21874.717064730317;0.2890552997898484;8;0.0
Goal_468;33832;476087.8359624384;0.38888888888888884;33832;75670.47906931168;0.3888678492072198;0;0.0
Goal_469;33832;476087.8359624384;0.4444444444444444;33832;33080.43507306957;0.43372948280145424;0;1.0E100
Goal_470;33832;476087.8359624384;0.5;33832;33080.43507306957;0.43372948280145424;0;1.0E100
Goal_471;33832;555435.8086228448;0.0;29149;21918.21736473032;0.28907461122230255;9;0.0
Goal_472;33832;555435.8086228448;0.05555555555555555;29148;21874.717064730317;0.2890552997898484;5;0.0
Goal_473;33832;555435.8086228448;0.1111111111111111;29148;21874.717064730317;0.2890552997898484;9;0.0
Goal_466;33832;476087.8359624384;0.2777777777777778;29148;21874.717064730317;0.2890552997898484;54;0.0
Goal_474;33832;555435.8086228448;0.16666666666666666;29151;21938.045697716807;0.2891122070429698;20;0.0
Goal_475;33832;555435.8086228448;0.2222222222222222;29148;21874.717064730317;0.2890552997898484;3;0.0
Goal_476;33832;555435.8086228448;0.2777777777777778;29152;21951.82749667627;0.28913149714722824;8;0.0
Goal_198;37183;714131.7539436575;0.38888888888888884;34905;113134.18738502826;0.3888850100808876;3600;0.004319691917027681
Goal_479;33832;555435.8086228448;0.4444444444444444;33832;33080.43507306957;0.43372948280145424;0;1.0E100
Goal_480;33832;555435.8086228448;0.5;33832;33080.43507306957;0.43372948280145424;0;1.0E100
Goal_478;33832;555435.8086228448;0.38888888888888884;33871;89952.99860562189;0.38880694798127974;2;0.0
Goal_482;33832;634783.7812832511;0.05555555555555555;29148;21874.717064730317;0.2890552997898484;4;0.0
Goal_481;33832;634783.7812832511;0.0;29149;21908.114664730318;0.2890742928303674;13;0.0
Goal_484;33832;634783.7812832511;0.16666666666666666;29148;21874.717064730317;0.2890552997898484;4;0.0
Goal_485;33832;634783.7812832511;0.2222222222222222;29147;21841.319464730317;0.28903649416641614;3;0.0
Goal_483;33832;634783.7812832511;0.1111111111111111;29148;21874.717064730317;0.2890552997898484;15;0.0
Goal_486;33832;634783.7812832511;0.2777777777777778;29150;21929.198197716803;0.28909316326763707;7;0.0
Goal_488;33832;634783.7812832511;0.38888888888888884;33832;77626.96619335255;0.38887499654702273;2;0.0
Goal_489;33832;634783.7812832511;0.4444444444444444;33832;33080.43507306957;0.43372948280145424;0;1.0E100
Goal_490;33832;634783.7812832511;0.5;33832;33080.43507306957;0.43372948280145424;0;1.0E100
Goal_491;33832;714131.7539436575;0.0;29148;21874.717064730317;0.2890552997898484;26;0.0
Goal_492;33832;714131.7539436575;0.05555555555555555;29150;21916.884130703293;0.28909313921819174;8;0.0
Goal_447;33832;317391.89064162556;0.3333333333333333;33832;79547.4873363252;0.37047704925959196;197;0.0
Goal_494;33832;714131.7539436575;0.16666666666666666;29148;21874.717064730317;0.2890552997898484;3;0.0
Goal_387;34949;634783.7812832511;0.3333333333333333;34128;88797.4326134334;0.374294899363255;572;0.0
Goal_493;33832;714131.7539436575;0.1111111111111111;29148;21884.81976473032;0.2890556157791316;12;0.0
Goal_437;33832;238043.9179812192;0.3333333333333333;33832;79509.23186931167;0.3704772250904243;246;0.0
Goal_495;33832;714131.7539436575;0.2222222222222222;29148;21874.717064730317;0.2890552997898484;5;0.0
Goal_499;33832;714131.7539436575;0.4444444444444444;33832;33080.43507306957;0.43372948280145424;0;1.0E100
Goal_500;33832;714131.7539436575;0.5;33832;33080.43507306957;0.43372948280145424;0;1.0E100
Goal_498;33832;714131.7539436575;0.38888888888888884;33832;70172.2063997043;0.3885196139925047;1;0.0
Goal_501;32715;0.0;0.0;28579;7489.355116027247;0.2846166166007329;1;0.0
Goal_502;32715;0.0;0.05555555555555555;28576;7398.59738304076;0.28464011446018866;1;0.0
Goal_503;32715;0.0;0.1111111111111111;28576;7398.59738304076;0.28464011446018866;1;0.0
Goal_504;32715;0.0;0.16666666666666666;28577;7419.680916027248;0.284640346109629;1;0.0
Goal_496;33832;714131.7539436575;0.2777777777777778;29148;21874.717064730317;0.2890552997898484;13;0.0
Goal_507;32715;0.0;0.3333333333333333;30728;12326.653190013847;0.33740193506225985;2;0.0
Goal_505;32715;0.0;0.2222222222222222;28580;7507.559649013736;0.28461931759326087;4;0.0
Goal_508;32715;0.0;0.38888888888888884;32715;11758.053937567838;0.38888889948438154;0;0.0
Goal_506;32715;0.0;0.2777777777777778;28581;7546.047616027247;0.2846042851835656;4;0.0
Goal_509;32715;0.0;0.4444444444444444;32715;6584.433799999999;0.41814584012861217;0;0.0
Goal_510;32715;0.0;0.5;32715;6584.433799999999;0.41814584012861217;0;0.0
Goal_513;32715;79347.97266040639;0.1111111111111111;29148;21874.717064730317;0.2890552997898484;5;0.0
Goal_512;32715;79347.97266040639;0.05555555555555555;29146;21820.23593174383;0.2890176932029237;6;0.0
Goal_514;32715;79347.97266040639;0.16666666666666666;29148;21874.717064730317;0.2890552997898484;3;0.0
Goal_515;32715;79347.97266040639;0.2222222222222222;29148;21874.717064730317;0.2890552997898484;2;0.0
Goal_511;32715;79347.97266040639;0.0;29148;21874.717064730317;0.2890552997898484;10;0.0
Goal_518;32715;79347.97266040639;0.38888888888888884;32868;45820.10948720291;0.388811585882398;0;0.0
Goal_519;32715;79347.97266040639;0.4444444444444444;32715;77349.2654;0.42128740013529725;0;0.0
Goal_520;32715;79347.97266040639;0.5;32715;41906.0934;0.44483273222270553;0;1.0E100
Goal_516;32715;79347.97266040639;0.2777777777777778;29148;21874.717064730317;0.2890552997898484;11;0.0
Goal_477;33832;555435.8086228448;0.3333333333333333;33832;79514.26530333869;0.370477040709403;141;0.0
Goal_521;32715;158695.94532081278;0.0;29142;21735.901799797877;0.2889433298622223;11;0.0
Goal_522;32715;158695.94532081278;0.05555555555555555;29148;21874.717064730317;0.2890552997898484;6;0.0
Goal_523;32715;158695.94532081278;0.1111111111111111;29149;21883.486530703292;0.28907434813284005;5;0.0
Goal_525;32715;158695.94532081278;0.2222222222222222;29149;21895.800597716807;0.28907417750519127;4;0.0
Goal_524;32715;158695.94532081278;0.16666666666666666;29148;21874.717064730317;0.2890552997898484;9;0.0
Goal_528;32715;158695.94532081278;0.38888888888888884;33222;39501.35754350039;0.3888877604505354;1;0.0
Goal_529;32715;158695.94532081278;0.4444444444444444;32715;42486.54610000001;0.39139995623442253;0;1.0E100
Goal_530;32715;158695.94532081278;0.5;32715;41906.0934;0.44483273222270553;0;1.0E100
Goal_526;32715;158695.94532081278;0.2777777777777778;29147;21858.64586473032;0.2890366179370011;14;0.0
Goal_531;32715;238043.9179812192;0.0;29147;21841.319464730317;0.28903649416641614;5;0.0
Goal_533;32715;238043.9179812192;0.1111111111111111;29149;21895.800597716807;0.28907417750519127;10;0.0
Goal_534;32715;238043.9179812192;0.16666666666666666;29150;21911.871797716805;0.2890932514466894;3;0.0
Goal_532;32715;238043.9179812192;0.05555555555555555;29150;21921.97449771681;0.2890931500155116;19;0.0
Goal_535;32715;238043.9179812192;0.2222222222222222;29150;21916.96216473032;0.28909334784022356;11;0.0
Goal_536;32715;238043.9179812192;0.2777777777777778;29148;21857.39066473032;0.28905559256123653;21;0.0
Goal_538;32715;238043.9179812192;0.38888888888888884;32750;66919.04554881161;0.38888468884920396;0;1.0E100
Goal_539;32715;238043.9179812192;0.4444444444444444;32907;37601.1489;0.42524193715020364;0;0.0
Goal_540;32715;238043.9179812192;0.5;32715;105049.8382;0.4577435014139059;0;1.0E100
Goal_541;32715;317391.89064162556;0.0;29151;21955.372097716805;0.2891121238212488;10;0.0
Goal_457;33832;396739.86330203194;0.3333333333333333;33832;79594.53223736574;0.37047767417389266;308;0.0
Goal_542;32715;317391.89064162556;0.05555555555555555;29144;21778.068865770852;0.28898034339736584;6;0.0
Goal_398;34949;714131.7539436575;0.38888888888888884;34905;112661.24481593368;0.3888886053342449;563;0.0
Goal_517;32715;79347.97266040639;0.3333333333333333;31722;69312.05112206835;0.34075767126453177;102;0.0
Goal_497;33832;714131.7539436575;0.3333333333333333;33832;79506.30060333869;0.3704771322892453;134;0.0
Goal_543;32715;317391.89064162556;0.1111111111111111;29148;21874.717064730317;0.2890552997898484;10;0.0
Goal_544;32715;317391.89064162556;0.16666666666666666;29148;21874.717064730317;0.2890552997898484;8;0.0
Goal_548;32715;317391.89064162556;0.38888888888888884;32940;44189.644084500505;0.36931022827144405;0;0.0
Goal_549;32715;317391.89064162556;0.4444444444444444;33372;32889.90062020436;0.4337214161492854;0;0.0
Goal_546;32715;317391.89064162556;0.2777777777777778;29150;21906.781430703293;0.2890935229294307;9;0.0
Goal_550;32715;317391.89064162556;0.5;32715;41906.0934;0.44483273222270553;0;1.0E100
Goal_552;32715;396739.86330203194;0.05555555555555555;29148;21869.704731743834;0.2890556001764275;5;0.0
Goal_553;32715;396739.86330203194;0.1111111111111111;29144;21755.574064730317;0.28898066762934455;6;0.0
Goal_554;32715;396739.86330203194;0.16666666666666666;29150;21934.28856473032;0.2890932618218143;4;0.0
Goal_487;33832;634783.7812832511;0.3333333333333333;33832;79529.51063632517;0.37047697739074026;222;0.0
Goal_555;32715;396739.86330203194;0.2222222222222222;29143;21756.82926473032;0.28896225203729686;10;0.0
Goal_558;32715;396739.86330203194;0.38888888888888884;32946;44497.8898845005;0.36932299009508734;0;0.0
Goal_559;32715;396739.86330203194;0.4444444444444444;33372;32889.90062020436;0.4337214161492854;0;0.0
Goal_560;32715;396739.86330203194;0.5;32715;41906.0934;0.44483273222270553;0;1.0E100
Goal_551;32715;396739.86330203194;0.0;29149;21900.89096473032;0.28907428073981617;24;0.0
Goal_545;32715;317391.89064162556;0.2222222222222222;29148;21874.717064730317;0.2890552997898484;38;0.0
Goal_556;32715;396739.86330203194;0.2777777777777778;29146;21822.447298757343;0.2890181867464441;19;0.0
Goal_563;32715;476087.8359624384;0.1111111111111111;29148;21874.717064730317;0.2890552997898484;4;0.0
Goal_561;32715;476087.8359624384;0.0;29148;21874.717064730317;0.2890552997898484;9;0.0
Goal_564;32715;476087.8359624384;0.16666666666666666;29147;21858.64586473032;0.2890366179370011;3;0.0
Goal_565;32715;476087.8359624384;0.2222222222222222;29148;21874.717064730317;0.2890552997898484;5;0.0
Goal_568;32715;476087.8359624384;0.38888888888888884;32751;13687.14390385148;0.38888516702102066;0;0.0
Goal_569;32715;476087.8359624384;0.4444444444444444;33372;32889.90062020436;0.4337214161492854;0;0.0
Goal_570;32715;476087.8359624384;0.5;32715;41906.0934;0.44483273222270553;0;0.0
Goal_566;32715;476087.8359624384;0.2777777777777778;29147;21858.723898757344;0.28903679423390205;7;0.0
Goal_572;32715;555435.8086228448;0.05555555555555555;29146;21822.369264730318;0.28901813909763285;4;0.0
Goal_571;32715;555435.8086228448;0.0;29149;21900.89096473032;0.28907428073981617;6;7.347381939008906E-7
Goal_573;32715;555435.8086228448;0.1111111111111111;29147;21858.64586473032;0.2890366179370011;4;0.0
Goal_574;32715;555435.8086228448;0.16666666666666666;29150;21916.884130703293;0.28909313921819174;5;0.0
Goal_562;32715;476087.8359624384;0.05555555555555555;29149;21883.486530703292;0.28907434813284005;36;0.0
Goal_575;32715;555435.8086228448;0.2222222222222222;29148;21887.03113174383;0.28905550640264177;5;0.0
Goal_578;32715;555435.8086228448;0.38888888888888884;32756;13854.13190385148;0.3888171940163967;0;0.0
Goal_579;32715;555435.8086228448;0.4444444444444444;33372;32889.90062020436;0.4337214161492854;0;0.0
Goal_580;32715;555435.8086228448;0.5;32715;41906.0934;0.44483273222270553;0;0.0
Goal_576;32715;555435.8086228448;0.2777777777777778;29145;21776.73563174383;0.2889994613546524;9;0.0
Goal_582;32715;634783.7812832511;0.05555555555555555;29149;21895.800597716807;0.28907417750519127;9;0.0
Goal_583;32715;634783.7812832511;0.1111111111111111;29149;21895.800597716807;0.28907417750519127;4;0.0
Goal_547;32715;317391.89064162556;0.3333333333333333;31727;69510.55245505483;0.34083707993842877;88;0.0
Goal_584;32715;634783.7812832511;0.16666666666666666;29148;21874.717064730317;0.2890552997898484;10;0.0
Goal_585;32715;634783.7812832511;0.2222222222222222;29149;21908.114664730318;0.2890742928303674;13;0.0
Goal_586;32715;634783.7812832511;0.2777777777777778;29150;21929.198197716803;0.28909316326763707;11;0.0
Goal_588;32715;634783.7812832511;0.38888888888888884;32756;13854.13190385148;0.3888171940163967;0;0.0
Goal_589;32715;634783.7812832511;0.4444444444444444;33372;32889.90062020436;0.4337214161492854;0;0.0
Goal_590;32715;634783.7812832511;0.5;32715;41906.0934;0.44483273222270553;0;0.0
Goal_577;32715;555435.8086228448;0.3333333333333333;31724;69339.10315505484;0.34078911297191844;49;0.0
Goal_592;32715;714131.7539436575;0.05555555555555555;29147;21841.319464730317;0.28903649416641614;4;0.0
Goal_591;32715;714131.7539436575;0.0;29149;21885.775931743832;0.2890750963732934;6;0.0
Goal_537;32715;238043.9179812192;0.3333333333333333;31732;69658.65298804133;0.3409168992931498;165;0.0
Goal_581;32715;634783.7812832511;0.0;29148;21874.717064730317;0.2890552997898484;61;0.0
Goal_594;32715;714131.7539436575;0.16666666666666666;29149;21895.800597716807;0.28907417750519127;10;0.0
Goal_595;32715;714131.7539436575;0.2222222222222222;29148;21874.717064730317;0.2890552997898484;13;0.0
Goal_598;32715;714131.7539436575;0.38888888888888884;32756;13854.13190385148;0.3888171940163967;0;0.0
Goal_599;32715;714131.7539436575;0.4444444444444444;33372;32889.90062020436;0.4337214161492854;0;0.0
Goal_593;32715;714131.7539436575;0.1111111111111111;29147;21858.723898757344;0.28903679423390205;17;0.0
Goal_600;32715;714131.7539436575;0.5;32715;41906.0934;0.44483273222270553;0;0.0
Goal_596;32715;714131.7539436575;0.2777777777777778;29148;21874.717064730317;0.2890552997898484;8;0.0
Goal_601;31598;0.0;0.0;28580;7490.233249013736;0.2846349188977038;1;0.0
Goal_603;31598;0.0;0.1111111111111111;28576;7398.59738304076;0.28464011446018866;1;0.0
Goal_602;31598;0.0;0.05555555555555555;28577;7419.680916027248;0.284640346109629;2;0.0
Goal_605;31598;0.0;0.2222222222222222;28575;7382.52618304076;0.28463546940583817;1;0.0
Goal_606;31598;0.0;0.2777777777777778;28575;7382.52618304076;0.28463546940583817;3;0.0
Goal_604;31598;0.0;0.16666666666666666;28577;7414.512514986712;0.2846464062997838;3;0.0
Goal_609;31598;0.0;0.4444444444444444;31888;0.0;0.38569460791993493;0;0.0
Goal_608;31598;0.0;0.38888888888888884;31888;0.0;0.38569460791993493;0;0.0
Goal_610;31598;0.0;0.5;31888;0.0;0.38569460791993493;0;0.0
Goal_607;31598;0.0;0.3333333333333333;30725;12240.985824040872;0.3374180781324692;2;0.0
Goal_611;31598;79347.97266040639;0.0;29152;21959.129230703293;0.28913115023474717;3;0.0
Goal_613;31598;79347.97266040639;0.1111111111111111;29149;21890.78826473032;0.2890743838066175;2;0.0
Goal_612;31598;79347.97266040639;0.05555555555555555;29151;21930.743963689783;0.2891123686629295;2;0.0
Goal_614;31598;79347.97266040639;0.16666666666666666;29146;21807.921864730317;0.2890178759966548;2;0.0
Goal_616;31598;79347.97266040639;0.2777777777777778;29149;21895.800597716807;0.28907417750519127;4;0.0
Goal_618;31598;79347.97266040639;0.38888888888888884;31598;4134.0617999999995;0.3839590330878054;0;1.0E100
Goal_619;31598;79347.97266040639;0.4444444444444444;31598;52699.2544;0.4058350277266602;0;1.0E100
Goal_615;31598;79347.97266040639;0.2222222222222222;29153;22014.943597716807;0.2891505005223327;7;0.0
Goal_620;31598;79347.97266040639;0.5;31598;52699.2544;0.4058350277266602;0;1.0E100
Goal_621;31598;158695.94532081278;0.0;29148;21874.717064730317;0.2890552997898484;4;0.0
Goal_587;32715;634783.7812832511;0.3333333333333333;31734;69690.79538804133;0.34094953739737444;69;0.0
Goal_622;31598;158695.94532081278;0.05555555555555555;29149;21895.800597716807;0.28907417750519127;9;0.0
Goal_623;31598;158695.94532081278;0.1111111111111111;29148;21874.717064730317;0.2890552997898484;4;0.0
Goal_624;31598;158695.94532081278;0.16666666666666666;29148;21887.03113174383;0.28905550640264177;4;0.0
Goal_626;31598;158695.94532081278;0.2777777777777778;29148;21874.717064730317;0.2890552997898484;5;0.0
Goal_625;31598;158695.94532081278;0.2222222222222222;29147;21841.319464730317;0.28903649416641614;7;0.0
Goal_628;31598;158695.94532081278;0.38888888888888884;31598;4134.0617999999995;0.3839590330878054;0;1.0E100
Goal_467;33832;476087.8359624384;0.3333333333333333;33832;79522.2869363252;0.37047710177820276;480;0.0
Goal_630;31598;158695.94532081278;0.5;31598;52699.2544;0.4058350277266602;0;1.0E100
Goal_629;31598;158695.94532081278;0.4444444444444444;31598;52699.2544;0.4058350277266602;0;1.0E100
Goal_567;32715;476087.8359624384;0.3333333333333333;31725;69388.34412206835;0.3408054190306801;144;0.0
Goal_633;31598;238043.9179812192;0.1111111111111111;29149;21913.205031743833;0.28907448382751016;2;0.0
Goal_631;31598;238043.9179812192;0.0;29149;21895.800597716807;0.28907417750519127;3;0.0
Goal_634;31598;238043.9179812192;0.16666666666666666;29148;21869.704731743834;0.2890556001764275;2;0.0
Goal_632;31598;238043.9179812192;0.05555555555555555;29148;21874.717064730317;0.2890552997898484;5;0.0
Goal_638;31598;238043.9179812192;0.38888888888888884;31598;4134.0617999999995;0.3839590330878054;0;1.0E100
Goal_639;31598;238043.9179812192;0.4444444444444444;31598;52699.2544;0.4058350277266602;0;1.0E100
Goal_557;32715;396739.86330203194;0.3333333333333333;31728;69501.42325505483;0.34085280779595706;172;0.0
Goal_635;31598;238043.9179812192;0.2222222222222222;29148;21874.717064730317;0.2890552997898484;4;0.0
Goal_640;31598;238043.9179812192;0.5;31598;52699.2544;0.4058350277266602;0;1.0E100
Goal_427;33832;158695.94532081278;0.3333333333333333;33832;79575.0467363252;0.370477023660813;610;0.0
Goal_641;31598;317391.89064162556;0.0;29149;21885.697897716804;0.289074562870601;4;0.0
Goal_597;32715;714131.7539436575;0.3333333333333333;31728;69483.44655505483;0.34085289532273344;64;0.0
Goal_643;31598;317391.89064162556;0.1111111111111111;29147;21834.09576473032;0.2890368808314061;3;0.0
Goal_644;31598;317391.89064162556;0.16666666666666666;29148;21862.402997716803;0.28905537914854385;3;0.0
Goal_642;31598;317391.89064162556;0.05555555555555555;29148;21874.717064730317;0.2890552997898484;4;0.0
Goal_648;31598;317391.89064162556;0.38888888888888884;31598;4134.0617999999995;0.3839590330878054;0;1.0E100
Goal_649;31598;317391.89064162556;0.4444444444444444;31598;52699.2544;0.4058350277266602;0;0.0
Goal_650;31598;317391.89064162556;0.5;31598;52699.2544;0.4058350277266602;0;0.0
Goal_646;31598;317391.89064162556;0.2777777777777778;29148;21874.717064730317;0.2890552997898484;5;0.0
Goal_652;31598;396739.86330203194;0.05555555555555555;29147;21853.633531743828;0.2890365060886215;5;0.0
Goal_651;31598;396739.86330203194;0.0;29148;21874.717064730317;0.2890552997898484;5;0.0
Goal_627;31598;158695.94532081278;0.3333333333333333;31598;64827.39073351424;0.3389061949415859;33;0.0
Goal_645;31598;317391.89064162556;0.2222222222222222;29148;21887.03113174383;0.28905550640264177;10;0.0
Goal_653;31598;396739.86330203194;0.1111111111111111;29148;21887.03113174383;0.28905550640264177;3;0.0
Goal_658;31598;396739.86330203194;0.38888888888888884;31598;4134.0617999999995;0.3839590330878054;0;0.0
Goal_659;31598;396739.86330203194;0.4444444444444444;31598;52699.2544;0.4058350277266602;0;0.0
Goal_654;31598;396739.86330203194;0.16666666666666666;29148;21874.717064730317;0.2890552997898484;4;0.0
Goal_660;31598;396739.86330203194;0.5;31598;52699.2544;0.4058350277266602;0;0.0
Goal_655;31598;396739.86330203194;0.2222222222222222;29152;21969.231930703296;0.2891313343173731;6;0.0
Goal_661;31598;476087.8359624384;0.0;29146;21832.549998757342;0.2890177964179001;4;0.0
Goal_663;31598;476087.8359624384;0.1111111111111111;29147;21843.452797716804;0.2890370336432195;3;0.0
Goal_662;31598;476087.8359624384;0.05555555555555555;29148;21874.717064730317;0.2890552997898484;7;0.0
Goal_636;31598;238043.9179812192;0.2777777777777778;29148;21872.505697716806;0.28905569434327627;32;0.0
Goal_664;31598;476087.8359624384;0.16666666666666666;29149;21895.800597716807;0.28907417750519127;2;0.0
Goal_668;31598;476087.8359624384;0.38888888888888884;31598;4134.0617999999995;0.3839590330878054;0;0.0
Goal_665;31598;476087.8359624384;0.2222222222222222;29148;21874.717064730317;0.2890552997898484;3;0.0
Goal_669;31598;476087.8359624384;0.4444444444444444;31598;52699.2544;0.4058350277266602;0;0.0
Goal_670;31598;476087.8359624384;0.5;31598;52699.2544;0.4058350277266602;0;0.0
Goal_671;31598;555435.8086228448;0.0;29146;21832.549998757342;0.2890177964179001;4;0.0
Goal_666;31598;476087.8359624384;0.2777777777777778;29154;22006.386663689784;0.28916938304232437;11;0.0
Goal_673;31598;555435.8086228448;0.1111111111111111;29148;21874.717064730317;0.2890552997898484;3;0.0
Goal_674;31598;555435.8086228448;0.16666666666666666;29148;21874.717064730317;0.2890552997898484;3;0.0
Goal_675;31598;555435.8086228448;0.2222222222222222;29149;21895.800597716807;0.28907417750519127;4;0.0
Goal_637;31598;238043.9179812192;0.3333333333333333;31598;64837.493433514246;0.33890579582013486;57;0.0
Goal_678;31598;555435.8086228448;0.38888888888888884;31598;4134.0617999999995;0.3839590330878054;0;0.0
Goal_679;31598;555435.8086228448;0.4444444444444444;31598;52699.2544;0.4058350277266602;0;0.0
Goal_676;31598;555435.8086228448;0.2777777777777778;29148;21874.717064730317;0.2890552997898484;11;0.0
Goal_680;31598;555435.8086228448;0.5;31598;52699.2544;0.4058350277266602;0;0.0
Goal_672;31598;555435.8086228448;0.05555555555555555;29146;21820.23593174383;0.2890176932029237;25;0.0
Goal_656;31598;396739.86330203194;0.2777777777777778;29150;21916.96216473032;0.28909334784022356;44;0.0
Goal_647;31598;317391.89064162556;0.3333333333333333;31598;64908.17766754127;0.33890614336051633;55;0.0
Goal_681;31598;634783.7812832511;0.0;29148;21874.717064730317;0.2890552997898484;4;0.0
Goal_684;31598;634783.7812832511;0.16666666666666666;29148;21874.717064730317;0.2890552997898484;2;0.0
Goal_683;31598;634783.7812832511;0.1111111111111111;29147;21851.42216473032;0.2890368077525283;8;0.0
Goal_682;31598;634783.7812832511;0.05555555555555555;29148;21874.717064730317;0.2890552997898484;10;0.0
Goal_657;31598;396739.86330203194;0.3333333333333333;31598;64857.03120052775;0.33890599464095045;53;0.0
Goal_689;31598;634783.7812832511;0.4444444444444444;31598;52699.2544;0.4058350277266602;0;0.0
Goal_688;31598;634783.7812832511;0.38888888888888884;31598;4134.0617999999995;0.3839590330878054;0;0.0
Goal_527;32715;158695.94532081278;0.3333333333333333;31726;69433.97775505483;0.3408209968190724;351;0.0
Goal_690;31598;634783.7812832511;0.5;31598;52699.2544;0.4058350277266602;0;0.0
Goal_685;31598;634783.7812832511;0.2222222222222222;29149;21913.205031743833;0.28907448382751016;9;0.0
Goal_686;31598;634783.7812832511;0.2777777777777778;29148;21902.224198757343;0.28905638895423896;10;0.0
Goal_693;31598;714131.7539436575;0.1111111111111111;29145;21811.466465770853;0.2889991707940042;3;0.0
Goal_691;31598;714131.7539436575;0.0;29148;21874.717064730317;0.2890552997898484;4;0.0
Goal_692;31598;714131.7539436575;0.05555555555555555;29148;21874.717064730317;0.2890552997898484;5;0.0
Goal_698;31598;714131.7539436575;0.38888888888888884;31598;4134.0617999999995;0.3839590330878054;0;0.0
Goal_700;31598;714131.7539436575;0.5;31598;52699.2544;0.4058350277266602;0;0.0
Goal_699;31598;714131.7539436575;0.4444444444444444;31598;52699.2544;0.4058350277266602;0;0.0
Goal_695;31598;714131.7539436575;0.2222222222222222;29149;21895.800597716807;0.28907417750519127;5;0.0
Goal_696;31598;714131.7539436575;0.2777777777777778;29146;21807.921864730317;0.2890178759966548;2;0.0
Goal_667;31598;476087.8359624384;0.3333333333333333;31598;64837.493433514246;0.33890579582013486;50;0.0
Goal_694;31598;714131.7539436575;0.16666666666666666;29149;21895.800597716807;0.28907417750519127;7;0.0
Goal_701;30481;0.0;0.0;28576;7398.59738304076;0.28464011446018866;2;0.0
Goal_702;30481;0.0;0.05555555555555555;28574;7344.116250054271;0.2846509111263862;2;0.0
Goal_704;30481;0.0;0.16666666666666666;28576;7398.59738304076;0.28464011446018866;1;0.0
Goal_703;30481;0.0;0.1111111111111111;28581;7504.093082000223;0.284641753486423;1;0.0
Goal_708;30481;0.0;0.38888888888888884;30548;0.0;0.38569460791993493;0;0.0
Goal_705;30481;0.0;0.2222222222222222;28577;7419.680916027248;0.284640346109629;1;0.0
Goal_709;30481;0.0;0.4444444444444444;30548;0.0;0.38569460791993493;0;0.0
Goal_710;30481;0.0;0.5;30548;0.0;0.38569460791993493;0;0.0
Goal_707;30481;0.0;0.3333333333333333;30481;6343.668631635288;0.33889657499817694;1;0.0
Goal_711;30481;79347.97266040639;0.0;29148;21874.717064730317;0.2890552997898484;2;0.0
Goal_712;30481;79347.97266040639;0.05555555555555555;29149;21895.800597716807;0.28907417750519127;2;0.0
Goal_713;30481;79347.97266040639;0.1111111111111111;29149;21895.800597716807;0.28907417750519127;3;0.0
Goal_617;31598;79347.97266040639;0.3333333333333333;31598;64781.92423247371;0.33890647417784936;123;0.0
Goal_714;30481;79347.97266040639;0.16666666666666666;29149;21895.800597716807;0.28907417750519127;3;0.0
Goal_718;30481;79347.97266040639;0.38888888888888884;30562;0.0;0.38569460791993493;0;0.0
Goal_706;30481;0.0;0.2777777777777778;28577;7412.457216027247;0.2846469982824562;6;0.0
Goal_719;30481;79347.97266040639;0.4444444444444444;30562;0.0;0.38569460791993493;0;0.0
Goal_720;30481;79347.97266040639;0.5;30562;0.0;0.38569460791993493;0;0.0
Goal_715;30481;79347.97266040639;0.2222222222222222;29148;21874.717064730317;0.2890552997898484;5;0.0
Goal_725;30481;158695.94532081278;0.2222222222222222;29147;21841.319464730317;0.2890364941664161;2;0.0
Goal_724;30481;158695.94532081278;0.16666666666666666;29148;21874.717064730317;0.2890552997898484;3;0.0
Goal_723;30481;158695.94532081278;0.1111111111111111;29148;21874.717064730317;0.2890552997898484;3;0.0
Goal_716;30481;79347.97266040639;0.2777777777777778;29148;21874.717064730317;0.2890552997898484;6;0.0
Goal_721;30481;158695.94532081278;0.0;29148;21874.717064730317;0.2890552997898484;4;0.0
Goal_722;30481;158695.94532081278;0.05555555555555555;29148;21874.717064730317;0.2890552997898484;4;0.0
Goal_728;30481;158695.94532081278;0.38888888888888884;30562;0.0;0.38569460791993493;0;0.0
Goal_729;30481;158695.94532081278;0.4444444444444444;30562;0.0;0.38569460791993493;0;0.0
Goal_730;30481;158695.94532081278;0.5;30562;0.0;0.38569460791993493;0;0.0
Goal_717;30481;79347.97266040639;0.3333333333333333;30547;28278.57997887862;0.3332680819488384;9;0.0
Goal_731;30481;238043.9179812192;0.0;29147;21870.959931743833;0.2890368288696553;3;0.0
Goal_732;30481;238043.9179812192;0.05555555555555555;29147;21829.08343174383;0.2890371869689113;4;0.0
Goal_727;30481;158695.94532081278;0.3333333333333333;30734;33719.04310635176;0.3333216633968371;5;0.0
Goal_738;30481;238043.9179812192;0.38888888888888884;30562;0.0;0.38569460791993493;0;0.0
Goal_733;30481;238043.9179812192;0.1111111111111111;29150;21916.884130703293;0.28909313921819174;6;0.0
Goal_734;30481;238043.9179812192;0.16666666666666666;29149;21888.576897716805;0.28907436360483546;5;0.0
Goal_739;30481;238043.9179812192;0.4444444444444444;30562;0.0;0.38569460791993493;0;0.0
Goal_740;30481;238043.9179812192;0.5;30562;0.0;0.38569460791993493;0;0.0
Goal_726;30481;158695.94532081278;0.2777777777777778;29147;21841.319464730317;0.28903649416641614;9;0.0
Goal_735;30481;238043.9179812192;0.2222222222222222;29149;21895.800597716807;0.28907417750519127;6;0.0
Goal_736;30481;238043.9179812192;0.2777777777777778;29148;21874.717064730317;0.2890552997898484;5;0.0
Goal_743;30481;317391.89064162556;0.1111111111111111;29148;21874.717064730317;0.2890552997898484;3;0.0
Goal_745;30481;317391.89064162556;0.2222222222222222;29148;21879.72939771681;0.2890555057026662;3;0.0
Goal_742;30481;317391.89064162556;0.05555555555555555;29150;21911.871797716805;0.2890932514466894;5;0.0
Goal_749;30481;317391.89064162556;0.4444444444444444;30562;0.0;0.38569460791993493;0;0.0
Goal_748;30481;317391.89064162556;0.38888888888888884;30562;0.0;0.38569460791993493;0;0.0
Goal_741;30481;317391.89064162556;0.0;29145;21791.928698757343;0.2889993653151323;7;0.0
Goal_744;30481;317391.89064162556;0.16666666666666666;29147;21841.319464730317;0.28903649416641614;7;0.0
Goal_750;30481;317391.89064162556;0.5;30562;0.0;0.38569460791993493;0;0.0
Goal_747;30481;317391.89064162556;0.3333333333333333;30576;26820.908248703072;0.33328872699344214;6;0.0
Goal_697;31598;714131.7539436575;0.3333333333333333;31598;64877.88690052776;0.3389060083760565;37;0.0
Goal_746;30481;317391.89064162556;0.2777777777777778;29148;21874.717064730317;0.2890552997898484;7;0.0
Goal_752;30481;396739.86330203194;0.05555555555555555;29148;21874.717064730317;0.2890552997898484;2;0.0
Goal_754;30481;396739.86330203194;0.16666666666666666;29148;21889.832097716808;0.28905624238281213;3;0.0
Goal_759;30481;396739.86330203194;0.4444444444444444;30562;0.0;0.38569460791993493;0;0.0
Goal_758;30481;396739.86330203194;0.38888888888888884;30562;0.0;0.38569460791993493;0;0.0
Goal_753;30481;396739.86330203194;0.1111111111111111;29147;21823.915030703294;0.2890370235852885;4;0.0
Goal_737;30481;238043.9179812192;0.3333333333333333;30877;40123.82550843283;0.33327960548786406;16;0.0
Goal_751;30481;396739.86330203194;0.0;29149;21895.800597716807;0.28907417750519127;6;0.0
Goal_760;30481;396739.86330203194;0.5;30562;0.0;0.38569460791993493;0;0.0
Goal_756;30481;396739.86330203194;0.2777777777777778;29144;21785.214531743834;0.28898060293204475;3;0.0
Goal_757;30481;396739.86330203194;0.3333333333333333;30760;35923.25590354082;0.333326131216001;6;0.0
Goal_762;30481;476087.8359624384;0.05555555555555555;29145;21794.06203174383;0.2889989589521843;4;0.0
Goal_761;30481;476087.8359624384;0.0;29148;21874.717064730317;0.2890552997898484;4;0.0
Goal_768;30481;476087.8359624384;0.38888888888888884;30562;0.0;0.38569460791993493;0;0.0
Goal_769;30481;476087.8359624384;0.4444444444444444;30562;0.0;0.38569460791993493;0;0.0
Goal_755;30481;396739.86330203194;0.2222222222222222;29148;21874.717064730317;0.2890552997898484;8;0.0
Goal_770;30481;476087.8359624384;0.5;30562;0.0;0.38569460791993493;0;0.0
Goal_763;30481;476087.8359624384;0.1111111111111111;29146;21807.921864730317;0.2890178759966548;6;0.0
Goal_765;30481;476087.8359624384;0.2222222222222222;29148;21874.717064730317;0.2890552997898484;6;0.0
Goal_772;30481;555435.8086228448;0.05555555555555555;29148;21874.717064730317;0.2890552997898484;4;0.0
Goal_773;30481;555435.8086228448;0.1111111111111111;29146;21832.549998757342;0.2890177964179001;4;0.0
Goal_764;30481;476087.8359624384;0.16666666666666666;29148;21874.717064730317;0.2890552997898484;12;0.0
Goal_778;30481;555435.8086228448;0.38888888888888884;30562;0.0;0.38569460791993493;0;0.0
Goal_775;30481;555435.8086228448;0.2222222222222222;29150;21921.97449771681;0.2890931500155116;6;0.0
Goal_774;30481;555435.8086228448;0.16666666666666666;29148;21874.717064730317;0.2890552997898484;8;0.0
Goal_771;30481;555435.8086228448;0.0;29147;21841.319464730317;0.28903649416641614;9;0.0
Goal_779;30481;555435.8086228448;0.4444444444444444;30562;0.0;0.38569460791993493;0;0.0
Goal_780;30481;555435.8086228448;0.5;30562;0.0;0.38569460791993493;0;0.0
Goal_782;30481;634783.7812832511;0.05555555555555555;29148;21857.39066473032;0.28905559256123653;2;0.0
Goal_766;30481;476087.8359624384;0.2777777777777778;29146;21827.459631743834;0.28901778377163684;17;0.0
Goal_776;30481;555435.8086228448;0.2777777777777778;29148;21869.704731743834;0.2890556001764275;8;0.0
Goal_783;30481;634783.7812832511;0.1111111111111111;29148;21874.717064730317;0.2890552997898484;4;0.0
Goal_788;30481;634783.7812832511;0.38888888888888884;30562;0.0;0.38569460791993493;0;0.0
Goal_784;30481;634783.7812832511;0.16666666666666666;29148;21874.717064730317;0.2890552997898484;6;0.0
Goal_789;30481;634783.7812832511;0.4444444444444444;30562;0.0;0.38569460791993493;0;0.0
Goal_777;30481;555435.8086228448;0.3333333333333333;30849;37583.37957440581;0.3333277181506392;12;0.0
Goal_790;30481;634783.7812832511;0.5;30562;0.0;0.38569460791993493;0;0.0
Goal_781;30481;634783.7812832511;0.0;29148;21874.717064730317;0.2890552997898484;8;0.0
Goal_785;30481;634783.7812832511;0.2222222222222222;29148;21874.717064730317;0.2890552997898484;4;0.0
Goal_786;30481;634783.7812832511;0.2777777777777778;29148;21874.717064730317;0.2890552997898484;7;0.0
Goal_792;30481;714131.7539436575;0.05555555555555555;29147;21853.633531743828;0.2890365060886215;3;0.0
Goal_794;30481;714131.7539436575;0.16666666666666666;29147;21841.319464730317;0.28903649416641614;5;0.0
Goal_798;30481;714131.7539436575;0.38888888888888884;30562;0.0;0.38569460791993493;0;0.0
Goal_795;30481;714131.7539436575;0.2222222222222222;29148;21874.717064730317;0.2890552997898484;5;0.0
Goal_799;30481;714131.7539436575;0.4444444444444444;30562;0.0;0.38569460791993493;0;0.0
Goal_791;30481;714131.7539436575;0.0;29149;21900.812930703294;0.2890744774700987;8;0.0
Goal_800;30481;714131.7539436575;0.5;30562;0.0;0.38569460791993493;0;0.0
Goal_797;30481;714131.7539436575;0.3333333333333333;30841;36929.560702189614;0.33331652850838295;5;0.0
Goal_801;29364;0.0;0.0;28580;7500.335949013735;0.28462556414019347;1;0.0
Goal_803;29364;0.0;0.1111111111111111;28580;7488.021882000223;0.2846367416098848;1;0.0
Goal_802;29364;0.0;0.05555555555555555;28576;7398.59738304076;0.28464011446018866;1;0.0
Goal_804;29364;0.0;0.16666666666666666;28579;7449.533914986711;0.2846525327880543;1;0.0
Goal_796;30481;714131.7539436575;0.2777777777777778;29148;21874.717064730317;0.2890552997898484;8;0.0
Goal_805;29364;0.0;0.2222222222222222;28577;7444.309050054272;0.284618659389551;1;0.0
Goal_808;29364;0.0;0.38888888888888884;30127;0.0;0.38569460791993493;0;0.0
Goal_809;29364;0.0;0.4444444444444444;30127;0.0;0.38569460791993493;0;0.0
Goal_810;29364;0.0;0.5;30127;0.0;0.38569460791993493;0;0.0
Goal_806;29364;0.0;0.2777777777777778;28577;7424.77128304076;0.28463580889601525;4;0.0
Goal_807;29364;0.0;0.3333333333333333;29883;2301.4283;0.3401279677181717;4;0.0
Goal_813;29364;79347.97266040639;0.1111111111111111;29148;21874.717064730317;0.2890552997898484;2;0.0
Goal_812;29364;79347.97266040639;0.05555555555555555;29150;21927.064864730317;0.2890935286891312;2;0.0
Goal_811;29364;79347.97266040639;0.0;29149;21895.800597716807;0.28907417750519127;3;0.0
Goal_817;29364;79347.97266040639;0.3333333333333333;29364;23550.306345907095;0.32623684277643294;0;0.0
Goal_793;30481;714131.7539436575;0.1111111111111111;29145;21804.164731743833;0.2889989869480536;18;0.0
Goal_767;30481;476087.8359624384;0.3333333333333333;30872;38368.913338297716;0.3333308071759352;39;0.0
Goal_820;29364;79347.97266040639;0.5;29364;2719.775755256952;0.342013913072753;0;1.0E100
Goal_819;29364;79347.97266040639;0.4444444444444444;29364;2719.775755256952;0.342013913072753;0;1.0E100
Goal_818;29364;79347.97266040639;0.38888888888888884;29364;2719.775755256952;0.342013913072753;0;1.0E100
Goal_822;29364;158695.94532081278;0.05555555555555555;29150;21916.884130703293;0.28909313921819174;3;0.0
Goal_814;29364;79347.97266040639;0.16666666666666666;29148;21874.717064730317;0.2890552997898484;6;0.0
Goal_821;29364;158695.94532081278;0.0;29148;21874.717064730317;0.2890552997898484;3;0.0
Goal_823;29364;158695.94532081278;0.1111111111111111;29147;21865.947598757342;0.2890368040008412;3;0.0
Goal_824;29364;158695.94532081278;0.16666666666666666;29146;21820.23593174383;0.2890176932029237;4;0.0
Goal_828;29364;158695.94532081278;0.38888888888888884;29364;2719.775755256952;0.342013913072753;0;1.0E100
Goal_827;29364;158695.94532081278;0.3333333333333333;29364;154409.70372716244;0.3332250944097257;1;0.0
Goal_815;29364;79347.97266040639;0.2222222222222222;29148;21874.717064730317;0.2890552997898484;9;0.0
Goal_829;29364;158695.94532081278;0.4444444444444444;30127;0.0;0.38569460791993493;0;1.0E100
Goal_830;29364;158695.94532081278;0.5;29364;2719.775755256952;0.342013913072753;0;1.0E100
Goal_825;29364;158695.94532081278;0.2222222222222222;29147;21858.64586473032;0.2890366179370011;4;0.0
Goal_831;29364;238043.9179812192;0.0;29151;21948.148397716806;0.28911238950886886;3;0.0
Goal_835;29364;238043.9179812192;0.2222222222222222;29150;21921.97449771681;0.2890931500155116;2;0.0
Goal_834;29364;238043.9179812192;0.16666666666666666;29151;21945.34743174383;0.2891130114506707;5;0.0
Goal_787;30481;634783.7812832511;0.3333333333333333;30770;33956.046433095034;0.3332506505128965;37;0.0
Goal_838;29364;238043.9179812192;0.38888888888888884;29364;2719.775755256952;0.342013913072753;0;1.0E100
Goal_840;29364;238043.9179812192;0.5;29364;2719.775755256952;0.342013913072753;0;1.0E100
Goal_839;29364;238043.9179812192;0.4444444444444444;30127;0.0;0.38569460791993493;0;1.0E100
Goal_832;29364;238043.9179812192;0.05555555555555555;29149;21900.89096473032;0.28907428073981617;7;0.0
Goal_687;31598;634783.7812832511;0.3333333333333333;31598;64892.98460052775;0.33890601060359055;112;0.0
Goal_816;29364;79347.97266040639;0.2777777777777778;29148;21869.626697716805;0.2890554720304789;18;0.0
Goal_836;29364;238043.9179812192;0.2777777777777778;29148;21874.717064730317;0.2890552997898484;7;0.0
Goal_842;29364;317391.89064162556;0.05555555555555555;29150;21941.512264730318;0.28909347325103407;4;0.0
Goal_841;29364;317391.89064162556;0.0;29148;21874.717064730317;0.2890552997898484;5;0.0
Goal_844;29364;317391.89064162556;0.16666666666666666;29148;21874.717064730317;0.2890552997898484;4;0.0
Goal_847;29364;317391.89064162556;0.3333333333333333;29779;31673.569726339032;0.332585503107742;0;0.0
Goal_843;29364;317391.89064162556;0.1111111111111111;29148;21855.179297716808;0.2890557646257578;4;0.0
Goal_850;29364;317391.89064162556;0.5;29364;2719.775755256952;0.342013913072753;0;1.0E100
Goal_848;29364;317391.89064162556;0.38888888888888884;29364;2719.775755256952;0.342013913072753;0;1.0E100
Goal_849;29364;317391.89064162556;0.4444444444444444;30127;0.0;0.38569460791993493;0;1.0E100
Goal_837;29364;238043.9179812192;0.3333333333333333;29375;22991.282351731104;0.31257490596643606;9;0.0
Goal_846;29364;317391.89064162556;0.2777777777777778;29149;21900.89096473032;0.28907428073981617;4;0.0
Goal_854;29364;396739.86330203194;0.16666666666666666;29150;21921.97449771681;0.2890931500155116;4;0.0
Goal_852;29364;396739.86330203194;0.05555555555555555;29149;21890.78826473032;0.2890743838066175;4;0.0
Goal_851;29364;396739.86330203194;0.0;29146;21807.921864730317;0.2890178759966548;4;0.0
Goal_853;29364;396739.86330203194;0.1111111111111111;29149;21900.812930703294;0.2890744774700987;5;0.0
Goal_858;29364;396739.86330203194;0.38888888888888884;29364;2719.775755256952;0.342013913072753;0;1.0E100
Goal_857;29364;396739.86330203194;0.3333333333333333;29779;31673.569726339032;0.332585503107742;0;0.0
Goal_859;29364;396739.86330203194;0.4444444444444444;30127;0.0;0.38569460791993493;0;1.0E100
Goal_860;29364;396739.86330203194;0.5;29364;2719.775755256952;0.342013913072753;0;1.0E100
Goal_864;29364;476087.8359624384;0.16666666666666666;29148;21874.717064730317;0.2890552997898484;2;0.0
Goal_862;29364;476087.8359624384;0.05555555555555555;29149;21908.114664730318;0.2890742928303674;3;0.0
Goal_861;29364;476087.8359624384;0.0;29145;21796.94103174383;0.2889993773554042;4;0.0
Goal_856;29364;396739.86330203194;0.2777777777777778;29148;21874.717064730317;0.2890552997898484;6;0.0
Goal_867;29364;476087.8359624384;0.3333333333333333;29779;31673.569726339032;0.332585503107742;0;0.0
Goal_868;29364;476087.8359624384;0.38888888888888884;29364;2719.775755256952;0.342013913072753;0;1.0E100
Goal_869;29364;476087.8359624384;0.4444444444444444;30127;0.0;0.38569460791993493;0;0.0
Goal_870;29364;476087.8359624384;0.5;29364;2719.775755256952;0.342013913072753;0;1.0E100
Goal_863;29364;476087.8359624384;0.1111111111111111;29149;21895.800597716807;0.28907417750519127;6;0.0
Goal_866;29364;476087.8359624384;0.2777777777777778;29149;21900.89096473032;0.28907428073981617;3;0.0
Goal_826;29364;158695.94532081278;0.2777777777777778;29146;21807.921864730317;0.2890178759966548;35;0.0
Goal_865;29364;476087.8359624384;0.2222222222222222;29148;21874.717064730317;0.2890552997898484;7;0.0
Goal_871;29364;555435.8086228448;0.0;29149;21895.800597716807;0.28907417750519127;5;0.0
Goal_873;29364;555435.8086228448;0.1111111111111111;29144;21783.081198757343;0.28898025997546917;4;0.0
Goal_872;29364;555435.8086228448;0.05555555555555555;29148;21874.717064730317;0.2890552997898484;4;0.0
Goal_877;29364;555435.8086228448;0.3333333333333333;29364;21064.189184609048;0.3296562717986015;0;0.0
Goal_879;29364;555435.8086228448;0.4444444444444444;30127;0.0;0.38569460791993493;0;0.0
Goal_878;29364;555435.8086228448;0.38888888888888884;29364;2719.775755256952;0.342013913072753;0;1.0E100
Goal_880;29364;555435.8086228448;0.5;29364;2719.775755256952;0.342013913072753;0;1.0E100
Goal_845;29364;317391.89064162556;0.2222222222222222;29148;21874.717064730317;0.2890552997898484;26;0.0
Goal_833;29364;238043.9179812192;0.1111111111111111;29147;21829.005397716806;0.2890367682342602;37;0.0
Goal_875;29364;555435.8086228448;0.2222222222222222;29148;21874.717064730317;0.2890552997898484;5;0.0
Goal_855;29364;396739.86330203194;0.2222222222222222;29150;21916.884130703293;0.28909313921819174;24;0.0
Goal_883;29364;634783.7812832511;0.1111111111111111;29147;21853.633531743828;0.2890365060886215;4;0.0
Goal_887;29364;634783.7812832511;0.3333333333333333;29364;21064.189184609048;0.3296562717986015;0;0.0
Goal_876;29364;555435.8086228448;0.2777777777777778;29147;21843.452797716804;0.2890370336432195;7;0.0
Goal_888;29364;634783.7812832511;0.38888888888888884;29364;2719.775755256952;0.342013913072753;0;1.0E100
Goal_889;29364;634783.7812832511;0.4444444444444444;30127;0.0;0.38569460791993493;0;0.0
Goal_890;29364;634783.7812832511;0.5;29364;2719.775755256952;0.342013913072753;0;1.0E100
Goal_885;29364;634783.7812832511;0.2222222222222222;29147;21841.319464730317;0.2890364941664161;5;0.0
Goal_882;29364;634783.7812832511;0.05555555555555555;29147;21841.319464730317;0.28903649416641614;7;0.0
Goal_884;29364;634783.7812832511;0.16666666666666666;29149;21895.800597716807;0.28907417750519127;6;0.0
Goal_881;29364;634783.7812832511;0.0;29148;21869.626697716805;0.2890554720304789;10;0.0
Goal_892;29364;714131.7539436575;0.05555555555555555;29145;21783.959331743834;0.28899963410197804;3;0.0
Goal_886;29364;634783.7812832511;0.2777777777777778;29143;21756.907298757345;0.2889615004238315;7;0.0
Goal_899;29364;714131.7539436575;0.4444444444444444;30127;0.0;0.38569460791993493;0;0.0
Goal_898;29364;714131.7539436575;0.38888888888888884;29364;2719.775755256952;0.342013913072753;0;1.0E100
Goal_897;29364;714131.7539436575;0.3333333333333333;29509;24305.89072633903;0.3322847762377845;0;0.0
Goal_891;29364;714131.7539436575;0.0;29146;21832.549998757342;0.2890177964179001;4;0.0
Goal_900;29364;714131.7539436575;0.5;29364;2719.775755256952;0.342013913072753;0;1.0E100
Goal_902;28247;0.0;0.05555555555555555;28270;369.6376;0.2870447714869505;0;0.0
Goal_893;29364;714131.7539436575;0.1111111111111111;29150;21916.884130703293;0.28909313921819174;4;0.0
Goal_901;28247;0.0;0.0;28270;369.6376;0.2870447714869505;0;0.0
Goal_874;29364;555435.8086228448;0.16666666666666666;29149;21890.710230703295;0.28907444217111905;18;0.0
Goal_894;29364;714131.7539436575;0.16666666666666666;29145;21806.376098757344;0.28899906568630107;3;0.0
Goal_906;28247;0.0;0.2777777777777778;28270;369.6376;0.2870447714869505;0;0.0
Goal_903;28247;0.0;0.1111111111111111;28270;369.6376;0.2870447714869505;0;0.0
Goal_904;28247;0.0;0.16666666666666666;28270;369.6376;0.2870447714869505;0;0.0
Goal_905;28247;0.0;0.2222222222222222;28270;369.6376;0.2870447714869505;0;0.0
Goal_908;28247;0.0;0.38888888888888884;28247;0.0;0.2874797872880344;0;0.0
Goal_910;28247;0.0;0.5;28247;0.0;0.2874797872880344;0;0.0
Goal_907;28247;0.0;0.3333333333333333;28247;0.0;0.2874797872880344;0;0.0
Goal_909;28247;0.0;0.4444444444444444;28247;0.0;0.2874797872880344;0;0.0
Goal_896;29364;714131.7539436575;0.2777777777777778;29144;21788.093531743834;0.2889806829843483;5;0.0
Goal_917;28247;79347.97266040639;0.3333333333333333;28247;0.0;0.2874797872880344;0;0.0
Goal_912;28247;79347.97266040639;0.05555555555555555;28647;9739.25801498671;0.28426783185278526;1;0.0
Goal_911;28247;79347.97266040639;0.0;28646;9718.174482000222;0.2842677481821603;1;0.0
Goal_918;28247;79347.97266040639;0.38888888888888884;28247;0.0;0.2874797872880344;0;0.0
Goal_919;28247;79347.97266040639;0.4444444444444444;28247;0.0;0.2874797872880344;0;0.0
Goal_920;28247;79347.97266040639;0.5;28247;0.0;0.2874797872880344;0;0.0
Goal_913;28247;79347.97266040639;0.1111111111111111;28646;9718.174482000222;0.2842677481821603;1;0.0
Goal_914;28247;79347.97266040639;0.16666666666666666;28643;9649.755482000222;0.284267921346144;1;0.0
Goal_916;28247;79347.97266040639;0.2777777777777778;28645;9692.000582000222;0.28426764849102737;1;0.0
Goal_915;28247;79347.97266040639;0.2222222222222222;28643;9649.833516027247;0.28426772653630816;1;0.0
Goal_927;28247;158695.94532081278;0.3333333333333333;28247;0.0;0.2874797872880344;0;0.0
Goal_921;28247;158695.94532081278;0.0;28644;9670.917049013735;0.2842676441750953;1;0.0
Goal_923;28247;158695.94532081278;0.1111111111111111;28642;9628.671949013735;0.28426790072884184;1;0.0
Goal_930;28247;158695.94532081278;0.5;28247;0.0;0.2874797872880344;0;0.0
Goal_929;28247;158695.94532081278;0.4444444444444444;28247;0.0;0.2874797872880344;0;0.0
Goal_928;28247;158695.94532081278;0.38888888888888884;28247;0.0;0.2874797872880344;0;0.0
Goal_924;28247;158695.94532081278;0.16666666666666666;28640;9569.100449013737;0.2842684044978769;1;0.0
Goal_925;28247;158695.94532081278;0.2222222222222222;28644;9670.917049013735;0.2842676441750953;1;0.0
Goal_922;28247;158695.94532081278;0.05555555555555555;28645;9692.000582000222;0.28426764849102737;1;0.0
Goal_926;28247;158695.94532081278;0.2777777777777778;28646;9725.398182000223;0.28426771792231376;2;0.0
Goal_937;28247;238043.9179812192;0.3333333333333333;28247;0.0;0.2874797872880344;0;0.0
Goal_938;28247;238043.9179812192;0.38888888888888884;28247;0.0;0.2874797872880344;0;0.0
Goal_932;28247;238043.9179812192;0.05555555555555555;28643;9637.519449013735;0.2842677604335676;1;0.0
Goal_934;28247;238043.9179812192;0.16666666666666666;28645;9704.314649013735;0.28426771974670734;1;0.0
Goal_931;28247;238043.9179812192;0.0;28646;9725.398182000223;0.28426771792231376;1;0.0
Goal_935;28247;238043.9179812192;0.2222222222222222;28645;9692.000582000222;0.28426764849102737;1;0.0
Goal_933;28247;238043.9179812192;0.1111111111111111;28646;9718.174482000222;0.2842677481821603;1;0.0
Goal_940;28247;238043.9179812192;0.5;28247;0.0;0.2874797872880344;0;0.0
Goal_939;28247;238043.9179812192;0.4444444444444444;28247;0.0;0.2874797872880344;0;0.0
Goal_936;28247;238043.9179812192;0.2777777777777778;28644;9670.917049013735;0.2842676441750953;2;0.0
Goal_948;28247;317391.89064162556;0.38888888888888884;28247;0.0;0.2874797872880344;0;0.0
Goal_947;28247;317391.89064162556;0.3333333333333333;28247;0.0;0.2874797872880344;0;0.0
Goal_942;28247;317391.89064162556;0.05555555555555555;28643;9644.743149013735;0.2842678099608091;1;0.0
Goal_941;28247;317391.89064162556;0.0;28645;9692.000582000222;0.28426764849102737;1;0.0
Goal_949;28247;317391.89064162556;0.4444444444444444;28247;0.0;0.2874797872880344;0;0.0
Goal_950;28247;317391.89064162556;0.5;28247;0.0;0.2874797872880344;0;0.0
Goal_945;28247;317391.89064162556;0.2222222222222222;28648;9767.643282000223;0.2842680719481601;1;0.0
Goal_943;28247;317391.89064162556;0.1111111111111111;28645;9704.314649013735;0.28426771974670734;1;0.0
Goal_944;28247;317391.89064162556;0.16666666666666666;28644;9665.826682000223;0.2842678215991549;1;0.0
Goal_946;28247;317391.89064162556;0.2777777777777778;28644;9670.917049013735;0.2842676441750953;1;0.0
Goal_895;29364;714131.7539436575;0.2222222222222222;29146;21825.24826473032;0.2890177979598057;15;0.0
Goal_951;28247;396739.86330203194;0.0;28644;9670.917049013735;0.2842676441750953;1;0.0
Goal_952;28247;396739.86330203194;0.05555555555555555;28645;9692.000582000222;0.28426764849102737;1;0.0
Goal_957;28247;396739.86330203194;0.3333333333333333;28247;0.0;0.2874797872880344;0;0.0
Goal_958;28247;396739.86330203194;0.38888888888888884;28247;0.0;0.2874797872880344;0;0.0
Goal_959;28247;396739.86330203194;0.4444444444444444;28247;0.0;0.2874797872880344;0;0.0
Goal_960;28247;396739.86330203194;0.5;28247;0.0;0.2874797872880344;0;0.0
Goal_955;28247;396739.86330203194;0.2222222222222222;28642;9621.448249013736;0.28426785377315505;1;0.0
Goal_954;28247;396739.86330203194;0.16666666666666666;28644;9670.917049013735;0.2842676441750953;1;0.0
Goal_967;28247;476087.8359624384;0.3333333333333333;28247;0.0;0.2874797872880344;0;0.0
Goal_961;28247;476087.8359624384;0.0;28644;9670.917049013735;0.2842676441750953;1;0.0
Goal_953;28247;396739.86330203194;0.1111111111111111;28649;9806.05321498671;0.28426812847782784;2;0.0
Goal_956;28247;396739.86330203194;0.2777777777777778;28644;9670.917049013735;0.2842676441750953;1;0.0
Goal_968;28247;476087.8359624384;0.38888888888888884;28247;0.0;0.2874797872880344;0;0.0
Goal_969;28247;476087.8359624384;0.4444444444444444;28247;0.0;0.2874797872880344;0;0.0
Goal_962;28247;476087.8359624384;0.05555555555555555;28645;9692.000582000222;0.28426764849102737;1;0.0
Goal_965;28247;476087.8359624384;0.2222222222222222;28645;9692.000582000222;0.28426764849102737;1;0.0
Goal_964;28247;476087.8359624384;0.16666666666666666;28645;9692.000582000222;0.28426764849102737;1;0.0
Goal_963;28247;476087.8359624384;0.1111111111111111;28646;9718.174482000222;0.2842677481821603;1;0.0
Goal_970;28247;476087.8359624384;0.5;28247;0.0;0.2874797872880344;0;0.0
Goal_966;28247;476087.8359624384;0.2777777777777778;28644;9670.917049013735;0.2842676441750953;2;0.0
Goal_979;28247;555435.8086228448;0.4444444444444444;28247;0.0;0.2874797872880344;0;0.0
Goal_977;28247;555435.8086228448;0.3333333333333333;28247;0.0;0.2874797872880344;0;0.0
Goal_978;28247;555435.8086228448;0.38888888888888884;28247;0.0;0.2874797872880344;0;0.0
Goal_975;28247;555435.8086228448;0.2222222222222222;28645;9697.01291498671;0.2842678641393348;1;0.0
Goal_972;28247;555435.8086228448;0.05555555555555555;28645;9692.000582000222;0.28426764849102737;1;0.0
Goal_971;28247;555435.8086228448;0.0;28644;9670.917049013735;0.2842676441750953;1;0.0
Goal_973;28247;555435.8086228448;0.1111111111111111;28645;9692.000582000222;0.28426764849102737;1;0.0
Goal_974;28247;555435.8086228448;0.16666666666666666;28644;9670.917049013735;0.2842676441750953;1;0.0
Goal_980;28247;555435.8086228448;0.5;28247;0.0;0.2874797872880344;0;0.0
Goal_677;31598;555435.8086228448;0.3333333333333333;31598;64867.784200527756;0.33890580819490496;190;0.0
Goal_976;28247;555435.8086228448;0.2777777777777778;28646;9725.398182000223;0.28426771792231376;1;0.0
Goal_988;28247;634783.7812832511;0.38888888888888884;28247;0.0;0.2874797872880344;0;0.0
Goal_989;28247;634783.7812832511;0.4444444444444444;28247;0.0;0.2874797872880344;0;0.0
Goal_987;28247;634783.7812832511;0.3333333333333333;28247;0.0;0.2874797872880344;0;0.0
Goal_981;28247;634783.7812832511;0.0;28641;9588.050649013736;0.2842681485036733;1;0.0
Goal_985;28247;634783.7812832511;0.2222222222222222;28645;9697.01291498671;0.2842678641393348;1;0.0
Goal_982;28247;634783.7812832511;0.05555555555555555;28644;9665.826682000223;0.2842678215991549;1;0.0
Goal_984;28247;634783.7812832511;0.16666666666666666;28645;9697.090949013735;0.284267751188648;1;0.0
Goal_983;28247;634783.7812832511;0.1111111111111111;28643;9649.833516027247;0.28426772653630816;1;0.0
Goal_990;28247;634783.7812832511;0.5;28247;0.0;0.2874797872880344;0;0.0
Goal_997;28247;714131.7539436575;0.3333333333333333;28247;0.0;0.2874797872880344;0;0.0
Goal_986;28247;634783.7812832511;0.2777777777777778;28645;9704.314649013735;0.28426771974670734;1;0.0
Goal_1000;28247;714131.7539436575;0.5;28247;0.0;0.2874797872880344;0;0.0
Goal_998;28247;714131.7539436575;0.38888888888888884;28247;0.0;0.2874797872880344;0;0.0
Goal_999;28247;714131.7539436575;0.4444444444444444;28247;0.0;0.2874797872880344;0;0.0
Goal_991;28247;714131.7539436575;0.0;28645;9692.000582000222;0.28426764849102737;1;0.0
Goal_992;28247;714131.7539436575;0.05555555555555555;28644;9665.826682000223;0.2842678215991549;1;0.0
Goal_995;28247;714131.7539436575;0.2222222222222222;28645;9697.01291498671;0.2842678641393348;1;0.0
Goal_994;28247;714131.7539436575;0.16666666666666666;28645;9692.000582000222;0.28426764849102737;1;0.0
Goal_996;28247;714131.7539436575;0.2777777777777778;28645;9704.314649013735;0.28426771974670734;1;0.0
Goal_993;28247;714131.7539436575;0.1111111111111111;28643;9649.833516027247;0.28426772653630816;1;0.0
