569096.0;1839518.5392000005;0.05264285509827431;Programação por Metas
569382.0;1856927.1382000006;0.0011000917351880507;Programação por Metas
569067.0;1837790.9802000003;0.058458130724456686;Programação por Metas
569392.0;1993504.6466000013;6.485992163762621E-18;Programação por Metas
569392.0;1979711.3256000015;9.172578083438716E-18;Programação por Metas
569392.0;2231877.9058000008;0.0;Programação por Metas
561992.0;1688651.5438000008;0.10124297737934691;Programação por Metas
546724.0;1467854.7312999994;0.14993232563674566;Programação por Metas
546724.0;1402818.454699999;0.15893177233826766;Programação por Metas
556903.0;1490526.8684000003;0.22263732849970633;Programação por Metas
546724.0;1126357.8092;0.31660098735593156;Programação por Metas
546724.0;1495486.0251;0.12877906826303165;Programação por Metas
563108.0;1768578.8832999999;0.12458295912499905;Programação por Metas
546724.0;1451275.2714999996;0.15488276426221603;Programação por Metas
558235.0;1566283.1994;0.1583029991490661;Programação por Metas
546724.0;1101714.7615;0.38785633436491856;Programação por Metas
546683.0;1480267.9275999994;0.13049914480228372;Programação por Metas
559369.0;1569208.3170000007;0.15963233647638003;Programação por Metas
546725.0;1353937.3272;0.21123358186482669;Programação por Metas
546724.0;1223921.4191;0.26362148256761;Programação por Metas
546724.0;1103272.4291;0.3693670804279326;Programação por Metas
562766.0;1739621.365;0.09265771095107313;Programação por Metas
562119.0;1663688.8718000008;0.11906381093729937;Programação por Metas
551512.0;1585977.794000001;0.10777532166985415;Programação por Metas
546724.0;1324531.6006;0.16974014162526463;Programação por Metas
548546.0;1289539.6863000002;0.26324731266774565;Programação por Metas
546724.0;1128035.4452000004;0.31659444999226694;Programação por Metas
546724.0;1103275.8321;0.36935880337895843;Programação por Metas
546724.0;1446631.4414999995;0.1582986638375307;Programação por Metas
546725.0;1396486.6731000007;0.21106531255464245;Programação por Metas
546730.0;1725020.455900001;0.05388237321839874;Programação por Metas
530430.0;1342750.812399999;0.1300810411212248;Programação por Metas
527648.0;1552304.954;0.12199490353381817;Programação por Metas
553091.0;1554409.191500001;0.2002689703182415;Programação por Metas
525027.0;1211732.2332999995;0.21218408058276858;Programação por Metas
542748.0;1214952.4494999996;0.264147715073246;Programação por Metas
523698.0;754709.8022999997;0.3226603722274457;Programação por Metas
524057.0;683305.9107999998;0.36948717335301173;Programação por Metas
524057.0;625753.4620000003;0.42213195095459627;Programação por Metas
524057.0;604494.8611000001;0.4749010026751881;Programação por Metas
525535.0;1317027.5585000003;0.14417146626333047;Programação por Metas
524057.0;1115305.4835;0.20928847680191728;Programação por Metas
526578.0;1095844.3789999997;0.22748847973389036;Programação por Metas
524059.0;799909.8463999998;0.31665963304584926;Programação por Metas
524057.0;622346.5699000002;0.42213339711429054;Programação por Metas
554828.0;1614181.9859000004;0.09734116066801995;Programação por Metas
524057.0;1559127.0341;0.11798005659441008;Programação por Metas
525880.0;950263.9519000006;0.2638335901052046;Programação por Metas
524057.0;799968.4212999999;0.31659871997848693;Programação por Metas
524057.0;716231.6328000001;0.36935462570789657;Programação por Metas
524080.0;664870.3779000002;0.422112625661459;Programação por Metas
524181.0;664885.3026999999;0.474793118417248;Programação por Metas
501495.0;1140545.5648999999;0.17298931016269659;Programação por Metas
501046.0;503500.46699999983;0.36939927366424874;Programação por Metas
502351.0;319270.49930000014;0.4221335687739752;Programação por Metas
501390.0;233576.759;0.4748987802869694;Programação por Metas
501520.0;568401.6452000001;0.37003846601750523;Programação por Metas
480286.0;923087.8019;0.31659786709778753;Programação por Metas
479057.0;155278.77199999997;0.43018883000934993;Programação por Metas
478736.0;8.5852;0.47489959079825195;Programação por Metas
478773.0;330919.7339;0.42213206584309804;Programação por Metas
479240.0;1054064.5832999996;0.2638334849526974;Programação por Metas
457300.0;746925.206;0.3185929359776934;Programação por Metas
456142.0;345546.57609999995;0.4218231185837373;Programação por Metas
456055.0;780180.9389999999;0.3166086547898835;Programação por Metas
457117.0;331130.63430000015;0.42213124727600176;Programação por Metas
456096.0;1275445.829100001;0.153433360898717;Programação por Metas
458302.0;664470.8704000001;0.3685320076097287;Programação por Metas
434924.0;461974.571;0.36936676379543326;Programação por Metas
433388.0;904749.0251000001;0.26383324145488257;Programação por Metas
356178.0;398506.3695999998;0.29020383619622564;Programação por Metas
373315.0;218858.20869999987;0.317752225377376;Programação por Metas
400265.0;355993.17089999985;0.35083893159609525;Programação por Metas
415589.0;390334.7574;0.3835605254181782;Programação por Metas
433774.0;1290853.0647;0.14706065974913704;Programação por Metas
410720.0;1055182.3760999995;0.20386989307736866;Programação por Metas
503444.0;1551759.1156000001;0.10925736765908042;Programação por Metas
362860.0;381623.4502;0.29932812670636916;Programação por Metas
389180.0;353891.31700000004;0.33817801838228884;Programação por Metas
388175.0;0.0;0.3604132564260666;Programação por Metas
365386.0;547393.3161999999;0.28833407989788734;Programação por Metas
365396.0;175033.57679999995;0.33526814215400463;Programação por Metas
365386.0;189131.18299999993;0.3165414950615453;Programação por Metas
367900.0;996549.0193000002;0.2629098372782683;Programação por Metas
549946.0;1484031.7324000003;0.3701211219872196;Heurísticas
548952.0;1488819.0890999995;0.3605605977766976;Heurísticas
548925.0;1451022.0212;0.3791136222789476;Heurísticas
548891.0;1442406.2220000003;0.3791136222789476;Heurísticas
548728.0;1450813.8433999997;0.3637916950849909;Heurísticas
548548.0;1433189.4814000002;0.3791136222789476;Heurísticas
538087.0;1094271.59;0.42418915280867103;Heurísticas
537863.0;1075573.7432000001;0.426287466870495;Heurísticas
537308.0;1087514.2274;0.4153110523534183;Heurísticas
537151.0;1073149.8149000003;0.42824246322992837;Heurísticas
536727.0;1081761.0165;0.4153110523534183;Heurísticas
536410.0;1079983.6622999997;0.4259570567584359;Heurísticas
536386.0;1060005.7184;0.41756384923498163;Heurísticas
536112.0;1043013.6827;0.421950558708039;Heurísticas
535183.0;1034305.5775999998;0.4219505587080388;Heurísticas
535177.0;1016227.4711999999;0.42408570103115717;Heurísticas
534824.0;1101257.4979;0.4100718472919986;Heurísticas
534756.0;1100952.1719;0.40813050510159776;Heurísticas
534134.0;1081005.2419999999;0.41282793941366885;Heurísticas
533985.0;1042407.4739;0.42170137037217476;Heurísticas
533632.0;985878.9595999998;0.4302651798395099;Heurísticas
533448.0;1057705.3661000002;0.41709962629253483;Heurísticas
533275.0;998823.5954999999;0.42824246322992837;Heurísticas
532939.0;1058108.2747;0.41445457338786684;Heurísticas
532879.0;976757.0998999999;0.4300307033803513;Heurísticas
532729.0;1045151.5123000001;0.41910954513219506;Heurísticas
532728.0;1015786.0610999998;0.41937312833662893;Heurísticas
532318.0;972827.7683;0.4452924380538726;Heurísticas
531719.0;961534.1510000002;0.4452924380538726;Heurísticas
531558.0;947464.0907;0.44828959498054244;Heurísticas
531237.0;1030541.4352;0.41652112398486063;Heurísticas
530752.0;941585.0524;0.45622382758412344;Heurísticas
530724.0;948811.9530999999;0.4482895949805424;Heurísticas
530640.0;956607.0971000001;0.4434098611753917;Heurísticas
530633.0;1095844.4934999999;0.400500063154051;Heurísticas
530301.0;947273.3035;0.4561652351996604;Heurísticas
530282.0;921296.5686000001;0.4616691010727339;Heurísticas
530113.0;950101.4006;0.4396207962749794;Heurísticas
530101.0;992314.6100999999;0.42595420107203613;Heurísticas
530080.0;936196.7495;0.44993237772692785;Heurísticas
530038.0;958156.5452000002;0.43365438406150186;Heurísticas
529932.0;1069938.2321000004;0.41032585485639966;Heurísticas
529927.0;997405.4375;0.4227812254687441;Heurísticas
529911.0;927023.4035000001;0.4515433881340046;Heurísticas
529824.0;1026954.6738999999;0.4165211239848607;Heurísticas
529702.0;910239.2172999999;0.45770907997648436;Heurísticas
529659.0;927659.1944;0.4515433881340045;Heurísticas
529647.0;900314.5606000003;0.4670025739703943;Heurísticas
529556.0;899436.0418000001;0.45312296508719313;Heurísticas
529442.0;904442.2741;0.44993237772692773;Heurísticas
529287.0;1083042.4209999999;0.40020819532928004;Heurísticas
529122.0;874227.8733;0.46717364732960454;Heurísticas
529031.0;1083024.1718;0.40784860589918104;Heurísticas
528955.0;1047323.5023999996;0.41500004333490476;Heurísticas
528884.0;875020.5742000003;0.4656685093536686;Heurísticas
528850.0;941202.6498000001;0.44494519196384713;Heurísticas
528739.0;1001433.8296000002;0.42126955947959527;Heurísticas
528733.0;989210.2071999998;0.42161169618598093;Heurísticas
528590.0;865618.3360000002;0.4669441448458345;Heurísticas
528586.0;918732.1456999999;0.44165371039430756;Heurísticas
528407.0;867827.1145;0.4619849398987095;Heurísticas
528376.0;1069992.7508999999;0.4099199117794541;Heurísticas
528240.0;1065566.1879;0.4051214973209311;Heurísticas
527749.0;1096911.5485999999;0.39968497779616247;Heurísticas
527745.0;896626.7503000002;0.4602776316621717;Heurísticas
527706.0;941160.8846000001;0.437724341429993;Heurísticas
527595.0;973574.9903999999;0.4311954206338681;Heurísticas
527522.0;1065563.0071999999;0.4099199117794541;Heurísticas
527421.0;851583.0734000002;0.4682439301867908;Heurísticas
527373.0;885220.6415;0.45618911821434766;Heurísticas
527197.0;849050.3463000001;0.4672764075281412;Heurísticas
527088.0;842610.4030000002;0.46964629151121456;Heurísticas
527021.0;926627.3831999999;0.43750490505025763;Heurísticas
527014.0;877117.7448000001;0.46099895281805464;Heurísticas
526945.0;918482.0128;0.4366378575868759;Heurísticas
526862.0;916171.8813000001;0.4481080297643789;Heurísticas
526852.0;914183.8668999999;0.4483297816875302;Heurísticas
526825.0;916694.5580000002;0.442886542474896;Heurísticas
526817.0;825153.0552000002;0.4706018226699535;Heurísticas
526811.0;966570.6820999999;0.4255249135060123;Heurísticas
526673.0;855449.0302;0.4576763174374276;Heurísticas
526497.0;899385.4731000001;0.44826709619160643;Heurísticas
526457.0;989180.9049;0.4254139865168318;Heurísticas
526341.0;900935.0233999998;0.4429167301194299;Heurísticas
526170.0;1055125.2578999999;0.41223654341797566;Heurísticas
526080.0;1082393.8966;0.4001173969486355;Heurísticas
525965.0;817376.2176000001;0.4718257089068473;Heurísticas
525862.0;883824.1017000001;0.45287612592417853;Heurísticas
525739.0;850163.6384;0.4591333300799769;Heurísticas
525656.0;940210.5596999999;0.4317936948724572;Heurísticas
525578.0;812269.8486000001;0.46635674946332356;Heurísticas
525319.0;871705.7985000001;0.454342472095614;Heurísticas
525318.0;808675.8337000001;0.4706018226699535;Heurísticas
525016.0;820726.8517;0.4618547505461183;Heurísticas
524990.0;910556.4506999998;0.44083900853958824;Heurísticas
524790.0;924492.4001999998;0.4358111175090139;Heurísticas
524778.0;801838.5913000001;0.4743670245511105;Heurísticas
524755.0;794453.4757000001;0.4761465561686483;Heurísticas
524741.0;892822.8434000001;0.44988620049931366;Heurísticas
524648.0;782263.8325000003;0.47515361269531015;Heurísticas
524630.0;891399.3002000002;0.4480518580384107;Heurísticas
524545.0;778626.5874000001;0.4765737059385811;Heurísticas
524537.0;794841.5865000003;0.4750918257541183;Heurísticas
524502.0;894861.1371;0.4460856573078126;Heurísticas
524490.0;833239.8767;0.4605604426336636;Heurísticas
524475.0;776105.4084000002;0.47401017513007276;Heurísticas
524472.0;785805.2899000001;0.4671414594804477;Heurísticas
524253.0;802788.5114000001;0.46592075642157643;Heurísticas
524214.0;773796.3923000004;0.47614655616864837;Heurísticas
524174.0;778620.8523000001;0.4732541709130587;Heurísticas
524130.0;771738.2845000004;0.4704628762549628;Heurísticas
515151.0;602362.0022000001;0.48708615139082057;Heurísticas
514017.0;599697.2412000003;0.4884369055762019;Heurísticas
513973.0;601182.1965000002;0.4805534679518427;Heurísticas
513898.0;580705.0851000001;0.48701806281218496;Heurísticas
513656.0;596420.4140000003;0.48627115873305365;Heurísticas
513586.0;598821.5569000002;0.4858602756273303;Heurísticas
513146.0;595624.4479000001;0.48532402323096074;Heurísticas
513127.0;599133.6807000001;0.4853216901398517;Heurísticas
512919.0;585801.6346000002;0.48263661931705354;Heurísticas
512725.0;580448.5270000001;0.4851596515740254;Heurísticas
512685.0;577622.7922000001;0.4834806890305951;Heurísticas
512310.0;560346.1372000001;0.4891090617261467;Heurísticas
512014.0;567274.6995000003;0.48701806281218496;Heurísticas
511781.0;555101.0080000001;0.48975651203200116;Heurísticas
511668.0;557802.0408;0.4850923904051005;Heurísticas
510880.0;571087.0781000002;0.48452855297477193;Heurísticas
510625.0;544671.7473999999;0.48975651203200105;Heurísticas
510324.0;596911.8187000003;0.4810914631878411;Heurísticas
510193.0;542578.6841000001;0.4897565120320011;Heurísticas
510185.0;546695.1780000001;0.4887612882917263;Heurísticas
510020.0;578989.6170000001;0.4786905536962074;Heurísticas
509772.0;544257.2889;0.48738948857358516;Heurísticas
509443.0;552124.3734;0.4868392908585276;Heurísticas
508887.0;527307.0300000001;0.48940560842105385;Heurísticas
508597.0;534172.8541;0.4887612882917263;Heurísticas
508544.0;504444.26550000004;0.4906204894221207;Heurísticas
508041.0;518207.5875000002;0.48957033171633313;Heurísticas
507883.0;517816.7051000002;0.48892473974173617;Heurísticas
507611.0;536030.1958000001;0.4873984012425824;Heurísticas
507538.0;555732.0090000001;0.4815113365872564;Heurísticas
507299.0;541797.1066;0.48674450171297534;Heurísticas
507277.0;622033.6226000001;0.47333110794855715;Heurísticas
507009.0;515172.58219999995;0.48552392567251623;Heurísticas
506975.0;496526.5294;0.49134755266778823;Heurísticas
506775.0;551241.6807000001;0.4805534679518427;Heurísticas
506629.0;506291.3357999999;0.48773724191794093;Heurísticas
506459.0;559773.5832000002;0.47963505839188897;Heurísticas
506396.0;601814.7938000001;0.47540849697408105;Heurísticas
506345.0;593123.2714000003;0.4760681582363911;Heurísticas
506134.0;504182.03410000005;0.4906204894221208;Heurísticas
505969.0;539379.2395;0.4823125937071046;Heurísticas
505157.0;558266.5401;0.4789557319524526;Heurísticas
504956.0;530665.1078000001;0.4840359608142274;Heurísticas
504771.0;483259.82619999995;0.4927576830355388;Heurísticas
504755.0;479429.82690000004;0.4922673790064503;Heurísticas
504734.0;578817.7159000002;0.4766258594459198;Heurísticas
504319.0;486510.5914999999;0.49155158550366096;Heurísticas
504193.0;526174.7795000001;0.48315359277817005;Heurísticas
503335.0;546148.9529;0.482201296545887;Heurísticas
503234.0;574465.9626000001;0.478410646531662;Heurísticas
503203.0;613476.6612000004;0.4746748769650058;Heurísticas
503058.0;537131.1296;0.48303606704201724;Heurísticas
502988.0;471219.47679999983;0.49210114930942184;Heurísticas
502773.0;480639.7127;0.4900253110368083;Heurísticas
502387.0;514132.1983999998;0.4875828090416876;Heurísticas
482051.0;186894.4203;0.4868228436007747;Heurísticas
481649.0;135463.32489999998;0.48645553697625743;Heurísticas
481282.0;123521.1562;0.48634823540399363;Heurísticas
480895.0;117787.3156;0.485056562697171;Heurísticas
480720.0;117787.31559999999;0.48563898320748117;Heurísticas
480347.0;108339.1973;0.48392953719183335;Heurísticas
480254.0;188889.2515;0.4832998680136665;Heurísticas
480163.0;220401.3566;0.4832669374183745;Heurísticas
480145.0;108339.19729999999;0.4839295371918333;Heurísticas
480024.0;96033.02369999999;0.48392953719183335;Heurísticas
480013.0;182026.12250000003;0.4821173975786175;Heurísticas
479789.0;108339.1973;0.4830363747862765;Heurísticas
479702.0;89806.1961;0.4821173975786175;Heurísticas
479269.0;87106.03029999998;0.4830363747862766;Heurísticas
479233.0;98273.2085;0.48211739757861743;Heurísticas
479164.0;91501.36760000001;0.48211739757861743;Heurísticas
479100.0;81888.4355;0.48292586234731616;Heurísticas
479052.0;81542.5239;0.4821173975786175;Heurísticas
478862.0;80067.36899999999;0.48211739757861743;Heurísticas
478837.0;70821.0603;0.4802014017624536;Heurísticas
478760.0;0.0;0.474913638596668;Heurísticas
478575.0;0.0;0.47406455201095066;Heurísticas
477096.0;0.0;0.4737820828691891;Heurísticas
476669.0;0.0;0.4726231725719218;Heurísticas
475879.0;0.0;0.47172366598538745;Heurísticas
474713.0;0.0;0.47143670597162285;Heurísticas
474601.0;0.0;0.47131656233942015;Heurísticas
474571.0;0.0;0.47022247447792476;Heurísticas
472867.0;0.0;0.46898026243356444;Heurísticas
472340.0;0.0;0.4688582269898705;Heurísticas
472170.0;0.0;0.4677098468941068;Heurísticas
471291.0;0.0;0.4677098468941067;Heurísticas
471219.0;0.0;0.46641099739661496;Heurísticas
470026.0;0.0;0.46538217458081543;Heurísticas
469837.0;0.0;0.46508347571661296;Heurísticas
469160.0;0.0;0.4650434003882769;Heurísticas
468992.0;0.0;0.46495850809196854;Heurísticas
468788.0;0.0;0.46402817644510863;Heurísticas
468266.0;0.0;0.463727035612683;Heurísticas
468134.0;0.0;0.46264503880806707;Heurísticas
467598.0;0.0;0.46234142255799665;Heurísticas
467573.0;0.0;0.46127058697800283;Heurísticas
465563.0;0.0;0.46123249952036766;Heurísticas
465503.0;0.0;0.45952005010444896;Heurísticas
465126.0;0.0;0.45948161635328966;Heurísticas
464169.0;0.0;0.4580564652159633;Heurísticas
463867.0;0.0;0.45804561754934603;Heurísticas
463545.0;0.0;0.4580068701072996;Heurísticas
462664.0;0.0;0.4565018440769779;Heurísticas
462636.0;0.0;0.455322116728438;Heurísticas
460833.0;0.0;0.4549662377662997;Heurísticas
460214.0;0.0;0.4548339359588618;Heurísticas
460165.0;0.0;0.45339974046100245;Heurísticas
458538.0;0.0;0.45053786867969475;Heurísticas
458036.0;0.0;0.45049752191552744;Heurísticas
457350.0;0.0;0.45041364294225833;Heurísticas
456496.0;0.0;0.4501292100273107;Heurísticas
456113.0;0.0;0.44851163392581783;Heurísticas
454836.0;0.0;0.446870831176407;Heurísticas
454649.0;0.0;0.446818247204679;Heurísticas
454031.0;0.0;0.4466802194994273;Heurísticas
454023.0;0.0;0.44513368368371353;Heurísticas
452890.0;0.0;0.44509224839875394;Heurísticas
452777.0;0.0;0.4436695714869511;Heurísticas
452691.0;0.0;0.443669571486951;Heurísticas
452496.0;0.0;0.44337505251207265;Heurísticas
452039.0;0.0;0.4433332566090619;Heurísticas
451989.0;0.0;0.44192232193971587;Heurísticas
451300.0;0.0;0.44188020403681577;Heurísticas
450975.0;0.0;0.4400995818851077;Heurísticas
449199.0;0.0;0.43819981364219174;Heurísticas
448328.0;0.0;0.4378972246987807;Heurísticas
447562.0;0.0;0.4378543097840544;Heurísticas
447252.0;0.0;0.4363079332034713;Heurísticas
446227.0;0.0;0.4362179439937833;Heurísticas
446105.0;0.0;0.4359592601984515;Heurísticas
445682.0;0.0;0.43438099838489574;Heurísticas
445491.0;0.0;0.43407279413882;Heurísticas
444697.0;0.0;0.43246258586877734;Heurísticas
444169.0;0.0;0.4324185405608491;Heurísticas
443620.0;0.0;0.432418540560849;Heurísticas
443608.0;0.0;0.43216388988583937;Heurísticas
443413.0;0.0;0.43046452575082245;Heurísticas
443326.0;0.0;0.4304200738407019;Heurísticas
442777.0;0.0;0.4301630093310077;Heurísticas
442283.0;0.0;0.4301060508170556;Heurísticas
441869.0;0.0;0.4283850942675743;Heurísticas
441068.0;0.0;0.4280680810810784;Heurísticas
440350.0;0.0;0.4263583671995345;Heurísticas
439531.0;0.0;0.42631307896613263;Heurísticas
439518.0;0.0;0.42599301920662197;Heurísticas
438791.0;0.0;0.42420348523541246;Heurísticas
438059.0;0.0;0.42393890469159473;Heurísticas
437445.0;0.0;0.4221609855581222;Heurísticas
436568.0;0.0;0.4221019068395659;Heurísticas
436076.0;0.0;0.42205574958233166;Heurísticas
435767.0;0.0;0.4217294191794966;Heurísticas
434825.0;0.0;0.4216832082553839;Heurísticas
434638.0;0.0;0.41986928669108164;Heurísticas
434151.0;0.0;0.41959944970661;Heurísticas
434101.0;0.0;0.41955279879175245;Heurísticas
434032.0;0.0;0.4176905497608409;Heurísticas
433551.0;0.0;0.41764348832322895;Heurísticas
432439.0;0.0;0.41754550196684387;Heurísticas
432238.0;0.0;0.4173238353223839;Heurísticas
431725.0;0.0;0.41537772214269447;Heurísticas
431561.0;0.0;0.41504150815864177;Heurísticas
430986.0;0.0;0.4149939235576109;Heurísticas
430166.0;0.0;0.4131193339542472;Heurísticas
429676.0;0.0;0.41307133045934935;Heurísticas
429344.0;0.0;0.4126836229375013;Heurísticas
429025.0;0.0;0.41077211854318646;Heurísticas
427664.0;0.0;0.41038047821105145;Heurísticas
427459.0;0.0;0.4103804782110514;Heurísticas
426469.0;0.0;0.4083828913402954;Heurísticas
425690.0;0.0;0.40793812592967305;Heurísticas
424682.0;0.0;0.4077731496416694;Heurísticas
424667.0;0.0;0.40595091056407645;Heurísticas
424448.0;0.0;0.4055510244398753;Heurísticas
423784.0;0.0;0.40550146791611424;Heurísticas
422772.0;0.0;0.4053843521395409;Heurísticas
422738.0;0.0;0.4034253894351409;Heurísticas
422546.0;0.0;0.4030712550033763;Heurísticas
421374.0;0.0;0.40095556278535105;Heurísticas
420640.0;0.0;0.40054705476024266;Heurísticas
419857.0;0.0;0.40049644457394723;Heurísticas
419277.0;0.0;0.39839054835787696;Heurísticas
418077.0;0.0;0.3983394594132892;Heurísticas
417990.0;0.0;0.39816757957923526;Heurísticas
417866.0;0.0;0.39792642266568556;Heurísticas
417486.0;0.0;0.3978055011680356;Heurísticas
416527.0;0.0;0.39572783562705455;Heurísticas
416198.0;0.0;0.39536194285154685;Heurísticas
415141.0;0.0;0.3951879779576098;Heurísticas
414346.0;0.0;0.3928935363478114;Heurísticas
413629.0;0.0;0.3926992260833812;Heurísticas
413067.0;0.0;0.39264693960072494;Heurísticas
411893.0;0.0;0.3902378391543033;Heurísticas
411348.0;0.0;0.3897576794276168;Heurísticas
410023.0;0.0;0.387660579120194;Heurísticas
409988.0;0.0;0.387297094572618;Heurísticas
409357.0;0.0;0.386995226934634;Heurísticas
407893.0;0.0;0.38485569594705366;Heurísticas
407611.0;0.0;0.38467395062624704;Heurísticas
407227.0;0.0;0.384182594541866;Heurísticas
405179.0;0.0;0.3819997278576505;Heurísticas
404866.0;0.0;0.38155757131062035;Heurísticas
404856.0;0.0;0.38131867185989315;Heurísticas
403110.0;0.0;0.3789054480980192;Heurísticas
402230.0;0.0;0.37864404516948313;Heurísticas
402209.0;0.0;0.3784577041182423;Heurísticas
400600.0;0.0;0.37594153624513665;Heurísticas
399699.0;0.0;0.3754883193103629;Heurísticas
398160.0;0.0;0.37299539396452425;Heurísticas
396562.0;0.0;0.3727275390719426;Heurísticas
395857.0;0.0;0.3725366574978153;Heurísticas
395668.0;0.0;0.3699836783293585;Heurísticas
394611.0;0.0;0.36979061651320133;Heurísticas
393974.0;0.0;0.36965021846375634;Heurísticas
393462.0;0.0;0.36957669134283583;Heurísticas
392527.0;0.0;0.36957669134283566;Heurísticas
392223.0;0.0;0.3667900306838273;Heurísticas
391347.0;0.0;0.3665152833366167;Heurísticas
389691.0;0.0;0.3661868328183039;Heurísticas
389434.0;0.0;0.3636634172791184;Heurísticas
388733.0;0.0;0.36352423824519475;Heurísticas
388496.0;0.0;0.36332124230449697;Heurísticas
385797.0;0.0;0.3600665224390984;Heurísticas
382800.0;0.0;0.35674946297707844;Heurísticas
379779.0;0.0;0.35542047091021184;Heurísticas
378449.0;0.0;0.3531619358921711;Heurísticas
375577.0;0.0;0.35021513496459733;Heurísticas
373110.0;0.0;0.3501356271655764;Heurísticas
372549.0;0.0;0.3499212006788894;Heurísticas
371901.0;0.0;0.3464061709635544;Heurísticas
367901.0;0.0;0.34392450969744576;Heurísticas
367722.0;0.0;0.34282112997895786;Heurísticas
363722.0;0.0;0.3403005996891338;Heurísticas
362665.0;0.0;0.3400833634211519;Heurísticas
359851.0;0.0;0.3377341776572194;Heurísticas
357953.0;0.0;0.3354319912603948;Heurísticas
353953.0;0.0;0.3328294871989607;Heurísticas
352412.0;0.0;0.3319396585843121;Heurísticas
350932.0;0.0;0.3313636698701232;Heurísticas
348568.0;0.0;0.32897721375698113;Heurísticas
346917.0;0.0;0.32773423301075727;Heurísticas
342917.0;0.0;0.3250434587479552;Heurísticas
340941.0;0.0;0.32497483574355773;Heurísticas
339321.0;0.0;0.3235302032725649;Heurísticas
336378.0;0.0;0.32102522682758555;Heurísticas
335321.0;0.0;0.3207903253702491;Heurísticas
333357.0;0.0;0.31948527790589515;Heurísticas
332300.0;0.0;0.3192490740268842;Heurísticas
328215.0;0.0;0.31772114591781325;Heurísticas
325542.0;0.0;0.31629547779065875;Heurísticas
322962.0;0.0;0.31458675777161804;Heurísticas
319941.0;0.0;0.31300868942202126;Heurísticas
316123.0;0.0;0.31110617950723274;Heurísticas
313183.0;0.0;0.3104357701260287;Heurísticas
309913.0;0.0;0.309764459925637;Heurísticas
309365.0;0.0;0.30885471753048305;Heurísticas
308112.0;0.0;0.3081747294061725;Heurísticas
303155.0;0.0;0.30668068388784386;Heurísticas
301354.0;0.0;0.3058960106632586;Heurísticas
296753.0;0.0;0.30492778181455726;Heurísticas
296397.0;0.0;0.304853334708235;Heurísticas
294596.0;0.0;0.3044736769758246;Heurísticas
289639.0;0.0;0.30355522116925376;Heurísticas
282881.0;0.0;0.3024776887298245;Heurísticas
274162.0;0.0;0.30147825900640324;Heurísticas
267404.0;0.0;0.3003955965471573;Heurísticas
260646.0;0.0;0.29954091856321846;Heurísticas
