Meta_9;39010;0.0;0.4444444444444444;38080;21132.655199999997;0.4444421107948738;0;4.529540304869545E-15
Meta_10;39010;0.0;0.5;38027;18229.4006;0.4841229182759271;0;0.0
Meta_8;39010;0.0;0.38888888888888884;38686;44468.96595786732;0.38888870991132246;3;0.0
Meta_5;39010;0.0;0.2222222222222222;38459;41371.18784349908;0.3693575598196595;5;0.0
Meta_4;39010;0.0;0.16666666666666666;38458;41350.59669904003;0.36935248667088083;5;0.0
Meta_7;39010;0.0;0.3333333333333333;38459;41371.18784349908;0.3693575598196595;6;0.0
Meta_2;39010;0.0;0.05555555555555555;38460;41391.778987958125;0.36936282072973015;8;0.0
Meta_6;39010;0.0;0.2777777777777778;38459;41371.18784349908;0.3693575598196595;9;0.0
Meta_12;39010;25420.228711111115;0.05555555555555555;38459;41371.18784349908;0.3693575598196595;8;0.0
Meta_3;39010;0.0;0.1111111111111111;38460;41391.611743499074;0.3693629434113242;10;0.0
Meta_14;39010;25420.228711111115;0.16666666666666666;38461;41418.677543499085;0.36936446958108576;4;0.0
Meta_20;39010;25420.228711111115;0.5;38223;25430.6758;0.4566799739983354;0;1.153163874878262E-14
Meta_19;39010;25420.228711111115;0.4444444444444444;38218;25456.173899999998;0.4444405754464209;0;0.0
Meta_13;39010;25420.228711111115;0.1111111111111111;38458;41350.59669904003;0.36935248667088083;7;0.0
Meta_1;39010;0.0;0.0;38459;41371.18784349908;0.3693575598196595;11;0.0
Meta_18;39010;25420.228711111115;0.38888888888888884;38686;44468.96595786732;0.38888870991132246;1;7.573967328051596E-15
Meta_15;39010;25420.228711111115;0.2222222222222222;38461;41418.84478795813;0.36936441830338274;6;0.0
Meta_17;39010;25420.228711111115;0.3333333333333333;38460;41391.611743499074;0.3693629434113242;5;0.0
Meta_28;39010;50840.45742222223;0.38888888888888884;38883;50854.39385786732;0.38877068486369903;0;0.0
Meta_16;39010;25420.228711111115;0.2777777777777778;38460;41391.778987958125;0.36936282072973015;9;0.0
Meta_29;39010;50840.45742222223;0.4444444444444444;38892;50836.39115786732;0.40929357504366426;0;0.0
Meta_30;39010;50840.45742222223;0.5;38892;50836.39115786732;0.40929357504366426;0;0.0
Meta_11;39010;25420.228711111115;0.0;38460;41398.08639904003;0.3693594711073562;17;0.0
Meta_27;39010;50840.45742222223;0.3333333333333333;38601;44981.59557792786;0.37074594996005233;9;0.0
Meta_22;39010;50840.45742222223;0.05555555555555555;38602;45002.186722386905;0.37076288447174477;17;0.0
Meta_31;39010;76260.68613333334;0.0;38597;44852.70793346881;0.3706783366375159;20;0.0
Meta_23;39010;50840.45742222223;0.1111111111111111;38603;50834.403749717196;0.3707802514519347;43;6.118447218813034E-7
Meta_34;39010;76260.68613333334;0.16666666666666666;38598;55755.604499999994;0.37069533163013135;38;0.0
Meta_38;39010;76260.68613333334;0.38888888888888884;39001;68666.1213;0.3888429246506527;0;0.0
Meta_39;39010;76260.68613333334;0.4444444444444444;39010;56086.15215786732;0.3903123748998999;0;0.0
Meta_40;39010;76260.68613333334;0.5;39010;61273.822757867325;0.3903123748998999;0;1.0E100
Meta_25;39010;50840.45742222223;0.2222222222222222;38598;44879.773733468806;0.37069533163013135;55;0.0
Meta_37;39010;76260.68613333334;0.3333333333333333;38601;44981.59557792786;0.37074594996005245;12;0.0
Meta_42;39010;101680.91484444446;0.05555555555555555;38599;44933.93863346881;0.37071240444648146;11;0.0
Meta_35;39010;76260.68613333334;0.2222222222222222;38602;44986.03666684596;0.37076328609614817;61;0.0
Meta_45;39010;101680.91484444446;0.2222222222222222;38600;44961.00443346881;0.37072920181349917;5;0.0
Meta_21;39010;50840.45742222223;0.0;38600;45396.83695523825;0.37072915842349;92;0.0
Meta_47;39010;101680.91484444446;0.3333333333333333;38602;55904.2408;0.3707632860961482;10;0.0
Meta_48;39010;101680.91484444446;0.38888888888888884;39001;57555.93262264981;0.3888584290366823;0;0.0
Meta_49;39010;101680.91484444446;0.4444444444444444;39010;76183.58855786732;0.3903123748998999;0;1.0E100
Meta_50;39010;101680.91484444446;0.5;39010;61273.822757867325;0.3903123748998999;0;0.0
Meta_26;39010;50840.45742222223;0.2777777777777778;38599;44910.04027792786;0.3707122808881709;108;0.0
Meta_52;39010;127101.14355555558;0.05555555555555555;38601;55861.7769;0.37074619523559915;20;0.0
Meta_24;39010;50840.45742222223;0.16666666666666666;38599;44952.41364455071;0.3707122808881709;136;6.527607124982678E-7
Meta_46;39010;101680.91484444446;0.2777777777777778;38601;44981.59557792786;0.37074594996005245;457;0.0
Meta_55;39010;127101.14355555558;0.2222222222222222;38602;55906.2664;0.37076288447174477;28;0.0
Meta_36;39010;76260.68613333334;0.2777777777777778;38600;44961.00443346881;0.37072920181349917;788;0.0
Meta_57;39010;127101.14355555558;0.3333333333333333;38600;44945.02162238691;0.37073007732597574;9;0.0
Meta_58;39010;127101.14355555558;0.38888888888888884;39001;55826.991213276815;0.3888429246506527;0;0.0
Meta_59;39010;127101.14355555558;0.4444444444444444;39010;93382.82455786732;0.3903123748998999;0;0.0
Meta_60;39010;127101.14355555558;0.5;39010;93382.82455786732;0.3903123748998999;0;1.0E100
Meta_43;39010;101680.91484444446;0.1111111111111111;38601;45475.9515218611;0.37074594996005245;785;0.0
Meta_56;39010;127101.14355555558;0.2777777777777778;38599;55785.871044459054;0.3707122808881709;545;1.0983570273460212E-7
Meta_41;39010;101680.91484444446;0.0;38600;55759.738266754306;0.3707291760106946;1331;7.799311769000459E-7
Meta_33;39010;76260.68613333334;0.1111111111111111;38599;48290.23420775576;0.37071218926434324;1878;5.559348542979649E-7
Meta_44;39010;101680.91484444446;0.16666666666666666;38602;52982.504103023435;0.37076288447174477;2862;6.45115492267368E-7
Meta_63;39010;152521.37226666667;0.1111111111111111;38600;55632.61816688576;0.3707291760106946;2060;0.0
Meta_67;39010;152521.37226666667;0.3333333333333333;38602;45002.186722386905;0.37076288447174477;62;0.0
Meta_68;39010;152521.37226666667;0.38888888888888884;39001;98170.08965786733;0.3888429246506527;0;0.0
Meta_69;39010;152521.37226666667;0.4444444444444444;39010;69066.5268;0.3903123748998999;0;1.0E100
Meta_70;39010;152521.37226666667;0.5;39010;56086.15215786732;0.3903123748998999;0;0.0
Meta_71;39010;177941.6009777778;0.0;38601;159888.00037792782;0.37074594996005245;32;0.0
Meta_32;39010;76260.68613333334;0.05555555555555555;38601;55857.426344459054;0.37074594996005245;3600;0.0024747798403905886
Meta_54;39010;127101.14355555558;0.16666666666666666;38601;44981.59557792786;0.37074594996005245;3488;5.477833845907619E-7
Meta_73;39010;177941.6009777778;0.1111111111111111;38602;159908.59152238688;0.37076288447174477;30;0.0
Meta_75;39010;177941.6009777778;0.2222222222222222;38601;55871.550800000005;0.37074594996005245;23;0.0
Meta_76;39010;177941.6009777778;0.2777777777777778;38601;55869.525200000004;0.3707461290874688;14;0.0
Meta_77;39010;177941.6009777778;0.3333333333333333;38602;159902.11686684596;0.3707632782278739;10;0.0
Meta_78;39010;177941.6009777778;0.38888888888888884;39001;55709.81225786732;0.3888458437238558;0;0.0
Meta_79;39010;177941.6009777778;0.4444444444444444;39010;69066.5268;0.3903123748998999;0;1.0E100
Meta_80;39010;177941.6009777778;0.5;39010;160461.36561711307;0.3903123748998999;0;0.0
Meta_51;39010;127101.14355555558;0.0;38597;54888.72116754302;0.37067886274992007;3600;0.02375527632141999
Meta_53;39010;127101.14355555558;0.1111111111111111;38598;44873.299077927855;0.3706952177054814;3600;0.02576975179020882
Meta_82;39010;203361.82968888892;0.05555555555555555;38601;44975.12092238691;0.37074613394634964;31;0.0
Meta_84;39010;203361.82968888892;0.16666666666666666;38600;178245.9205;0.3707291873959899;18;0.0
Meta_85;39010;203361.82968888892;0.2222222222222222;38603;45022.77786684596;0.3707800053230407;15;0.0
Meta_81;39010;203361.82968888892;0.0;38598;178182.1135;0.3706952177054814;97;4.809143100349694E-7
Meta_87;39010;203361.82968888892;0.3333333333333333;38601;178290.41;0.37074594996005245;9;0.0
Meta_88;39010;203361.82968888892;0.38888888888888884;39001;80970.85365786732;0.3888429246506527;0;0.0
Meta_89;39010;203361.82968888892;0.4444444444444444;39010;155273.69501711312;0.3903123748998999;0;0.0
Meta_90;39010;203361.82968888892;0.5;39010;155273.69501711312;0.3903123748998999;0;0.0
Meta_72;39010;177941.6009777778;0.05555555555555555;38602;44978.288366845954;0.37076338941644993;537;5.36209843003845E-7
Meta_86;39010;203361.82968888892;0.2777777777777778;38599;44917.78857792786;0.3707123194415165;49;0.0
Meta_93;39010;228782.05840000004;0.1111111111111111;38597;159752.63807792784;0.37067886274992007;12;0.0
Meta_92;39010;228782.05840000004;0.05555555555555555;38597;44852.87517792786;0.37067871783845524;25;0.0
Meta_94;39010;228782.05840000004;0.16666666666666666;38601;44965.445522386915;0.3707461290874688;14;1.553035615562085E-7
Meta_91;39010;228782.05840000004;0.0;38602;178325.1256;0.37076288447174477;52;0.0
Meta_95;39010;228782.05840000004;0.2222222222222222;38602;55906.2664;0.37076288447174477;14;0.0
Meta_98;39010;228782.05840000004;0.38888888888888884;39001;216370.0875;0.3888429246506527;0;0.0
Meta_99;39010;228782.05840000004;0.4444444444444444;39010;170992.55695786735;0.39031237489989995;0;0.0
Meta_100;39010;228782.05840000004;0.5;39010;224071.68079999997;0.39031237489989995;0;1.0E100
Meta_101;38426;0.0;0.0;38426;40558.02615431807;0.36932032992400193;8;0.0
Meta_97;39010;228782.05840000004;0.3333333333333333;38600;44954.52977792786;0.3707291760106946;20;0.0
Meta_96;39010;228782.05840000004;0.2777777777777778;38603;45022.77786684596;0.3707800053230407;25;0.0
Meta_102;38426;0.0;0.05555555555555555;38426;40558.02615431807;0.36932032992400193;11;0.0
Meta_104;38426;0.0;0.16666666666666666;38426;40558.02615431807;0.36932032992400193;6;0.0
Meta_103;38426;0.0;0.1111111111111111;38426;40558.02615431807;0.36932032992400193;10;0.0
Meta_105;38426;0.0;0.2222222222222222;38426;40558.02615431807;0.36932032992400193;5;0.0
Meta_106;38426;0.0;0.2777777777777778;38426;40564.50080985902;0.369316832458033;5;0.0
Meta_109;38426;0.0;0.4444444444444444;38080;21132.655199999997;0.4444421107948738;0;0.0
Meta_107;38426;0.0;0.3333333333333333;38426;40558.02615431807;0.36932032992400193;2;0.0
Meta_110;38426;0.0;0.5;38027;18229.4006;0.4841229182759271;0;0.0
Meta_108;38426;0.0;0.38888888888888884;38426;37530.6686016691;0.38888863890916736;2;0.0
Meta_112;38426;25420.228711111115;0.05555555555555555;38426;40558.02615431807;0.36932032992400193;4;0.0
Meta_111;38426;25420.228711111115;0.0;38426;40558.02615431807;0.36932032992400193;6;0.0
Meta_113;38426;25420.228711111115;0.1111111111111111;38426;40558.02615431807;0.369320329924002;10;0.0
Meta_114;38426;25420.228711111115;0.16666666666666666;38426;40564.50080985902;0.369316832458033;5;0.0
Meta_115;38426;25420.228711111115;0.2222222222222222;38426;40558.02615431807;0.36932032992400193;6;0.0
Meta_117;38426;25420.228711111115;0.3333333333333333;38426;40558.02615431807;0.36932032992400193;2;0.0
Meta_119;38426;25420.228711111115;0.4444444444444444;38218;25456.173899999998;0.4444405754464204;0;0.0
Meta_118;38426;25420.228711111115;0.38888888888888884;38426;37530.6686016691;0.38888863890916736;2;0.0
Meta_120;38426;25420.228711111115;0.5;38223;25430.6758;0.4566799739983354;0;0.0
Meta_116;38426;25420.228711111115;0.2777777777777778;38426;40558.02615431807;0.36932032992400193;9;0.0
Meta_122;38426;50840.45742222223;0.05555555555555555;38429;41772.63248651214;0.3692754453828406;24;0.0
Meta_121;38426;50840.45742222223;0.0;38429;40790.56249864567;0.3692749726327808;65;0.0
Meta_124;38426;50840.45742222223;0.16666666666666666;38431;49939.82576701722;0.3692755636558496;53;0.0
Meta_66;39010;152521.37226666667;0.2777777777777778;38603;54655.65654577359;0.3707800053230407;1077;7.609201677976835E-7
Meta_127;38426;50840.45742222223;0.3333333333333333;38426;40712.63900972757;0.36927555104874327;19;0.0
Meta_128;38426;50840.45742222223;0.38888888888888884;38426;47605.28426263944;0.38841729180150203;0;0.0
Meta_129;38426;50840.45742222223;0.4444444444444444;38426;43885.89945786732;0.43272767234522347;0;0.0
Meta_130;38426;50840.45742222223;0.5;38426;50243.190988615395;0.4285496067282638;0;1.0E100
Meta_125;38426;50840.45742222223;0.2222222222222222;38428;50198.633;0.3692752669115285;53;0.0
Meta_126;38426;50840.45742222223;0.2777777777777778;38430;40811.15364310471;0.36927500227848403;50;0.0
Meta_132;38426;76260.68613333334;0.05555555555555555;38429;40790.56249864567;0.3692749726327808;62;0.0
Meta_134;38426;76260.68613333334;0.16666666666666666;38429;50209.3815;0.3692753491348786;8;0.0
Meta_135;38426;76260.68613333334;0.2222222222222222;38428;42004.42318624923;0.36927543544191604;8;0.0
Meta_123;38426;50840.45742222223;0.1111111111111111;38430;40811.15364310471;0.36927500227848403;202;0.0
Meta_137;38426;76260.68613333334;0.3333333333333333;38430;40815.43545418662;0.3692756449368393;22;0.0
Meta_133;38426;76260.68613333334;0.1111111111111111;38430;47830.84080249762;0.3692750569355483;97;0.0
Meta_138;38426;76260.68613333334;0.38888888888888884;38426;76256.20065786732;0.3861788248986051;0;0.0
Meta_139;38426;76260.68613333334;0.4444444444444444;38426;50942.80555786732;0.42519400873756297;0;0.0
Meta_140;38426;76260.68613333334;0.5;38528;55320.7076;0.46351240544347894;0;0.0
Meta_141;38426;101680.91484444446;0.0;38430;40810.98639864566;0.3692750569355483;11;9.974507115180999E-8
Meta_131;38426;76260.68613333334;0.0;38431;42236.54054165873;0.3692753049783768;139;0.0
Meta_142;38426;101680.91484444446;0.05555555555555555;38428;41645.68759772548;0.36927513086264935;56;0.0
Meta_144;38426;101680.91484444446;0.16666666666666666;38429;40774.412443104724;0.36927518293824557;39;0.0
Meta_143;38426;101680.91484444446;0.1111111111111111;38429;40790.56249864567;0.3692749726327808;63;0.0
Meta_146;38426;101680.91484444446;0.2777777777777778;38428;40848.24343189136;0.3692752669115285;23;0.0
Meta_148;38426;101680.91484444446;0.38888888888888884;38536;87828.65895786732;0.3879166182952863;0;1.0E100
Meta_149;38426;101680.91484444446;0.4444444444444444;38426;90301.82887109228;0.4001402765205215;0;1.0E100
Meta_150;38426;101680.91484444446;0.5;38426;86081.94615103173;0.3944662427438582;0;1.0E100
Meta_62;39010;152521.37226666667;0.05555555555555555;38601;53969.09985751275;0.37074619523559915;3519;6.951784263381128E-7
Meta_136;38426;76260.68613333334;0.2777777777777778;38428;41897.73495300353;0.36927552368744354;267;0.0
Meta_153;38426;127101.14355555558;0.1111111111111111;38431;50280.8383;0.3692750347321032;8;0.0
Meta_74;39010;177941.6009777778;0.16666666666666666;38602;159908.59152238688;0.37076288447174477;781;5.3617062770987225E-8
Meta_154;38426;127101.14355555558;0.16666666666666666;38429;49065.46784564214;0.36927518293824557;20;7.492907218038526E-7
Meta_61;39010;152521.37226666667;0.0;38599;55719.697822295246;0.37071218926434324;3600;0.004158043245996689
Meta_157;38426;127101.14355555558;0.3333333333333333;38427;49865.278233640056;0.3692753475219915;6;0.0
Meta_158;38426;127101.14355555558;0.38888888888888884;38426;78130.13285786731;0.3877396258306424;0;0.0
Meta_159;38426;127101.14355555558;0.4444444444444444;38426;84545.0126;0.4308184584095097;0;1.0E100
Meta_160;38426;127101.14355555558;0.5;38426;86081.94615103173;0.3944662427438582;0;1.0E100
Meta_156;38426;127101.14355555558;0.2777777777777778;38432;41586.64037569314;0.3692752004041955;24;0.0
Meta_161;38426;152521.37226666667;0.0;38431;49687.61116728012;0.3692750347321032;11;0.0
Meta_155;38426;127101.14355555558;0.2222222222222222;38426;49265.58441200208;0.36927544747745894;124;0.0
Meta_162;38426;152521.37226666667;0.05555555555555555;38430;50260.414399999994;0.36927500227848403;92;1.4466628036788618E-8
Meta_165;38426;152521.37226666667;0.2222222222222222;38428;41702.18541988928;0.36927513086264935;13;0.0
Meta_163;38426;152521.37226666667;0.1111111111111111;38429;49291.45913429733;0.36927518293824557;115;0.0
Meta_166;38426;152521.37226666667;0.2777777777777778;38429;40774.24519864567;0.3692753491348786;48;0.0
Meta_168;38426;152521.37226666667;0.38888888888888884;38426;90107.01815786731;0.3873088376344384;0;0.0
Meta_169;38426;152521.37226666667;0.4444444444444444;38426;86119.07442094092;0.42817448986256834;0;1.0E100
Meta_170;38426;152521.37226666667;0.5;38426;104328.26180000001;0.4312086739455057;0;1.0E100
Meta_171;38426;177941.6009777778;0.0;38426;173408.92740000002;0.36895999575808003;23;0.0
Meta_172;38426;177941.6009777778;0.05555555555555555;38426;173405.2294;0.3689593884584723;51;0.0
Meta_64;39010;152521.37226666667;0.16666666666666666;38599;49632.057484145975;0.37071218926434324;3359;4.763380228328797E-7
Meta_152;38426;127101.14355555558;0.05555555555555555;38431;41276.077564874155;0.3692753049783768;404;0.0
Meta_173;38426;177941.6009777778;0.1111111111111111;38426;173405.2294;0.3689593884584723;89;0.0
Meta_175;38426;177941.6009777778;0.2222222222222222;38426;173405.2294;0.3689593884584723;22;0.0
Meta_177;38426;177941.6009777778;0.3333333333333333;38426;173399.5058;0.3689596612394392;16;0.0
Meta_178;38426;177941.6009777778;0.38888888888888884;38426;88239.47795786732;0.38747555113882215;0;1.0E100
Meta_176;38426;177941.6009777778;0.2777777777777778;38426;173405.2294;0.3689593884584723;34;0.0
Meta_179;38426;177941.6009777778;0.4444444444444444;38426;143969.08091606147;0.4315021437266214;0;0.0
Meta_180;38426;177941.6009777778;0.5;38426;104328.26180000001;0.4312086739455057;0;1.0E100
Meta_174;38426;177941.6009777778;0.16666666666666666;38426;173405.2294;0.3689593884584723;70;0.0
Meta_183;38426;203361.82968888892;0.1111111111111111;38426;173405.2294;0.3689593884584723;23;0.0
Meta_184;38426;203361.82968888892;0.16666666666666666;38426;173391.856;0.36895952478332217;10;0.0
Meta_182;38426;203361.82968888892;0.05555555555555555;38426;173410.8536;0.36896012544029316;42;0.0
Meta_181;38426;203361.82968888892;0.0;38426;173389.8304;0.3689595144582657;46;0.0
Meta_186;38426;203361.82968888892;0.2777777777777778;38426;173376.45700000002;0.36895962775835417;18;0.0
Meta_188;38426;203361.82968888892;0.38888888888888884;38432;138734.5442607834;0.38675271136502615;0;1.0E100
Meta_189;38426;203361.82968888892;0.4444444444444444;38426;71410.0432;0.42818195396468717;0;1.0E100
Meta_190;38426;203361.82968888892;0.5;38672;104164.8706;0.4330127018922193;0;1.0E100
Meta_185;38426;203361.82968888892;0.2222222222222222;38426;173405.2294;0.3689593884584723;81;0.0
Meta_145;38426;101680.91484444446;0.2222222222222222;38430;48353.61290197181;0.36927500227848403;770;0.0
Meta_192;38426;228782.05840000004;0.05555555555555555;38426;173391.856;0.36895952478332217;51;0.0
Meta_187;38426;203361.82968888892;0.3333333333333333;38426;173408.92740000002;0.36895999575808003;161;0.0
Meta_194;38426;228782.05840000004;0.16666666666666666;38426;173405.2294;0.3689593884584723;33;0.0
Meta_196;38426;228782.05840000004;0.2777777777777778;38426;173405.2294;0.3689593884584723;16;0.0
Meta_195;38426;228782.05840000004;0.2222222222222222;38426;173405.2294;0.3689593884584723;27;0.0
Meta_193;38426;228782.05840000004;0.1111111111111111;38426;173395.55400000003;0.3689599244630302;68;0.0
Meta_198;38426;228782.05840000004;0.38888888888888884;38426;185269.4890102775;0.3883574890953597;0;0.0
Meta_200;38426;228782.05840000004;0.5;38672;104164.8706;0.4330127018922193;0;1.0E100
Meta_199;38426;228782.05840000004;0.4444444444444444;38426;218980.83860000002;0.4055296034849577;0;1.0E100
Meta_197;38426;228782.05840000004;0.3333333333333333;38426;173405.2294;0.3689593884584723;24;0.0
Meta_167;38426;152521.37226666667;0.3333333333333333;38429;40951.38846513706;0.3692757091297797;496;0.0
Meta_202;37842;0.0;0.05555555555555555;38173;37227.644464216886;0.3703029383747298;37;0.0
Meta_203;37842;0.0;0.1111111111111111;38287;37163.837464216886;0.37034003556862866;35;0.0
Meta_205;37842;0.0;0.2222222222222222;38173;37227.644464216886;0.3703029383747298;17;0.0
Meta_204;37842;0.0;0.16666666666666666;38289;37227.644464216886;0.3703029383747298;36;0.0
Meta_208;37842;0.0;0.38888888888888884;37842;25303.747539029657;0.3888861169901754;2;0.0
Meta_209;37842;0.0;0.4444444444444444;37842;14407.8809;0.44444348028907044;0;0.0
Meta_210;37842;0.0;0.5;37842;13222.227599999998;0.47441467780964724;0;0.0
Meta_206;37842;0.0;0.2777777777777778;38171;37163.837464216886;0.3703400355686287;27;0.0
Meta_212;37842;25420.228711111115;0.05555555555555555;38290;37248.23560867594;0.3702911857194224;14;0.0
Meta_207;37842;0.0;0.3333333333333333;38289;37227.644464216886;0.3703029383747298;49;0.0
Meta_211;37842;25420.228711111115;0.0;38173;37227.644464216886;0.3703029383747298;57;0.0
Meta_214;37842;25420.228711111115;0.16666666666666666;38173;37227.644464216886;0.3703029383747298;36;0.0
Meta_213;37842;25420.228711111115;0.1111111111111111;38288;37200.57866421689;0.3703185028477133;69;0.0
Meta_65;39010;152521.37226666667;0.2222222222222222;38601;53385.64662479288;0.37074594996005245;3330;6.046114771144681E-7
Meta_191;38426;228782.05840000004;0.0;38426;173403.20380000005;0.3689595980379937;341;0.0
Meta_219;37842;25420.228711111115;0.4444444444444444;37842;21749.68366500561;0.4387307288981522;0;0.0
Meta_220;37842;25420.228711111115;0.5;37842;19678.94605786732;0.48580099234837587;0;0.0
Meta_218;37842;25420.228711111115;0.38888888888888884;37842;25411.186094307697;0.3888333015178171;2;0.0
Meta_215;37842;25420.228711111115;0.2222222222222222;38172;37200.57866421689;0.3703185028477133;75;0.0
Meta_217;37842;25420.228711111115;0.3333333333333333;38288;37207.05331975784;0.3703148780051123;71;0.0
Meta_201;37842;0.0;0.0;38288;37200.57866421689;0.3703185028477133;239;0.0
Meta_147;38426;101680.91484444446;0.3333333333333333;38430;40810.98639864566;0.3692750569355483;1123;0.0
Meta_226;37842;50840.45742222223;0.2777777777777778;38243;50758.54393824094;0.36927533618993946;17;0.0
Meta_223;37842;50840.45742222223;0.1111111111111111;38314;46264.42982702758;0.3692750569355483;144;5.32576955369127E-7
Meta_228;37842;50840.45742222223;0.38888888888888884;38041;50828.31034389344;0.3885209529180109;0;0.0
Meta_229;37842;50840.45742222223;0.4444444444444444;37946;41316.956711042105;0.4439416099954854;0;0.0
Meta_230;37842;50840.45742222223;0.5;37842;20791.82075786732;0.48118959104332354;0;0.0
Meta_164;38426;152521.37226666667;0.16666666666666666;38432;40866.46038756377;0.36927562519613794;890;0.0
Meta_151;38426;127101.14355555558;0.0;38430;40825.278098645664;0.36927500227848403;1301;0.0
Meta_227;37842;50840.45742222223;0.3333333333333333;38244;45426.421198645665;0.36927462867020405;177;0.0
Meta_233;37842;76260.68613333334;0.1111111111111111;38094;59170.02379864566;0.3692745468240041;10;1.1170437263725878E-7
Meta_216;37842;25420.228711111115;0.2777777777777778;38286;37143.24631975784;0.37035191589818955;417;0.0
Meta_236;37842;76260.68613333334;0.2777777777777778;38096;68697.16724445905;0.3692748784785368;8;0.0
Meta_235;37842;76260.68613333334;0.2222222222222222;37985;71709.50674310472;0.36927464193378484;67;1.232332794304375E-7
Meta_238;37842;76260.68613333334;0.38888888888888884;38781;70503.6524;0.387298580198802;0;1.0E100
Meta_239;37842;76260.68613333334;0.4444444444444444;38181;37856.72455786732;0.4372314704080438;0;0.0
Meta_240;37842;76260.68613333334;0.5;37842;74694.6282;0.45945533086125045;0;1.0E100
Meta_221;37842;50840.45742222223;0.0;38245;50809.491916208586;0.3692746391448023;412;7.876571631372508E-7
Meta_234;37842;76260.68613333334;0.16666666666666666;38096;59225.82224310472;0.3692747824713556;91;0.0
Meta_222;37842;50840.45742222223;0.05555555555555555;38245;50652.34699312461;0.3692746391448023;448;7.55227545219526E-7
Meta_243;37842;101680.91484444446;0.1111111111111111;38176;46289.66614310472;0.36927463914480224;44;0.0
Meta_241;37842;101680.91484444446;0.0;38244;54545.5479224267;0.36927462867020405;95;2.555301998134067E-7
Meta_237;37842;76260.68613333334;0.3333333333333333;38095;65270.65381634005;0.3692745587877023;132;3.1416147620069986E-7
Meta_247;37842;101680.91484444446;0.3333333333333333;38094;60855.33139864566;0.3692745468240041;33;0.0
Meta_248;37842;101680.91484444446;0.38888888888888884;38577;97694.1312;0.38888419466590435;0;0.0
Meta_249;37842;101680.91484444446;0.4444444444444444;38451;40396.68145786732;0.4320785718750222;0;0.0
Meta_250;37842;101680.91484444446;0.5;37842;56935.3221;0.4743495977967885;0;0.0
Meta_231;37842;76260.68613333334;0.0;38210;59155.24039864566;0.3692745468240041;421;7.891733085244627E-7
Meta_251;37842;127101.14355555558;0.0;38245;54038.835900000005;0.3692746391448023;37;0.0
Meta_245;37842;101680.91484444446;0.2222222222222222;38094;60366.82025418662;0.3692745468240041;161;0.0
Meta_254;37842;127101.14355555558;0.16666666666666666;38245;55055.022533902964;0.3692746391448023;49;4.551735379863172E-9
Meta_252;37842;127101.14355555558;0.05555555555555555;38360;54004.120299999995;0.36927462867020405;229;0.0
Meta_256;37842;127101.14355555558;0.2777777777777778;37868;80746.22005764421;0.36927496559104306;351;0.0
Meta_242;37842;101680.91484444446;0.05555555555555555;38212;68661.8335;0.36927457497261645;787;0.0
Meta_258;37842;127101.14355555558;0.38888888888888884;38577;97694.1312;0.38888419466590435;0;0.0
Meta_259;37842;127101.14355555558;0.4444444444444444;37842;80061.9084;0.4326985332558347;0;1.0E100
Meta_260;37842;127101.14355555558;0.5;37842;63749.6244;0.428182441517748;0;0.0
Meta_261;37842;152521.37226666667;0.0;37842;143193.98789877715;0.3682507545897217;43;0.0
Meta_262;37842;152521.37226666667;0.05555555555555555;37842;143167.89275431808;0.36825126071681696;87;0.0
Meta_263;37842;152521.37226666667;0.1111111111111111;37842;143189.01535431808;0.3682506865811918;27;0.0
Meta_264;37842;152521.37226666667;0.16666666666666666;37842;143189.01535431808;0.3682506865811918;34;0.0
Meta_265;37842;152521.37226666667;0.2222222222222222;37842;143189.01535431808;0.3682506865811918;41;0.0
Meta_257;37842;127101.14355555558;0.3333333333333333;38245;54694.49551187061;0.3692748225599419;297;6.086883496900269E-7
Meta_267;37842;152521.37226666667;0.3333333333333333;37842;143172.86529877715;0.3682508227273121;30;0.0
Meta_268;37842;152521.37226666667;0.38888888888888884;37842;152511.51655786735;0.3848059427874865;1;0.0
Meta_269;37842;152521.37226666667;0.4444444444444444;37842;80061.9084;0.4326985332558347;0;1.0E100
Meta_270;37842;152521.37226666667;0.5;37842;91966.0572;0.4326985332558347;0;1.0E100
Meta_266;37842;152521.37226666667;0.2777777777777778;37842;143194.73895431808;0.36825075336975466;75;0.0
Meta_272;37842;177941.6009777778;0.05555555555555555;37842;160454.00010000003;0.36530565462656234;25;0.0
Meta_271;37842;177941.6009777778;0.0;37842;160419.60350000003;0.36530629069834275;79;0.0
Meta_255;37842;127101.14355555558;0.2222222222222222;38164;59557.18190722994;0.36927489401001345;921;5.002657460631026E-7
Meta_273;37842;177941.6009777778;0.1111111111111111;37842;160440.62670000002;0.3653056505056381;60;0.0
Meta_274;37842;177941.6009777778;0.16666666666666666;37842;160454.00010000003;0.36530565462656234;42;0.0
Meta_276;37842;177941.6009777778;0.2777777777777778;37842;160450.30210000003;0.36530647719101966;30;0.0
Meta_278;37842;177941.6009777778;0.38888888888888884;38014;45681.8685834887;0.3838797085442767;0;0.0
Meta_279;37842;177941.6009777778;0.4444444444444444;38697;62754.2018;0.42940035792749437;0;0.0
Meta_280;37842;177941.6009777778;0.5;37842;80061.9084;0.4326985332558347;0;1.0E100
Meta_275;37842;177941.6009777778;0.2222222222222222;37842;160440.62670000002;0.3653056505056381;84;0.0
Meta_281;37842;203361.82968888892;0.0;37842;160459.72370000003;0.3653056692920206;54;0.0
Meta_277;37842;177941.6009777778;0.3333333333333333;37842;160469.3991;0.36530579551542747;62;0.0
Meta_284;37842;203361.82968888892;0.16666666666666666;37842;160446.35030000002;0.36530567757857063;19;0.0
Meta_283;37842;203361.82968888892;0.1111111111111111;37842;160454.00010000003;0.36530565462656234;23;0.0
Meta_282;37842;203361.82968888892;0.05555555555555555;37842;160446.35030000002;0.36530567757857063;56;0.0
Meta_286;37842;203361.82968888892;0.2777777777777778;37842;160454.00010000003;0.36530565462656234;30;0.0
Meta_288;37842;203361.82968888892;0.38888888888888884;37842;161446.13066526852;0.3738432002286112;0;0.0
Meta_289;37842;203361.82968888892;0.4444444444444444;38310;203310.90165786736;0.38947957626707674;0;0.0
Meta_290;37842;203361.82968888892;0.5;37872;60357.085399999996;0.4841229182759271;0;1.0E100
Meta_287;37842;203361.82968888892;0.3333333333333333;37842;160440.62670000002;0.3653056505056381;15;0.0
Meta_285;37842;203361.82968888892;0.2222222222222222;37842;160438.70050000004;0.36530656289765984;43;0.0
Meta_293;37842;228782.05840000004;0.1111111111111111;37842;160456.02570000003;0.36530581464951595;36;0.0
Meta_294;37842;228782.05840000004;0.16666666666666666;37842;160454.00010000003;0.36530565462656234;27;0.0
Meta_291;37842;228782.05840000004;0.0;37842;160475.12270000004;0.3653057592697546;87;0.0
Meta_295;37842;228782.05840000004;0.2222222222222222;37842;160440.62670000002;0.3653056505056381;40;0.0
Meta_296;37842;228782.05840000004;0.2777777777777778;37842;160440.62670000002;0.3653056505056381;31;0.0
Meta_298;37842;228782.05840000004;0.38888888888888884;37842;208475.83564179018;0.38552246153554176;0;0.0
Meta_299;37842;228782.05840000004;0.4444444444444444;37842;76442.82324152728;0.4292064456203422;0;0.0
Meta_300;37842;228782.05840000004;0.5;37872;60357.085399999996;0.4841229182759271;0;1.0E100
Meta_292;37842;228782.05840000004;0.05555555555555555;37842;160459.72370000003;0.3653056692920206;152;0.0
Meta_297;37842;228782.05840000004;0.3333333333333333;37842;160473.09710000004;0.3653058598544875;34;0.0
Meta_83;39010;203361.82968888892;0.1111111111111111;38604;55453.09274498487;0.3707973124881287;3600;0.004792710110689802
Meta_303;37258;0.0;0.1111111111111111;38288;37207.05331975784;0.3703148780051123;201;0.0
Meta_301;37258;0.0;0.0;37488;37200.57866421689;0.3703185028477133;273;0.0
Meta_304;37258;0.0;0.16666666666666666;38173;37227.644464216886;0.3703029383747298;120;0.0
Meta_302;37258;0.0;0.05555555555555555;38289;37251.54281975784;0.37029010673640245;325;0.0
Meta_305;37258;0.0;0.2222222222222222;38173;37227.644464216886;0.3703029383747298;137;0.0
Meta_309;37258;0.0;0.4444444444444444;37589;8839.047;0.4444443423697971;1;0.0
Meta_310;37258;0.0;0.5;37329;0.0;0.5;0;0.0
Meta_308;37258;0.0;0.38888888888888884;37691;25035.314460404734;0.38888857656733067;36;0.0
Meta_307;37258;0.0;0.3333333333333333;38289;37227.644464216886;0.3703029383747298;47;0.0
Meta_311;37258;25420.228711111115;0.0;38173;37227.644464216886;0.3703029383747298;86;0.0
Meta_314;37258;25420.228711111115;0.16666666666666666;37486;37152.92171975784;0.3703465778631364;103;0.0
Meta_315;37258;25420.228711111115;0.2222222222222222;37487;37186.46217529879;0.3703270045924854;41;0.0
Meta_306;37258;0.0;0.2777777777777778;37490;37248.23560867594;0.3702911857194223;335;0.0
Meta_313;37258;25420.228711111115;0.1111111111111111;38289;37227.644464216886;0.3703029383747298;222;0.0
Meta_318;37258;25420.228711111115;0.38888888888888884;37680;25394.98543771512;0.38888815930806026;4;0.0
Meta_319;37258;25420.228711111115;0.4444444444444444;37805;25082.685219232022;0.4444412584954184;0;0.0
Meta_320;37258;25420.228711111115;0.5;37302;23060.413;0.49607837082461076;0;1.0E100
Meta_321;37258;50840.45742222223;0.0;38245;46289.66614310472;0.3692746391448023;9;6.624744200549095E-7
Meta_312;37258;25420.228711111115;0.05555555555555555;38290;37248.23560867594;0.3702911857194223;273;0.0
Meta_317;37258;25420.228711111115;0.3333333333333333;37490;37241.76095313499;0.370295230880852;54;0.0
Meta_316;37258;25420.228711111115;0.2777777777777778;37490;37248.23560867594;0.3702911857194223;98;0.0
Meta_225;37842;50840.45742222223;0.2222222222222222;38245;45313.217097988396;0.3692746391448023;2525;0.0
Meta_326;37258;50840.45742222223;0.2777777777777778;37560;45929.056798645666;0.36927462867020405;97;0.0
Meta_327;37258;50840.45742222223;0.3333333333333333;37561;50828.143282305624;0.3692746391448023;15;4.14157061244089E-7
Meta_328;37258;50840.45742222223;0.38888888888888884;37368;50839.426287563765;0.38826650489761044;1;0.0
Meta_329;37258;50840.45742222223;0.4444444444444444;37297;27532.87602702758;0.4363933399555009;0;0.0
Meta_330;37258;50840.45742222223;0.5;37258;4188.4968;0.4850393277190587;0;1.0E100
Meta_325;37258;50840.45742222223;0.2222222222222222;38361;44596.04979864566;0.3692749192997629;201;0.0
Meta_332;37258;76260.68613333334;0.05555555555555555;38025;60839.18134310471;0.36927478662946916;22;0.0
Meta_322;37258;50840.45742222223;0.05555555555555555;38246;50451.44467109227;0.3692749070263017;608;0.0
Meta_224;37842;50840.45742222223;0.16666666666666666;38245;46274.88274310472;0.3692746391448023;3145;3.082672535767492E-7
Meta_335;37258;76260.68613333334;0.2222222222222222;37802;73457.08744310471;0.369274804939084;12;0.0
Meta_336;37258;76260.68613333334;0.2777777777777778;37871;72074.08974310472;0.3692746925337812;82;0.0
Meta_337;37258;76260.68613333334;0.3333333333333333;38094;69610.43130000001;0.3692745468240041;102;0.0
Meta_338;37258;76260.68613333334;0.38888888888888884;38720;51376.702957867325;0.3888609861505991;0;0.0
Meta_339;37258;76260.68613333334;0.4444444444444444;37258;17091.502099999998;0.444388733494574;0;0.0
Meta_340;37258;76260.68613333334;0.5;37626;21269.267;0.4841229182759271;0;1.0E100
Meta_334;37258;76260.68613333334;0.16666666666666666;37410;69145.92877796765;0.3692745468240041;330;2.204651758429118E-7
Meta_232;37842;76260.68613333334;0.05555555555555555;38212;68506.46448904955;0.36927457497261645;3289;4.2069353007644307E-7
Meta_342;37258;101680.91484444446;0.05555555555555555;38176;55738.9269;0.36927463914480224;78;6.260937944567521E-7
Meta_244;37842;101680.91484444446;0.16666666666666666;38245;44880.630531891366;0.3692746391448023;3370;6.978351801989976E-7
Meta_246;37842;101680.91484444446;0.2777777777777778;38245;44689.10527635042;0.3692746391448023;3359;2.4551680697271665E-7
Meta_323;37258;50840.45742222223;0.1111111111111111;37561;44604.35854310472;0.3692746391448023;1601;0.0
Meta_253;37842;127101.14355555558;0.1111111111111111;38095;64330.53241712877;0.3692745587877023;3600;4.434892336696565E-4
Meta_348;37258;101680.91484444446;0.38888888888888884;38231;101667.13099969731;0.38418849248275466;2;0.0
Meta_349;37258;101680.91484444446;0.4444444444444444;37351;13955.8023;0.4443660829332116;0;0.0
Meta_350;37258;101680.91484444446;0.5;37258;13100.1986;0.4809114538522461;0;1.0E100
Meta_345;37258;101680.91484444446;0.2222222222222222;38026;68474.87962413559;0.3692745762242171;420;0.0
Meta_346;37258;101680.91484444446;0.2777777777777778;37410;64052.27188335725;0.3692745468240041;410;0.0
Meta_351;37258;127101.14355555558;0.0;37410;59139.09034310472;0.3692747866294691;82;0.0
Meta_347;37258;101680.91484444446;0.3333333333333333;37718;87916.12939864566;0.36927454682364513;187;0.0
Meta_354;37258;127101.14355555558;0.16666666666666666;37411;70192.79164445904;0.3692745762242171;121;0.0
Meta_352;37258;127101.14355555558;0.05555555555555555;38361;50330.578748271204;0.3692749192997629;266;0.0
Meta_333;37258;76260.68613333334;0.1111111111111111;37562;47157.75829680532;0.3692748088527764;1740;5.324518003137714E-7
Meta_358;37258;127101.14355555558;0.38888888888888884;37449;60055.3485800709;0.38872177149155646;0;0.0
Meta_359;37258;127101.14355555558;0.4444444444444444;37802;14997.2861;0.436289163911301;0;1.0E100
Meta_360;37258;127101.14355555558;0.5;37329;122418.8592;0.5;0;0.0
Meta_361;37258;152521.37226666667;0.0;37258;147497.1466;0.36307246722691294;15;0.0
Meta_362;37258;152521.37226666667;0.05555555555555555;37258;147510.52000000002;0.36307237810071064;110;0.0
Meta_363;37258;152521.37226666667;0.1111111111111111;37258;147523.8934;0.3630724890466858;28;0.0
Meta_356;37258;127101.14355555558;0.2777777777777778;37561;54925.8399;0.3692746391448023;332;2.2143589025307544E-7
Meta_365;37258;152521.37226666667;0.2222222222222222;37258;147510.52000000002;0.36307237810071064;26;0.0
Meta_366;37258;152521.37226666667;0.2777777777777778;37258;147531.6426;0.3630729785784022;63;0.0
Meta_364;37258;152521.37226666667;0.16666666666666666;37258;147552.6658;0.3630731369955868;129;0.0
Meta_368;37258;152521.37226666667;0.38888888888888884;38693;54746.42996434834;0.38888419466590435;0;0.0
Meta_369;37258;152521.37226666667;0.4444444444444444;37258;120110.53085451346;0.42834520363579426;0;0.0
Meta_370;37258;152521.37226666667;0.5;37258;6757.1106;0.4851889972400257;0;1.0E100
Meta_367;37258;152521.37226666667;0.3333333333333333;37258;147510.52000000002;0.36307237810071064;7;0.0
Meta_371;37258;177941.6009777778;0.0;37258;147525.919;0.3630727618281141;22;0.0
Meta_372;37258;177941.6009777778;0.05555555555555555;37258;147510.52000000002;0.36307237810071064;57;0.0
Meta_373;37258;177941.6009777778;0.1111111111111111;37258;147510.52000000002;0.36307237810071064;39;0.0
Meta_375;37258;177941.6009777778;0.2222222222222222;37258;147516.24360000002;0.3630726460754941;7;0.0
Meta_374;37258;177941.6009777778;0.16666666666666666;37258;147510.52000000002;0.36307237810071064;56;0.0
Meta_377;37258;177941.6009777778;0.3333333333333333;37258;147510.52000000002;0.36307237810071064;29;0.0
Meta_378;37258;177941.6009777778;0.38888888888888884;37620;177897.28170000002;0.3783629275024024;0;0.0
Meta_379;37258;177941.6009777778;0.4444444444444444;37441;177913.41;0.4030320115899969;0;0.0
Meta_380;37258;177941.6009777778;0.5;37453;174378.6966;0.4836807006989715;0;0.0
Meta_376;37258;177941.6009777778;0.2777777777777778;37258;147510.52000000002;0.36307237810071064;98;0.0
Meta_381;37258;203361.82968888892;0.0;37258;147491.423;0.3630728294008536;45;0.0
Meta_383;37258;203361.82968888892;0.1111111111111111;37258;147510.52000000002;0.36307237810071064;19;0.0
Meta_384;37258;203361.82968888892;0.16666666666666666;37258;147510.52000000002;0.36307237810071064;23;0.0
Meta_353;37258;127101.14355555558;0.1111111111111111;37789;82786.50002067801;0.369274931331809;831;4.946452013116944E-7
Meta_386;37258;203361.82968888892;0.2777777777777778;37258;147512.5456;0.3630728743522544;9;0.0
Meta_385;37258;203361.82968888892;0.2222222222222222;37258;147510.52000000002;0.36307237810071064;21;0.0
Meta_388;37258;203361.82968888892;0.38888888888888884;38036;168978.1626171131;0.38729833860914753;0;0.0
Meta_389;37258;203361.82968888892;0.4444444444444444;37258;138412.4949578673;0.38869981965725814;0;0.0
Meta_390;37258;203361.82968888892;0.5;37469;30991.0434;0.46351240544347894;0;1.0E100
Meta_382;37258;203361.82968888892;0.05555555555555555;37258;147510.52000000002;0.36307237810071064;101;0.0
Meta_392;37258;228782.05840000004;0.05555555555555555;37258;147520.1954;0.3630731877097186;21;0.0
Meta_391;37258;228782.05840000004;0.0;37258;147510.52000000002;0.36307237810071064;35;0.0
Meta_393;37258;228782.05840000004;0.1111111111111111;37258;147497.1466;0.36307246722691294;49;0.0
Meta_395;37258;228782.05840000004;0.2222222222222222;37258;147510.52000000002;0.36307237810071064;45;0.0
Meta_394;37258;228782.05840000004;0.16666666666666666;37258;147531.6426;0.3630729785784022;101;0.0
Meta_397;37258;228782.05840000004;0.3333333333333333;37258;147525.919;0.3630727618281141;25;0.0
Meta_398;37258;228782.05840000004;0.38888888888888884;37258;185511.1235;0.3869018779690423;0;0.0
Meta_399;37258;228782.05840000004;0.4444444444444444;37331;127890.2938;0.44273361686874046;0;1.0E100
Meta_396;37258;228782.05840000004;0.2777777777777778;37258;147510.52000000002;0.36307237810071064;45;0.0
Meta_400;37258;228782.05840000004;0.5;37258;6757.1106;0.4851889972400257;0;1.0E100
Meta_387;37258;203361.82968888892;0.3333333333333333;37258;147529.617;0.3630727445376066;217;0.0
Meta_344;37258;101680.91484444446;0.16666666666666666;38096;64136.24862807921;0.36927457497261645;1944;1.6699235725509264E-7
Meta_343;37258;101680.91484444446;0.1111111111111111;38094;61146.78862991957;0.3692745468240041;2001;7.203553287624438E-7
Meta_401;36674;0.0;0.0;37490;37248.23560867594;0.3702911857194223;409;0.0
Meta_404;36674;0.0;0.16666666666666666;37489;37227.644464216886;0.3703029383747298;341;0.0
Meta_406;36674;0.0;0.2777777777777778;38172;37207.05331975784;0.3703148780051123;139;0.0
Meta_331;37258;76260.68613333334;0.0;37482;60624.12587109227;0.36927498545827364;3130;6.215850661596956E-7
Meta_409;36674;0.0;0.4444444444444444;37589;8839.047;0.4444443423697971;8;0.0
Meta_410;36674;0.0;0.5;36759;0.0;0.49607837082461076;0;0.0
Meta_408;36674;0.0;0.38888888888888884;37007;25035.314460404734;0.38888857656733067;22;0.0
Meta_402;36674;0.0;0.05555555555555555;37490;37248.23560867594;0.3702911857194223;576;0.0
Meta_403;36674;0.0;0.1111111111111111;38172;37207.05331975784;0.3703148780051123;585;0.0
Meta_414;36674;25420.228711111115;0.16666666666666666;38287;37163.837464216886;0.37034003556862866;143;0.0
Meta_413;36674;25420.228711111115;0.1111111111111111;38288;37207.05331975784;0.3703148780051123;212;0.0
Meta_355;37258;127101.14355555558;0.2222222222222222;37410;69181.71269999999;0.3692745468240041;1774;4.823149613191808E-7
Meta_407;36674;0.0;0.3333333333333333;38170;37159.39637529879;0.3703425226890868;299;0.0
Meta_418;36674;25420.228711111115;0.38888888888888884;37007;25388.111759878917;0.3884700667307464;2;0.0
Meta_419;36674;25420.228711111115;0.4444444444444444;38020;19894.443;0.4438113776712009;0;0.0
Meta_420;36674;25420.228711111115;0.5;36759;0.0;0.49607837082461076;0;1.0E100
Meta_324;37258;50840.45742222223;0.16666666666666666;37561;50414.867026764674;0.36927463914480224;3600;0.003066519553563931
Meta_405;36674;0.0;0.2222222222222222;37490;37248.23560867594;0.3702911857194223;663;0.0
Meta_423;36674;50840.45742222223;0.1111111111111111;33872;50932.7840107792;0.31624694261391384;11;5.709453125781309E-16
Meta_422;36674;50840.45742222223;0.05555555555555555;33872;50933.53506632015;0.31624639793365583;21;0.0
Meta_424;36674;50840.45742222223;0.16666666666666666;33872;50933.53506632015;0.31624639793365583;29;0.0
Meta_426;36674;50840.45742222223;0.2777777777777778;33872;50934.2861218611;0.3162460739606867;16;0.0
Meta_415;36674;25420.228711111115;0.2222222222222222;38291;37268.82675313499;0.3702796200569938;162;0.0
Meta_427;36674;50840.45742222223;0.3333333333333333;37561;46289.66614310472;0.3692746391448023;11;0.0
Meta_428;36674;50840.45742222223;0.38888888888888884;37046;50284.384306309774;0.3888745273155901;0;0.0
Meta_430;36674;50840.45742222223;0.5;36674;36398.697799999994;0.48321605084534475;0;1.0E100
Meta_429;36674;50840.45742222223;0.4444444444444444;37041;24489.052285197602;0.44325325711616953;0;0.0
Meta_425;36674;50840.45742222223;0.2222222222222222;33872;50932.7840107792;0.31624694261391384;83;0.0
Meta_417;36674;25420.228711111115;0.3333333333333333;38289;37227.644464216886;0.3703029383747298;142;0.0
Meta_412;36674;25420.228711111115;0.05555555555555555;38173;37227.644464216886;0.3703029383747298;395;0.0
Meta_421;36674;50840.45742222223;0.0;33872;50933.53506632015;0.31624639793365583;149;0.0
Meta_435;36674;76260.68613333334;0.2222222222222222;33930;54234.42242199255;0.3168107755900129;133;0.0
Meta_431;36674;76260.68613333334;0.0;33930;54579.54862199255;0.31681080268871586;165;0.0
Meta_438;36674;76260.68613333334;0.38888888888888884;37781;76259.15575974746;0.3812927357677316;0;0.0
Meta_439;36674;76260.68613333334;0.4444444444444444;37376;66976.3161;0.43935676368068466;0;0.0
Meta_440;36674;76260.68613333334;0.5;37083;62896.115999999995;0.5;0;1.0E100
Meta_441;36674;101680.91484444446;0.0;33930;52716.0891664516;0.31681086226339644;33;0.0
Meta_436;36674;76260.68613333334;0.2777777777777778;33929;53133.27642199255;0.3167907461828398;329;0.0
Meta_416;36674;25420.228711111115;0.2777777777777778;38172;37200.57866421689;0.3703185028477133;586;0.0
Meta_434;36674;76260.68613333334;0.16666666666666666;33929;53665.47882199255;0.3167907461828398;420;0.0
Meta_432;36674;76260.68613333334;0.05555555555555555;33929;53044.57602199255;0.3167907461828398;448;0.0
Meta_445;36674;101680.91484444446;0.2222222222222222;33930;54633.57422199255;0.3168107755900129;70;0.0
Meta_433;36674;76260.68613333334;0.1111111111111111;33929;53768.962621992556;0.3167907461828398;537;0.0
Meta_448;36674;101680.91484444446;0.38888888888888884;38026;97117.50177740204;0.3872983382033938;1;0.0
Meta_449;36674;101680.91484444446;0.4444444444444444;38068;82727.76796487416;0.41608152071540716;0;1.0E100
Meta_450;36674;101680.91484444446;0.5;37083;62896.115999999995;0.5;0;1.0E100
Meta_446;36674;101680.91484444446;0.2777777777777778;33929;54182.89782199255;0.3167907461828398;161;0.0
Meta_411;36674;25420.228711111115;0.0;37488;37200.57866421689;0.3703185028477133;1000;0.0
Meta_451;36674;127101.14355555558;0.0;36674;133796.6251;0.36250908280067334;78;0.0
Meta_454;36674;127101.14355555558;0.16666666666666666;36674;133789.8936;0.3625133233744627;32;0.0
Meta_453;36674;127101.14355555558;0.1111111111111111;36674;133802.3487;0.3625057491370224;69;0.0
Meta_357;37258;127101.14355555558;0.3333333333333333;37412;68765.3173;0.36927457497261645;2438;0.0
Meta_452;36674;127101.14355555558;0.05555555555555555;36674;133810.9168;0.3625009791314894;107;0.0
Meta_458;36674;127101.14355555558;0.38888888888888884;38036;72126.39695786733;0.38729833860914753;0;0.0
Meta_459;36674;127101.14355555558;0.4444444444444444;37970;29835.487556552784;0.44444441112764266;0;0.0
Meta_460;36674;127101.14355555558;0.5;37083;62896.115999999995;0.5;0;1.0E100
Meta_455;36674;127101.14355555558;0.2222222222222222;36674;133797.5434;0.3625086722719944;72;0.0
Meta_457;36674;127101.14355555558;0.3333333333333333;36674;133802.3487;0.3625057491370224;49;0.0
Meta_341;37258;101680.91484444446;0.0;37562;47840.34477398425;0.3692748088527764;3600;0.0010752994393224797
Meta_444;36674;101680.91484444446;0.16666666666666666;33929;52925.5577664516;0.3167908313283503;347;0.0
Meta_464;36674;152521.37226666667;0.16666666666666666;36674;134567.0399;0.3622862810763143;11;0.0
Meta_463;36674;152521.37226666667;0.1111111111111111;36675;134582.65850000002;0.3622865007091804;52;0.0
Meta_461;36674;152521.37226666667;0.0;36674;134580.41330000001;0.36228629878816887;109;0.0
Meta_468;36674;152521.37226666667;0.38888888888888884;38844;151090.81765960035;0.3865848680014587;0;0.0
Meta_469;36674;152521.37226666667;0.4444444444444444;36697;143627.6947009841;0.4443408362050773;0;0.0
Meta_470;36674;152521.37226666667;0.5;37083;62896.115999999995;0.5;0;1.0E100
Meta_462;36674;152521.37226666667;0.05555555555555555;36675;134601.7555;0.36228638112715944;94;0.0
Meta_467;36674;152521.37226666667;0.3333333333333333;36674;134567.0399;0.3622862810763143;42;0.0
Meta_443;36674;101680.91484444446;0.1111111111111111;33929;52971.410077533495;0.3167908813659656;478;0.0
Meta_474;36674;177941.6009777778;0.16666666666666666;36674;134567.0399;0.3622862810763143;51;0.0
Meta_456;36674;127101.14355555558;0.2777777777777778;36674;133796.6251;0.36250908280067334;229;0.0
Meta_472;36674;177941.6009777778;0.05555555555555555;36674;134567.0399;0.3622862810763143;85;0.0
Meta_475;36674;177941.6009777778;0.2222222222222222;36674;134547.94290000002;0.3622865730620756;39;0.0
Meta_478;36674;177941.6009777778;0.38888888888888884;36674;129766.0957;0.38569321686436225;0;1.0E100
Meta_479;36674;177941.6009777778;0.4444444444444444;36994;31815.0978;0.4443924379099037;0;0.0
Meta_480;36674;177941.6009777778;0.5;37083;62896.115999999995;0.5;0;1.0E100
Meta_465;36674;152521.37226666667;0.2222222222222222;36674;134567.9582;0.3622864935197544;178;0.0
Meta_473;36674;177941.6009777778;0.1111111111111111;36674;134567.0399;0.3622862810763143;121;0.0
Meta_476;36674;177941.6009777778;0.2777777777777778;36674;134567.0399;0.3622862810763143;64;0.0
Meta_477;36674;177941.6009777778;0.3333333333333333;36674;134567.0399;0.3622862810763143;62;1.1528369218583622E-7
Meta_483;36674;203361.82968888892;0.1111111111111111;36674;134567.0399;0.3622862810763143;11;0.0
Meta_486;36674;203361.82968888892;0.2777777777777778;36674;134593.7867;0.36228651700627407;64;0.0
Meta_484;36674;203361.82968888892;0.16666666666666666;36674;134567.0399;0.3622862810763143;92;0.0
Meta_488;36674;203361.82968888892;0.38888888888888884;37918;127523.70266555555;0.38882526809837403;1;0.0
Meta_489;36674;203361.82968888892;0.4444444444444444;36774;160277.1851171131;0.44138141858835256;0;0.0
Meta_490;36674;203361.82968888892;0.5;37083;62896.115999999995;0.5;0;1.0E100
Meta_482;36674;203361.82968888892;0.05555555555555555;36674;134567.0399;0.3622862810763143;138;0.0
Meta_491;36674;228782.05840000004;0.0;36674;134567.0399;0.3622862810763143;27;0.0
Meta_493;36674;228782.05840000004;0.1111111111111111;36674;134580.41330000001;0.36228629878816887;64;0.0
Meta_487;36674;203361.82968888892;0.3333333333333333;36674;134567.9582;0.3622864935197544;125;0.0
Meta_492;36674;228782.05840000004;0.05555555555555555;36674;134567.0399;0.3622862810763143;103;0.0
Meta_494;36674;228782.05840000004;0.16666666666666666;36674;134567.0399;0.3622862810763143;54;0.0
Meta_496;36674;228782.05840000004;0.2777777777777778;36674;134567.0399;0.3622862810763143;40;0.0
Meta_498;36674;228782.05840000004;0.38888888888888884;36674;189595.20404127642;0.38764572290573035;1;0.0
Meta_499;36674;228782.05840000004;0.4444444444444444;36684;43115.294499999996;0.4405030524292357;0;0.0
Meta_500;36674;228782.05840000004;0.5;37083;62896.115999999995;0.5;0;1.0E100
Meta_497;36674;228782.05840000004;0.3333333333333333;36674;134567.0399;0.3622862810763143;24;0.0
Meta_495;36674;228782.05840000004;0.2222222222222222;36674;134567.0399;0.3622862810763143;75;0.0
Meta_442;36674;101680.91484444446;0.05555555555555555;33930;52976.33131091065;0.3168110863323144;1071;0.0
Meta_502;36090;0.0;0.05555555555555555;33872;50933.53506632015;0.31624639793365583;19;0.0
Meta_505;36090;0.0;0.2222222222222222;33872;50933.53506632015;0.31624639793365583;21;0.0
Meta_501;36090;0.0;0.0;33872;50933.53506632015;0.31624639793365583;108;0.0
Meta_503;36090;0.0;0.1111111111111111;33872;50933.53506632015;0.31624639793365583;97;0.0
Meta_504;36090;0.0;0.16666666666666666;33872;50933.53506632015;0.31624639793365583;86;0.0
Meta_509;36090;0.0;0.4444444444444444;37171;8839.047;0.4444443423697971;9;0.0
Meta_510;36090;0.0;0.5;36253;0.0;0.4841229182759271;0;0.0
Meta_485;36674;203361.82968888892;0.2222222222222222;36674;134567.0399;0.3622862810763143;387;0.0
Meta_506;36090;0.0;0.2777777777777778;33872;50932.7840107792;0.31624694261391384;89;0.0
Meta_466;36674;152521.37226666667;0.2777777777777778;36676;134632.77310000002;0.36228725336413004;606;0.0
Meta_513;36090;25420.228711111115;0.1111111111111111;33870;50869.72806632015;0.3162498999742643;9;0.0
Meta_511;36090;25420.228711111115;0.0;33872;50934.2861218611;0.3162460739606867;41;0.0
Meta_514;36090;25420.228711111115;0.16666666666666666;33872;50933.53506632015;0.31624639793365583;19;0.0
Meta_512;36090;25420.228711111115;0.05555555555555555;33872;50932.7840107792;0.31624694261391384;40;0.0
Meta_518;36090;25420.228711111115;0.38888888888888884;37019;25320.736949059927;0.38881942580674855;1;0.0
Meta_519;36090;25420.228711111115;0.4444444444444444;36915;25096.916588221036;0.44442339669923503;0;0.0
Meta_520;36090;25420.228711111115;0.5;37123;25408.517200000002;0.48377983181030937;0;1.0E100
Meta_515;36090;25420.228711111115;0.2222222222222222;33872;50932.7840107792;0.31624694261391384;28;0.0
Meta_522;36090;50840.45742222223;0.05555555555555555;33872;50933.53506632015;0.31624639793365583;7;0.0
Meta_521;36090;50840.45742222223;0.0;33872;50933.53506632015;0.31624639793365583;20;0.0
Meta_523;36090;50840.45742222223;0.1111111111111111;33872;50932.7840107792;0.31624694261391384;13;0.0
Meta_525;36090;50840.45742222223;0.2222222222222222;33870;50870.4791218611;0.3162495103969246;13;0.0
Meta_471;36674;177941.6009777778;0.0;36674;134567.0399;0.3622862810763143;638;0.0
Meta_516;36090;25420.228711111115;0.2777777777777778;33872;50933.53506632015;0.31624639793365583;73;0.0
Meta_528;36090;50840.45742222223;0.38888888888888884;38093;50838.13340236617;0.38888502813072023;0;0.0
Meta_529;36090;50840.45742222223;0.4444444444444444;37043;29877.848130445374;0.43579745310085494;0;1.0E100
Meta_530;36090;50840.45742222223;0.5;36468;11904.148799999999;0.5;0;0.0
Meta_526;36090;50840.45742222223;0.2777777777777778;33872;50933.53506632015;0.31624639793365583;32;0.0
Meta_507;36090;0.0;0.3333333333333333;38172;37207.05331975784;0.3703148780051123;158;0.0
Meta_508;36090;0.0;0.38888888888888884;37807;25035.314460404734;0.38888857656733067;179;0.0
Meta_447;36674;101680.91484444446;0.3333333333333333;37561;45816.59734310472;0.3692746391448023;1078;0.0
Meta_524;36090;50840.45742222223;0.16666666666666666;33871;50896.79386632015;0.316251354772747;195;0.0
Meta_527;36090;50840.45742222223;0.3333333333333333;38245;44752.19254310472;0.3692746391448023;244;0.0
Meta_534;36090;76260.68613333334;0.16666666666666666;33930;52775.97382199255;0.31681080268871586;177;0.0
Meta_538;36090;76260.68613333334;0.38888888888888884;38276;73989.15676369108;0.3849317450352801;1;1.0E100
Meta_481;36674;203361.82968888892;0.0;36674;134567.0399;0.3622862810763143;764;7.642272811048058E-7
Meta_539;36090;76260.68613333334;0.4444444444444444;37690;68766.33309999999;0.443083121389339;0;0.0
Meta_540;36090;76260.68613333334;0.5;36398;76259.6794;0.484790285458352;0;0.0
Meta_517;36090;25420.228711111115;0.3333333333333333;38288;37200.57866421689;0.3703185028477133;333;0.0
Meta_536;36090;76260.68613333334;0.2777777777777778;33929;53428.94442199255;0.3167907461828398;139;0.0
Meta_535;36090;76260.68613333334;0.2222222222222222;33929;54448.99902199255;0.3167907461828398;267;0.0
Meta_541;36090;101680.91484444446;0.0;33930;53628.30302199255;0.3168107755900129;194;0.0
Meta_531;36090;76260.68613333334;0.0;33929;53369.059766451595;0.3167908313283503;488;0.0
Meta_544;36090;101680.91484444446;0.16666666666666666;33929;54420.1832775335;0.3167908813659656;197;0.0
Meta_548;36090;101680.91484444446;0.38888888888888884;38818;91830.60815786732;0.38882796714308915;0;0.0
Meta_549;36090;101680.91484444446;0.4444444444444444;36849;50012.5966;0.4444174189730064;0;0.0
Meta_550;36090;101680.91484444446;0.5;37083;62896.115999999995;0.5;0;1.0E100
Meta_532;36090;76260.68613333334;0.05555555555555555;33929;54625.6487664516;0.3167908313283503;503;0.0
Meta_542;36090;101680.91484444446;0.05555555555555555;33930;54416.931221992556;0.31681080268871586;304;0.0
Meta_533;36090;76260.68613333334;0.1111111111111111;33930;54609.11542199255;0.31681080268871586;517;0.0
Meta_546;36090;101680.91484444446;0.2777777777777778;33930;53810.06076645161;0.31681086226339644;130;0.0
Meta_543;36090;101680.91484444446;0.1111111111111111;33929;52852.39182199255;0.3167907461828398;306;0.0
Meta_555;36090;127101.14355555558;0.2222222222222222;33929;54626.39982199255;0.3167907461828398;15;7.653300667571889E-7
Meta_545;36090;101680.91484444446;0.2222222222222222;33929;53842.128566451596;0.3167908313283503;219;0.0
Meta_558;36090;127101.14355555558;0.38888888888888884;38784;74159.7857;0.38756598456914254;1;0.0
Meta_559;36090;127101.14355555558;0.4444444444444444;37990;47596.77069785695;0.43116394779763123;0;0.0
Meta_560;36090;127101.14355555558;0.5;37083;62896.115999999995;0.5;0;1.0E100
Meta_547;36090;101680.91484444446;0.3333333333333333;36090;105540.05709864567;0.3657502372939685;108;0.0
Meta_557;36090;127101.14355555558;0.3333333333333333;36225;127099.99370000002;0.36249199205177984;29;0.0
Meta_553;36090;127101.14355555558;0.1111111111111111;33930;53775.3859664516;0.3168108208038631;170;0.0
Meta_551;36090;127101.14355555558;0.0;33929;53369.059766451595;0.3167908313283503;250;0.0
Meta_563;36090;152521.37226666667;0.1111111111111111;33930;54041.4871664516;0.3168108208038631;223;1.964280202951142E-7
Meta_564;36090;152521.37226666667;0.16666666666666666;33930;53781.24502199255;0.31681080268871586;144;0.0
Meta_554;36090;127101.14355555558;0.16666666666666666;33929;52941.09222199255;0.3167907461828398;338;0.0
Meta_567;36090;152521.37226666667;0.3333333333333333;36451;138232.31040000002;0.3622851751276747;30;0.0
Meta_569;36090;152521.37226666667;0.4444444444444444;36913;116459.04082643424;0.4225866633204242;0;1.0E100
Meta_568;36090;152521.37226666667;0.38888888888888884;36170;142008.5927;0.3888689648457465;0;0.0
Meta_570;36090;152521.37226666667;0.5;36468;62896.115999999995;0.5;0;1.0E100
Meta_552;36090;127101.14355555558;0.05555555555555555;33929;54552.482821992555;0.3167907461828398;377;3.759973708940949E-16
Meta_561;36090;152521.37226666667;0.0;33929;53162.092166451606;0.3167908313283503;330;0.0
Meta_573;36090;177941.6009777778;0.1111111111111111;33930;52799.6815664516;0.3168108208038631;273;0.0
Meta_572;36090;177941.6009777778;0.05555555555555555;33929;54182.89782199255;0.3167907461828398;375;0.0
Meta_566;36090;152521.37226666667;0.2777777777777778;33930;54632.8231664516;0.3168108208038631;495;0.0
Meta_574;36090;177941.6009777778;0.16666666666666666;33929;52691.27653307445;0.31679123687744576;461;0.0
Meta_578;36090;177941.6009777778;0.38888888888888884;38074;150514.5968171131;0.38477749684421153;0;0.0
Meta_579;36090;177941.6009777778;0.4444444444444444;37234;133064.1373024699;0.44371557332131467;0;0.0
Meta_580;36090;177941.6009777778;0.5;36090;160559.91416927605;0.49085252989363803;0;1.0E100
Meta_581;36090;203361.82968888892;0.0;33930;53278.60942199256;0.31681080268871586;168;0.0
Meta_556;36090;127101.14355555558;0.2777777777777778;33930;53071.64182199255;0.31681080268871586;1102;0.0
Meta_575;36090;177941.6009777778;0.2222222222222222;33929;54360.29862199255;0.3167907461828398;559;0.0
Meta_562;36090;152521.37226666667;0.05555555555555555;33930;54121.26322199256;0.31681080268871586;1149;0.0
Meta_437;36674;76260.68613333334;0.3333333333333333;38096;67471.13894590504;0.36927457497261645;3176;3.1819736268351466E-7
Meta_586;36090;203361.82968888892;0.2777777777777778;33929;198857.7384775335;0.3167908813659656;58;6.552681445825571E-7
Meta_587;36090;203361.82968888892;0.3333333333333333;36126;161842.2702;0.3622853286435893;7;0.0
Meta_588;36090;203361.82968888892;0.38888888888888884;36168;136822.999;0.3806915430952922;0;1.0E100
Meta_589;36090;203361.82968888892;0.4444444444444444;38324;190372.0388171131;0.4330127018922193;0;0.0
Meta_590;36090;203361.82968888892;0.5;36090;195544.42359999998;0.492929814000259;0;1.0E100
Meta_571;36090;177941.6009777778;0.0;33930;53628.30302199255;0.3168107755900129;1060;0.0
Meta_585;36090;203361.82968888892;0.2222222222222222;33929;53221.22576645161;0.3167908313283503;246;6.274678935424056E-7
Meta_582;36090;203361.82968888892;0.05555555555555555;33929;54478.565821992546;0.3167907461828398;669;0.0
Meta_592;36090;228782.05840000004;0.05555555555555555;33929;198265.65142199254;0.3167907461828398;468;0.0
Meta_565;36090;152521.37226666667;0.2222222222222222;33929;53162.84322199255;0.3167907461828398;1766;0.0
Meta_537;36090;76260.68613333334;0.3333333333333333;34114;58493.19219825131;0.3297429838093695;2381;0.0
Meta_597;36090;228782.05840000004;0.3333333333333333;36234;160073.948;0.362285482879078;8;0.0
Meta_598;36090;228782.05840000004;0.38888888888888884;37673;174187.01095786734;0.3881864338222371;1;0.0
Meta_599;36090;228782.05840000004;0.4444444444444444;37968;21967.3279;0.44393530683872745;0;0.0
Meta_600;36090;228782.05840000004;0.5;36090;156609.71620000002;0.4976634659086683;0;1.0E100
Meta_601;35506;0.0;0.0;33872;50932.7840107792;0.31624694261391384;17;0.0
Meta_591;36090;228782.05840000004;0.0;33929;198619.70196645163;0.3167908313283503;724;0.0
Meta_603;35506;0.0;0.1111111111111111;33871;50897.544921861096;0.3162509908079006;15;0.0
Meta_602;35506;0.0;0.05555555555555555;33872;50933.53506632015;0.31624639793365583;21;0.0
Meta_605;35506;0.0;0.2222222222222222;33872;50933.53506632015;0.31624639793365583;15;0.0
Meta_604;35506;0.0;0.16666666666666666;33872;50932.7840107792;0.31624694261391384;46;0.0
Meta_576;36090;177941.6009777778;0.2777777777777778;33929;54448.24796645161;0.3167908313283503;1440;0.0
Meta_584;36090;203361.82968888892;0.16666666666666666;33929;53442.97676645161;0.3167908313283503;1006;0.0
Meta_593;36090;228782.05840000004;0.1111111111111111;33929;54211.7135664516;0.3167908313283503;758;0.0
Meta_610;35506;0.0;0.5;35528;0.0;0.49607837082461076;0;0.0
Meta_609;35506;0.0;0.4444444444444444;35666;8746.77692439851;0.4444439371110306;27;0.0
Meta_611;35506;25420.228711111115;0.0;33872;50933.53506632015;0.31624639793365583;28;0.0
Meta_612;35506;25420.228711111115;0.05555555555555555;33872;50923.859666320146;0.31625353319255023;36;0.0
Meta_613;35506;25420.228711111115;0.1111111111111111;33873;50959.8498107792;0.31624902011158246;18;0.0
Meta_608;35506;0.0;0.38888888888888884;37691;25035.314460404734;0.38888857656733067;127;0.0
Meta_606;35506;0.0;0.2777777777777778;33871;50906.46926632014;0.31624501845501624;182;0.0
Meta_616;35506;25420.228711111115;0.2777777777777778;33872;50933.53506632015;0.31624639793365583;30;6.472007064807112E-16
Meta_614;35506;25420.228711111115;0.16666666666666666;33871;50906.46926632014;0.31624501845501624;65;0.0
Meta_619;35506;25420.228711111115;0.4444444444444444;36562;24975.666832680086;0.44434193934358274;0;0.0
Meta_620;35506;25420.228711111115;0.5;35888;0.0;0.4841229182759271;0;1.0E100
Meta_615;35506;25420.228711111115;0.2222222222222222;33871;50905.718210779196;0.3162455887487888;71;0.0
Meta_607;35506;0.0;0.3333333333333333;33858;48827.23961156792;0.33333143823931866;175;0.0
Meta_618;35506;25420.228711111115;0.38888888888888884;37031;25413.685082962893;0.38888606133915005;17;0.0
Meta_622;35506;50840.45742222223;0.05555555555555555;33871;50907.220321861096;0.3162446688694227;13;0.0
Meta_617;35506;25420.228711111115;0.3333333333333333;33858;48827.23961156792;0.33333143823931866;34;1.3359751321438782E-15
Meta_624;35506;50840.45742222223;0.16666666666666666;33872;50931.2818996973;0.3162486940912723;21;0.0
Meta_621;35506;50840.45742222223;0.0;33872;50933.53506632015;0.31624639793365583;40;0.0
Meta_623;35506;50840.45742222223;0.1111111111111111;33871;50896.042810779196;0.31625193944130797;28;0.0
Meta_629;35506;50840.45742222223;0.4444444444444444;36626;14805.8957;0.4436186224930459;0;0.0
Meta_630;35506;50840.45742222223;0.5;35888;0.0;0.4841229182759271;0;1.0E100
Meta_628;35506;50840.45742222223;0.38888888888888884;37123;49609.43046158781;0.38887194364476174;2;0.0
Meta_626;35506;50840.45742222223;0.2777777777777778;33871;50896.79386632015;0.316251354772747;19;0.0
Meta_627;35506;50840.45742222223;0.3333333333333333;33925;50863.03504533943;0.3333242902939898;10;0.0
Meta_625;35506;50840.45742222223;0.2222222222222222;33872;50932.7840107792;0.31624694261391384;33;0.0
Meta_577;36090;177941.6009777778;0.3333333333333333;36532;135058.3688;0.36228531944784464;1633;0.0
Meta_632;35506;76260.68613333334;0.05555555555555555;33930;53435.36776645161;0.3168108208038631;173;0.0
Meta_637;35506;76260.68613333334;0.3333333333333333;34114;63737.19196382253;0.33256940142007463;19;0.0
Meta_638;35506;76260.68613333334;0.38888888888888884;37035;63350.70527358989;0.3736892014458376;0;1.0E100
Meta_639;35506;76260.68613333334;0.4444444444444444;35623;20633.516019757837;0.4437950661899653;0;0.0
Meta_640;35506;76260.68613333334;0.5;35888;0.0;0.4841229182759271;0;1.0E100
Meta_633;35506;76260.68613333334;0.1111111111111111;33929;53842.87962199255;0.3167907461828398;195;0.0
Meta_594;36090;228782.05840000004;0.16666666666666666;33930;53086.425221992555;0.31681080268871586;881;0.0
Meta_631;35506;76260.68613333334;0.0;33929;53990.71362199255;0.3167907461828398;225;7.611037260410124E-7
Meta_636;35506;76260.68613333334;0.2777777777777778;33929;53517.64482199255;0.3167907461828398;183;0.0
Meta_635;35506;76260.68613333334;0.2222222222222222;33929;53191.6589664516;0.3167908313283503;220;0.0
Meta_641;35506;101680.91484444446;0.0;33930;52864.67422199255;0.31681080268871586;48;0.0
Meta_647;35506;101680.91484444446;0.3333333333333333;34114;63472.06935786732;0.3296076861691448;2;0.0
Meta_648;35506;101680.91484444446;0.38888888888888884;38584;82976.7725;0.3821577107218729;0;0.0
Meta_649;35506;101680.91484444446;0.4444444444444444;35815;101579.16153169237;0.44426382162190886;0;0.0
Meta_650;35506;101680.91484444446;0.5;35888;0.0;0.4841229182759271;0;1.0E100
Meta_595;36090;228782.05840000004;0.2222222222222222;33929;197925.63322199255;0.3167907461828398;759;0.0
Meta_634;35506;76260.68613333334;0.16666666666666666;33929;54330.73182199255;0.3167907461828398;346;0.0
Meta_643;35506;101680.91484444446;0.1111111111111111;33930;54662.38996645161;0.3168108208038631;206;0.0
Meta_644;35506;101680.91484444446;0.16666666666666666;33930;54456.17342199256;0.3168107755900129;215;0.0
Meta_642;35506;101680.91484444446;0.05555555555555555;33930;53850.8050775335;0.31681095069085824;281;0.0
Meta_645;35506;101680.91484444446;0.2222222222222222;33929;54464.5334775335;0.3167908813659656;262;0.0
Meta_651;35506;127101.14355555558;0.0;33929;54330.73182199255;0.3167907461828398;240;0.0
Meta_658;35506;127101.14355555558;0.38888888888888884;37238;46838.209200000005;0.3888549615287063;1;0.0
Meta_657;35506;127101.14355555558;0.3333333333333333;34114;115678.50755786731;0.3296076861691448;6;0.0
Meta_660;35506;127101.14355555558;0.5;35574;0.0;0.4841229182759271;0;1.0E100
Meta_659;35506;127101.14355555558;0.4444444444444444;35596;78701.15216090283;0.44403924653934707;0;0.0
Meta_646;35506;101680.91484444446;0.2777777777777778;33930;54249.205821992546;0.3168107755900129;275;0.0
Meta_652;35506;127101.14355555558;0.05555555555555555;33929;52911.52542199255;0.3167907461828398;300;0.0
Meta_654;35506;127101.14355555558;0.16666666666666666;33930;53997.88802199255;0.3168107755900129;282;0.0
Meta_655;35506;127101.14355555558;0.2222222222222222;33930;53450.15116645161;0.3168108208038631;276;0.0
Meta_662;35506;152521.37226666667;0.05555555555555555;33929;53561.99502199255;0.3167907461828398;266;0.0
Meta_667;35506;152521.37226666667;0.3333333333333333;34114;95625.8967795053;0.3286176878569549;5;0.0
Meta_668;35506;152521.37226666667;0.38888888888888884;35506;118259.32970000002;0.38439787686801463;0;0.0
Meta_669;35506;152521.37226666667;0.4444444444444444;36085;126415.837;0.4444443154801952;0;0.0
Meta_670;35506;152521.37226666667;0.5;35574;0.0;0.4841229182759271;0;1.0E100
Meta_663;35506;152521.37226666667;0.1111111111111111;33931;54689.4557664516;0.3168307752717842;350;0.0
Meta_653;35506;127101.14355555558;0.1111111111111111;33929;54626.39982199255;0.3167907461828398;513;0.0
Meta_596;36090;228782.05840000004;0.2777777777777778;33929;197451.81336645162;0.3167908313283503;1278;0.0
Meta_661;35506;152521.37226666667;0.0;33930;53289.0358775335;0.31681095069085824;566;0.0
Meta_664;35506;152521.37226666667;0.16666666666666666;33929;54345.51522199255;0.3167907461828398;510;0.0
Meta_666;35506;152521.37226666667;0.2777777777777778;33930;52903.91642199255;0.3168107755900129;402;0.0
Meta_677;35506;177941.6009777778;0.3333333333333333;34114;79064.87578003111;0.3294935684599584;13;0.0
Meta_678;35506;177941.6009777778;0.38888888888888884;38482;162931.1314344131;0.38636342124784645;0;1.0E100
Meta_679;35506;177941.6009777778;0.4444444444444444;37288;128235.94672517157;0.43454234782101153;0;0.0
Meta_680;35506;177941.6009777778;0.5;35574;0.0;0.4841229182759271;0;1.0E100
Meta_671;35506;177941.6009777778;0.0;33929;54625.6487664516;0.3167908313283503;485;0.0
Meta_656;35506;127101.14355555558;0.2777777777777778;33931;54557.156221992554;0.31683075562461815;787;5.5752783744562575E-15
Meta_672;35506;177941.6009777778;0.05555555555555555;33930;54662.38996645161;0.3168108208038631;423;0.0
Meta_675;35506;177941.6009777778;0.2222222222222222;33929;54330.73182199255;0.3167907461828398;388;0.0
Meta_676;35506;177941.6009777778;0.2777777777777778;33930;54042.23822199255;0.3168107755900129;516;0.0
Meta_583;36090;203361.82968888892;0.1111111111111111;33929;198206.51782199254;0.3167907461828398;2861;0.0
Meta_687;35506;203361.82968888892;0.3333333333333333;34114;196146.07421711314;0.3296076861691448;3;0.0
Meta_688;35506;203361.82968888892;0.38888888888888884;37798;68139.85816789759;0.38726881369939353;0;0.0
Meta_689;35506;203361.82968888892;0.4444444444444444;35556;88685.68419948625;0.44441189954103033;0;1.0E100
Meta_690;35506;203361.82968888892;0.5;35574;0.0;0.4841229182759271;0;1.0E100
Meta_681;35506;203361.82968888892;0.0;33930;53796.02842199255;0.31681080268871586;563;0.0
Meta_682;35506;203361.82968888892;0.05555555555555555;33930;53243.93462199255;0.3168107755900129;635;0.0
Meta_673;35506;177941.6009777778;0.1111111111111111;33929;53117.741966451606;0.3167908313283503;1129;0.0
Meta_684;35506;203361.82968888892;0.16666666666666666;33929;198028.36596645165;0.3167908313283503;807;0.0
Meta_665;35506;152521.37226666667;0.2222222222222222;33930;53820.48722199255;0.3168107755900129;1512;0.0
Meta_683;35506;203361.82968888892;0.1111111111111111;33929;197408.96527753348;0.3167908813659656;1074;0.0
Meta_697;35506;228782.05840000004;0.3333333333333333;34114;100768.74175786732;0.3296076861691448;8;0.0
Meta_698;35506;228782.05840000004;0.38888888888888884;38852;228232.9811578673;0.38762593510550303;0;0.0
Meta_699;35506;228782.05840000004;0.4444444444444444;35506;161695.74395786732;0.4419759764312463;0;1.0E100
Meta_700;35506;228782.05840000004;0.5;35574;0.0;0.4841229182759271;0;1.0E100
Meta_701;34922;0.0;0.0;33870;50869.72806632015;0.3162498999742643;47;0.0
Meta_702;34922;0.0;0.05555555555555555;33872;50933.53506632015;0.31624639793365583;8;0.0
Meta_686;35506;203361.82968888892;0.2777777777777778;33930;198070.2151664516;0.31681086226339644;841;0.0
Meta_703;34922;0.0;0.1111111111111111;33870;50869.72806632015;0.3162498999742643;31;0.0
Meta_704;34922;0.0;0.16666666666666666;33872;50932.7840107792;0.31624694261391384;15;0.0
Meta_705;34922;0.0;0.2222222222222222;33872;50933.53506632015;0.31624639793365583;14;0.0
Meta_706;34922;0.0;0.2777777777777778;33872;50933.53506632015;0.31624639793365583;42;0.0
Meta_707;34922;0.0;0.3333333333333333;33861;48915.859244945066;0.33333411171593313;49;0.0
Meta_709;34922;0.0;0.4444444444444444;34922;6210.572945247773;0.4444443969686229;4;0.0
Meta_710;34922;0.0;0.5;35068;0.0;0.46351240544347894;0;0.0
Meta_693;35506;228782.05840000004;0.1111111111111111;33929;54477.81476645159;0.3167908313283503;624;0.0
Meta_711;34922;25420.228711111115;0.0;33872;50932.7840107792;0.31624694261391384;55;0.0
Meta_712;34922;25420.228711111115;0.05555555555555555;33872;50933.53506632015;0.31624639793365583;61;0.0
Meta_713;34922;25420.228711111115;0.1111111111111111;33872;50933.53506632015;0.31624639793365583;10;0.0
Meta_708;34922;0.0;0.38888888888888884;37807;25035.314460404734;0.38888857656733067;101;0.0
Meta_715;34922;25420.228711111115;0.2222222222222222;33871;50907.220321861096;0.3162446688694227;20;0.0
Meta_716;34922;25420.228711111115;0.2777777777777778;33872;50933.53506632015;0.31624639793365583;19;0.0
Meta_717;34922;25420.228711111115;0.3333333333333333;33858;48827.23961156792;0.33333143823931866;15;0.0
Meta_719;34922;25420.228711111115;0.4444444444444444;35159;14331.43654349908;0.4443429614610616;0;0.0
Meta_720;34922;25420.228711111115;0.5;35068;0.0;0.46351240544347894;0;0.0
Meta_714;34922;25420.228711111115;0.16666666666666666;33872;50933.53506632015;0.31624639793365583;44;0.0
Meta_718;34922;25420.228711111115;0.38888888888888884;37822;25411.285127421943;0.388609221961606;19;0.0
Meta_723;34922;50840.45742222223;0.1111111111111111;33871;50897.544921861096;0.3162509908079006;6;0.0
Meta_722;34922;50840.45742222223;0.05555555555555555;33872;50933.53506632015;0.31624639793365583;21;0.0
Meta_696;35506;228782.05840000004;0.2777777777777778;33929;54078.66296645161;0.3167908313283503;458;0.0
Meta_724;34922;50840.45742222223;0.16666666666666666;33872;50933.53506632015;0.31624639793365583;16;0.0
Meta_727;34922;50840.45742222223;0.3333333333333333;33925;50863.03504533943;0.3333242902939898;5;0.0
Meta_721;34922;50840.45742222223;0.0;33872;50932.7840107792;0.31624694261391384;39;0.0
Meta_729;34922;50840.45742222223;0.4444444444444444;37740;14011.639099999999;0.4444449814844034;0;0.0
Meta_730;34922;50840.45742222223;0.5;35068;0.0;0.46351240544347894;0;0.0
Meta_728;34922;50840.45742222223;0.38888888888888884;37958;50089.50886526852;0.38849370732657057;2;0.0
Meta_726;34922;50840.45742222223;0.2777777777777778;33872;50933.53506632015;0.31624639793365583;27;0.0
Meta_725;34922;50840.45742222223;0.2222222222222222;33872;50933.53506632015;0.31624639793365583;54;0.0
Meta_674;35506;177941.6009777778;0.16666666666666666;33929;54626.39982199255;0.3167907461828398;1848;0.0
Meta_685;35506;203361.82968888892;0.2222222222222222;33930;53263.0749664516;0.31681086226339644;1323;4.22979857478743E-14
Meta_731;34922;76260.68613333334;0.0;33930;53391.01756645161;0.3168108208038631;166;0.0
Meta_737;34922;76260.68613333334;0.3333333333333333;34114;63472.06935786732;0.3296076861691448;1;0.0
Meta_738;34922;76260.68613333334;0.38888888888888884;35476;76259.63964180225;0.38854590149586365;1;0.0
Meta_739;34922;76260.68613333334;0.4444444444444444;34922;65854.60388524947;0.44147345723233566;0;1.0E100
Meta_740;34922;76260.68613333334;0.5;35068;0.0;0.46351240544347894;0;0.0
Meta_733;34922;76260.68613333334;0.1111111111111111;33929;54093.44636645161;0.3167908313283503;158;0.0
Meta_734;34922;76260.68613333334;0.16666666666666666;33929;54625.6487664516;0.3167908313283503;205;0.0
Meta_736;34922;76260.68613333334;0.2777777777777778;33929;54419.43222199255;0.3167907461828398;166;0.0
Meta_735;34922;76260.68613333334;0.2222222222222222;33930;54086.58842199255;0.3168107755900129;355;0.0
Meta_742;34922;101680.91484444446;0.05555555555555555;33931;53995.38702199255;0.31683075562461815;239;0.0
Meta_744;34922;101680.91484444446;0.16666666666666666;33928;54598.582966451606;0.3167715215713776;240;0.0
Meta_747;34922;101680.91484444446;0.3333333333333333;34114;100961.76303189137;0.3291610492200128;4;0.0
Meta_748;34922;101680.91484444446;0.38888888888888884;34922;94843.1459;0.38753604670814734;1;0.0
Meta_749;34922;101680.91484444446;0.4444444444444444;34936;66351.49773680702;0.43945349852765175;0;0.0
Meta_750;34922;101680.91484444446;0.5;35068;0.0;0.46351240544347894;0;0.0
Meta_732;34922;76260.68613333334;0.05555555555555555;33929;53117.741966451606;0.3167908313283503;550;0.0
Meta_691;35506;228782.05840000004;0.0;33929;53576.027366451606;0.3167908313283503;1667;3.3364725553829767E-7
Meta_741;34922;101680.91484444446;0.0;33929;54626.39982199255;0.3167907461828398;539;0.0
Meta_752;34922;127101.14355555558;0.05555555555555555;33930;54174.5377664516;0.3168108208038631;210;0.0
Meta_695;35506;228782.05840000004;0.2222222222222222;33929;197482.88227753353;0.3167908813659656;1484;0.0
Meta_755;34922;127101.14355555558;0.2222222222222222;33930;54121.26322199256;0.31681080268871586;172;0.0
Meta_757;34922;127101.14355555558;0.3333333333333333;34114;83569.50575786731;0.3296076861691448;2;0.0
Meta_758;34922;127101.14355555558;0.38888888888888884;34922;127090.74740000001;0.38557069905381997;0;1.0E100
Meta_759;34922;127101.14355555558;0.4444444444444444;37601;47287.1278;0.4443271041325832;0;0.0
Meta_760;34922;127101.14355555558;0.5;35068;0.0;0.46351240544347894;0;0.0
Meta_743;34922;101680.91484444446;0.1111111111111111;33929;53295.1427664516;0.3167908313283503;750;0.0
Meta_746;34922;101680.91484444446;0.2777777777777778;33930;54662.38996645161;0.3168108208038631;632;0.0
Meta_751;34922;127101.14355555558;0.0;33929;53325.460621992555;0.3167907461828398;563;0.0
Meta_754;34922;127101.14355555558;0.16666666666666666;33928;53816.5648775335;0.31677152047481566;394;0.0
Meta_765;34922;152521.37226666667;0.2222222222222222;33931;54690.20682199255;0.31683075562461815;14;0.0
Meta_692;35506;228782.05840000004;0.05555555555555555;33929;54094.9484775335;0.3167908813659656;2115;0.0
Meta_753;34922;127101.14355555558;0.1111111111111111;33929;54581.2985664516;0.3167908313283503;530;0.0
Meta_767;34922;152521.37226666667;0.3333333333333333;34114;120866.17815786731;0.3296076861691448;2;0.0
Meta_769;34922;152521.37226666667;0.4444444444444444;36466;135457.0333;0.4437971850796957;0;0.0
Meta_768;34922;152521.37226666667;0.38888888888888884;37952;69286.41415786733;0.3804063993245084;1;1.0E100
Meta_770;34922;152521.37226666667;0.5;35068;0.0;0.46351240544347894;0;0.0
Meta_694;35506;228782.05840000004;0.16666666666666666;33930;198717.07887753355;0.31681095069085824;1967;0.0
Meta_764;34922;152521.37226666667;0.16666666666666666;33929;53768.2115664516;0.3167908313283503;218;0.0
Meta_761;34922;152521.37226666667;0.0;33929;53148.8108775335;0.3167908813659656;365;0.0
Meta_763;34922;152521.37226666667;0.1111111111111111;33930;54106.47982199255;0.31681080268871586;276;0.0
Meta_766;34922;152521.37226666667;0.2777777777777778;33929;54049.0961664516;0.3167908313283503;213;0.0
Meta_777;34922;177941.6009777778;0.3333333333333333;34114;123201.95535786732;0.3296076861691448;3;2.2473945883609973E-13
Meta_778;34922;177941.6009777778;0.38888888888888884;36648;102100.77181516904;0.388748373267121;1;0.0
Meta_779;34922;177941.6009777778;0.4444444444444444;37787;18282.1675;0.4439963236963751;0;0.0
Meta_780;34922;177941.6009777778;0.5;35068;0.0;0.46351240544347894;0;0.0
Meta_756;34922;127101.14355555558;0.2777777777777778;33929;54404.64882199255;0.3167907461828398;524;0.0
Meta_745;34922;101680.91484444446;0.2222222222222222;33929;53296.6448775335;0.3167908813659656;1096;6.064310586121485E-14
Meta_771;34922;177941.6009777778;0.0;33930;52963.050021992545;0.3168107755900129;353;0.0
Meta_772;34922;177941.6009777778;0.05555555555555555;33930;53923.2199664516;0.3168108208038631;360;0.0
Meta_762;34922;152521.37226666667;0.05555555555555555;33929;52896.742021992555;0.3167907461828398;605;0.0
Meta_773;34922;177941.6009777778;0.1111111111111111;33929;53399.37762199255;0.3167907461828398;434;0.0
Meta_787;34922;203361.82968888892;0.3333333333333333;34114;158849.4018171131;0.3296076861691448;3;0.0
Meta_788;34922;203361.82968888892;0.38888888888888884;37571;149661.83184330008;0.3801865615627142;1;0.0
Meta_789;34922;203361.82968888892;0.4444444444444444;34925;129750.79050000002;0.4444105630322329;0;1.0E100
Meta_790;34922;203361.82968888892;0.5;35068;0.0;0.46351240544347894;0;0.0
Meta_776;34922;177941.6009777778;0.2777777777777778;33930;54579.54862199255;0.31681080268871586;422;0.0
Meta_774;34922;177941.6009777778;0.16666666666666666;33929;52705.3088775335;0.3167908813659656;468;0.0
Meta_785;34922;203361.82968888892;0.2222222222222222;33929;198665.55427753352;0.3167908813659656;395;0.0
Meta_781;34922;203361.82968888892;0.0;33929;198679.58662199255;0.3167907461828398;635;0.0
Meta_775;34922;177941.6009777778;0.2222222222222222;33929;54079.414021992554;0.3167907461828398;748;3.373162319063834E-14
Meta_782;34922;203361.82968888892;0.05555555555555555;33929;54242.03142199255;0.3167907461828398;752;0.0
Meta_797;34922;228782.05840000004;0.3333333333333333;34114;120866.17815786731;0.3296076861691448;9;0.0
Meta_798;34922;228782.05840000004;0.38888888888888884;35183;116166.9068;0.38852518413817577;0;0.0
Meta_799;34922;228782.05840000004;0.4444444444444444;35355;110199.8013;0.443781376544484;0;0.0
Meta_800;34922;228782.05840000004;0.5;35068;0.0;0.46351240544347894;0;0.0
Meta_801;34338;0.0;0.0;33871;50895.29175523824;0.31625274481235943;14;0.0
Meta_802;34338;0.0;0.05555555555555555;33871;50896.79386632015;0.316251354772747;154;0.0
Meta_793;34922;228782.05840000004;0.1111111111111111;33929;198442.30116645162;0.3167908313283503;633;0.0
Meta_795;34922;228782.05840000004;0.2222222222222222;33930;53198.833366451596;0.3168108208038631;442;0.0
Meta_805;34338;0.0;0.2222222222222222;33872;50933.53506632015;0.31624639793365583;5;0.0
Meta_803;34338;0.0;0.1111111111111111;33872;50933.53506632015;0.31624639793365583;66;0.0
Meta_804;34338;0.0;0.16666666666666666;33872;50933.53506632015;0.31624639793365583;47;0.0
Meta_807;34338;0.0;0.3333333333333333;33858;48827.23961156792;0.33333143823931866;28;0.0
Meta_809;34338;0.0;0.4444444444444444;34463;0.0;0.4330127018922193;0;0.0
Meta_810;34338;0.0;0.5;35068;0.0;0.46351240544347894;0;0.0
Meta_811;34338;25420.228711111115;0.0;33872;50933.53506632015;0.31624639793365583;42;0.0
Meta_806;34338;0.0;0.2777777777777778;33871;50896.79386632015;0.316251354772747;90;0.0
Meta_808;34338;0.0;0.38888888888888884;37007;25035.314460404734;0.38888857656733067;65;0.0
Meta_813;34338;25420.228711111115;0.1111111111111111;33872;50933.53506632015;0.31624639793365583;46;0.0
Meta_815;34338;25420.228711111115;0.2222222222222222;33872;50933.53506632015;0.31624639793365583;14;0.0
Meta_784;34922;203361.82968888892;0.16666666666666666;33929;52808.041621992554;0.3167907461828398;1099;7.298642390706048E-7
Meta_817;34338;25420.228711111115;0.3333333333333333;33858;48827.23961156792;0.33333143823931866;15;0.0
Meta_818;34338;25420.228711111115;0.38888888888888884;37805;25402.570781911265;0.3888284423141933;3;0.0
Meta_819;34338;25420.228711111115;0.4444444444444444;34345;4005.7383999999997;0.4282200446203971;0;0.0
Meta_820;34338;25420.228711111115;0.5;35068;0.0;0.46351240544347894;0;0.0
Meta_816;34338;25420.228711111115;0.2777777777777778;33872;50933.53506632015;0.31624639793365583;50;0.0
Meta_812;34338;25420.228711111115;0.05555555555555555;33872;50935.037177402046;0.31624597069568455;131;0.0
Meta_823;34338;50840.45742222223;0.1111111111111111;33873;50960.60086632015;0.31624850104580543;10;0.0
Meta_821;34338;50840.45742222223;0.0;33872;50933.53506632015;0.31624639793365583;31;0.0
Meta_824;34338;50840.45742222223;0.16666666666666666;33871;50905.718210779196;0.3162455887487888;14;0.0
Meta_822;34338;50840.45742222223;0.05555555555555555;33871;50897.544921861096;0.3162509908079006;30;0.0
Meta_827;34338;50840.45742222223;0.3333333333333333;33925;50863.03504533943;0.3333242902939898;3;0.0
Meta_828;34338;50840.45742222223;0.38888888888888884;37197;47945.700420546564;0.38285460910780794;0;1.0E100
Meta_829;34338;50840.45742222223;0.4444444444444444;34345;4005.7383999999997;0.4282200446203971;0;0.0
Meta_830;34338;50840.45742222223;0.5;35068;0.0;0.46351240544347894;0;0.0
Meta_825;34338;50840.45742222223;0.2222222222222222;33872;50933.53506632015;0.31624639793365583;31;0.0
Meta_826;34338;50840.45742222223;0.2777777777777778;33872;50931.2818996973;0.3162486940912723;32;0.0
Meta_832;34338;76260.68613333334;0.05555555555555555;33930;53096.100621992555;0.3168107755900129;167;0.0
Meta_814;34338;25420.228711111115;0.16666666666666666;33871;50896.79386632015;0.316251354772747;382;0.0
Meta_831;34338;76260.68613333334;0.0;33930;54594.33202199255;0.31681080268871586;242;0.0
Meta_796;34922;228782.05840000004;0.2777777777777778;33929;198606.42067753352;0.3167908813659656;884;0.0
Meta_837;34338;76260.68613333334;0.3333333333333333;34114;63472.06935786732;0.3296076861691448;2;0.0
Meta_838;34338;76260.68613333334;0.38888888888888884;37447;71912.27525379226;0.3887547707851326;0;0.0
Meta_839;34338;76260.68613333334;0.4444444444444444;34345;4005.7383999999997;0.4282200446203971;0;0.0
Meta_840;34338;76260.68613333334;0.5;35068;0.0;0.46351240544347894;0;0.0
Meta_836;34338;76260.68613333334;0.2777777777777778;33930;52716.0891664516;0.31681086226339644;98;0.0
Meta_834;34338;76260.68613333334;0.16666666666666666;33929;53606.34522199255;0.3167907461828398;179;0.0
Meta_786;34922;203361.82968888892;0.2777777777777778;33929;198797.10276645163;0.3167908313283503;1458;0.0
Meta_833;34338;76260.68613333334;0.1111111111111111;33930;54588.4729664516;0.3168108208038631;470;0.0
Meta_845;34338;101680.91484444446;0.2222222222222222;33930;52726.51562199255;0.3168107755900129;41;0.0
Meta_844;34338;101680.91484444446;0.16666666666666666;33929;52734.12462199255;0.3167907461828398;156;0.0
Meta_842;34338;101680.91484444446;0.05555555555555555;33930;53559.49402199255;0.31681080268871586;196;0.0
Meta_848;34338;101680.91484444446;0.38888888888888884;37775;91996.97912080947;0.3761864045152962;0;0.0
Meta_847;34338;101680.91484444446;0.3333333333333333;34114;100768.74175786732;0.3296076861691448;1;0.0
Meta_850;34338;101680.91484444446;0.5;35068;0.0;0.46351240544347894;0;0.0
Meta_849;34338;101680.91484444446;0.4444444444444444;34345;4005.7383999999997;0.4282200446203971;0;0.0
Meta_835;34338;76260.68613333334;0.2222222222222222;33930;52726.51562199255;0.3168107755900129;423;0.0
Meta_841;34338;101680.91484444446;0.0;33930;53776.13702199255;0.3168107755900129;457;5.786774459474234E-7
Meta_792;34922;228782.05840000004;0.05555555555555555;33929;198014.33362199255;0.3167907461828398;1734;7.178881326176648E-7
Meta_846;34338;101680.91484444446;0.2777777777777778;33930;54663.14102199255;0.3168107755900129;292;0.0
Meta_856;34338;127101.14355555558;0.2777777777777778;33930;54653.46562199255;0.31681080268871586;8;0.0
Meta_857;34338;127101.14355555558;0.3333333333333333;34114;83821.10936408542;0.33178535349127725;1;0.0
Meta_858;34338;127101.14355555558;0.38888888888888884;34384;126827.03160000002;0.3887720929446406;10;1.0E100
Meta_859;34338;127101.14355555558;0.4444444444444444;34345;4005.7383999999997;0.4282200446203971;0;0.0
Meta_860;34338;127101.14355555558;0.5;35068;0.0;0.46351240544347894;0;0.0
Meta_851;34338;127101.14355555558;0.0;33929;54582.8006775335;0.3167908813659656;316;0.0
Meta_843;34338;101680.91484444446;0.1111111111111111;33930;54662.38996645161;0.3168108208038631;498;0.0
Meta_791;34922;228782.05840000004;0.0;33930;197873.67402199254;0.3168107755900129;1815;0.0
Meta_854;34338;127101.14355555558;0.16666666666666666;33929;53799.280477533495;0.3167908813659656;194;6.623701923134875E-7
Meta_862;34338;152521.37226666667;0.05555555555555555;33929;53221.22576645161;0.3167908313283503;114;4.455668229969482E-8
Meta_863;34338;152521.37226666667;0.1111111111111111;33929;54345.51522199255;0.3167907461828398;320;0.0
Meta_867;34338;152521.37226666667;0.3333333333333333;34114;121137.30920815012;0.33293907796793343;2;0.0
Meta_868;34338;152521.37226666667;0.38888888888888884;36593;105713.21411880993;0.3886208291504603;2;0.0
Meta_869;34338;152521.37226666667;0.4444444444444444;34345;4005.7383999999997;0.4282200446203971;0;0.0
Meta_870;34338;152521.37226666667;0.5;35068;0.0;0.46351240544347894;0;0.0
Meta_861;34338;152521.37226666667;0.0;33930;53421.33542199255;0.3168107755900129;347;0.0
Meta_852;34338;127101.14355555558;0.05555555555555555;33929;52763.69142199255;0.3167907461828398;686;0.0
Meta_864;34338;152521.37226666667;0.16666666666666666;33930;53361.4507664516;0.3168108208038631;362;0.0
Meta_865;34338;152521.37226666667;0.2222222222222222;33929;54625.6487664516;0.3167908313283503;310;0.0
Meta_875;34338;177941.6009777778;0.2222222222222222;33929;54625.6487664516;0.3167908313283503;29;0.0
Meta_855;34338;127101.14355555558;0.2222222222222222;33929;53015.760277533496;0.3167908813659656;579;5.805724943801432E-7
Meta_877;34338;177941.6009777778;0.3333333333333333;34114;60620.17595786732;0.3296076861691448;2;0.0
Meta_878;34338;177941.6009777778;0.38888888888888884;36313;177061.18196270335;0.38887324817730645;2;0.0
Meta_879;34338;177941.6009777778;0.4444444444444444;34345;4005.7383999999997;0.4282200446203971;0;0.0
Meta_880;34338;177941.6009777778;0.5;35068;0.0;0.46351240544347894;0;0.0
Meta_853;34338;127101.14355555558;0.1111111111111111;33930;52760.43936645161;0.31681086226339644;887;0.0
Meta_876;34338;177941.6009777778;0.2777777777777778;33930;52726.51562199255;0.3168107755900129;280;0.0
Meta_866;34338;152521.37226666667;0.2777777777777778;33930;54056.270566451596;0.3168108208038631;619;1.0835044908622493E-13
Meta_873;34338;177941.6009777778;0.1111111111111111;33930;54209.96362199255;0.31681080268871586;512;0.0
Meta_874;34338;177941.6009777778;0.16666666666666666;33929;53709.829021992555;0.3167907461828398;511;0.0
Meta_885;34338;203361.82968888892;0.2222222222222222;33929;198856.98742199256;0.3167907461828398;55;0.0
Meta_887;34338;203361.82968888892;0.3333333333333333;34114;122583.30572449016;0.32952178386799363;2;0.0
Meta_888;34338;203361.82968888892;0.38888888888888884;34338;116159.8744;0.3840535460221626;0;0.0
Meta_889;34338;203361.82968888892;0.4444444444444444;34345;4005.7383999999997;0.4282200446203971;0;0.0
Meta_890;34338;203361.82968888892;0.5;35068;0.0;0.46351240544347894;0;0.0
Meta_886;34338;203361.82968888892;0.2777777777777778;33929;197881.28302199254;0.3167907461828398;476;0.0
Meta_884;34338;203361.82968888892;0.16666666666666666;33930;198573.60182199255;0.31681080268871586;660;0.0
Meta_783;34922;203361.82968888892;0.1111111111111111;33929;198397.95096645164;0.3167908313283503;3600;0.006565382365522395
Meta_883;34338;203361.82968888892;0.1111111111111111;33929;198753.50362199257;0.3167907461828398;965;0.0
Meta_891;34338;228782.05840000004;0.0;33929;198457.83562199256;0.3167907461828398;753;0.0
Meta_882;34338;203361.82968888892;0.05555555555555555;33929;54361.0496775335;0.3167908813659656;1263;0.0
Meta_897;34338;228782.05840000004;0.3333333333333333;34114;203669.5220171131;0.3296076861691448;2;0.0
Meta_898;34338;228782.05840000004;0.38888888888888884;34907;207247.07371711312;0.385198573775172;0;1.0E100
Meta_899;34338;228782.05840000004;0.4444444444444444;34345;4005.7383999999997;0.4282200446203971;0;0.0
Meta_900;34338;228782.05840000004;0.5;35068;0.0;0.46351240544347894;0;0.0
Meta_794;34922;228782.05840000004;0.16666666666666666;33930;54653.46562199255;0.31681080268871586;3600;0.0037307490443558985
Meta_902;33754;0.0;0.05555555555555555;33754;48283.74058848394;0.3162875621811877;17;0.0
Meta_901;33754;0.0;0.0;33754;48269.0926440249;0.31629785997852694;73;0.0
Meta_904;33754;0.0;0.16666666666666666;33754;48282.989532943;0.31628789538418806;10;0.0
Meta_905;33754;0.0;0.2222222222222222;33754;48288.713132943;0.31628433067739326;37;0.0
Meta_871;34338;177941.6009777778;0.0;33930;54609.11542199255;0.31681080268871586;1754;0.0
Meta_903;33754;0.0;0.1111111111111111;33754;48282.989532943;0.31628789538418806;106;0.0
Meta_906;33754;0.0;0.2777777777777778;33754;48282.23847740205;0.3162884492654946;20;0.0
Meta_908;33754;0.0;0.38888888888888884;33754;10209.288061587815;0.3888414322318636;2;0.0
Meta_910;33754;0.0;0.5;34197;0.0;0.4330127018922193;0;0.0
Meta_909;33754;0.0;0.4444444444444444;34197;0.0;0.4330127018922193;0;0.0
Meta_907;33754;0.0;0.3333333333333333;33754;45855.31458900976;0.33332834517926674;16;0.0
Meta_912;33754;25420.228711111115;0.05555555555555555;33754;48273.31413294299;0.3162948920864542;20;0.0
Meta_913;33754;25420.228711111115;0.1111111111111111;33754;48282.989532943;0.31628789538418806;16;0.0
Meta_911;33754;25420.228711111115;0.0;33754;48282.23847740205;0.3162884492654946;36;0.0
Meta_915;33754;25420.228711111115;0.2222222222222222;33754;48287.962077402044;0.3162848597621609;18;0.0
Meta_914;33754;25420.228711111115;0.16666666666666666;33754;48282.23847740205;0.3162884492654946;22;0.0
Meta_918;33754;25420.228711111115;0.38888888888888884;33754;14703.9732;0.3888330654329652;0;0.0
Meta_919;33754;25420.228711111115;0.4444444444444444;34197;0.0;0.4330127018922193;0;1.0E100
Meta_920;33754;25420.228711111115;0.5;34197;0.0;0.4330127018922193;0;1.0E100
Meta_917;33754;25420.228711111115;0.3333333333333333;33754;45855.31458900976;0.33332834517926674;7;0.0
Meta_894;34338;228782.05840000004;0.16666666666666666;33929;197186.46322199254;0.3167907461828398;593;0.0
Meta_916;33754;25420.228711111115;0.2777777777777778;33754;48282.989532943;0.31628789538418806;21;0.0
Meta_923;33754;50840.45742222223;0.1111111111111111;33839;50820.39572186109;0.31622884821690433;35;1.8842748702015964E-7
Meta_921;33754;50840.45742222223;0.0;33813;50828.93707740204;0.3162289932979721;87;0.0
Meta_926;33754;50840.45742222223;0.2777777777777778;33794;49359.03047740205;0.3162291173321;9;0.0
Meta_927;33754;50840.45742222223;0.3333333333333333;33754;50307.82184349907;0.3232587105793718;2;0.0
Meta_928;33754;50840.45742222223;0.38888888888888884;34042;50837.28789755424;0.38888159096971925;4;0.0
Meta_929;33754;50840.45742222223;0.4444444444444444;34197;0.0;0.4330127018922193;0;1.0E100
Meta_930;33754;50840.45742222223;0.5;34197;0.0;0.4330127018922193;0;1.0E100
Meta_922;33754;50840.45742222223;0.05555555555555555;33791;49392.14847740205;0.31623005723952685;140;0.0
Meta_924;33754;50840.45742222223;0.16666666666666666;33859;50819.27217740205;0.3162288473496729;145;0.0
Meta_895;34338;228782.05840000004;0.2222222222222222;33929;54049.84722199255;0.3167907461828398;654;0.0
Meta_925;33754;50840.45742222223;0.2222222222222222;33832;50559.20777740204;0.31622932255843056;115;0.0
Meta_935;33754;76260.68613333334;0.2222222222222222;33754;67380.9039218611;0.31622888821488204;132;0.0
Meta_933;33754;76260.68613333334;0.1111111111111111;33797;56045.53122186109;0.31622855132005606;193;0.0
Meta_937;33754;76260.68613333334;0.3333333333333333;33754;50794.22803189137;0.32928801497282484;2;0.0
Meta_938;33754;76260.68613333334;0.38888888888888884;33778;15560.097;0.38879866233283916;0;0.0
Meta_939;33754;76260.68613333334;0.4444444444444444;34197;0.0;0.4330127018922193;0;1.0E100
Meta_940;33754;76260.68613333334;0.5;34197;0.0;0.4330127018922193;0;1.0E100
Meta_932;33754;76260.68613333334;0.05555555555555555;33761;68549.87377740206;0.31622933210350906;223;0.0
Meta_931;33754;76260.68613333334;0.0;33754;54376.283632943;0.3162287426460546;283;0.0
Meta_934;33754;76260.68613333334;0.16666666666666666;33854;51997.9659218611;0.3162288830008461;237;0.0
Meta_936;33754;76260.68613333334;0.2777777777777778;33807;55371.198166320144;0.31622890020527455;124;0.0
Meta_941;33754;101680.91484444446;0.0;33754;53888.43143294299;0.3162287426460546;118;0.0
Meta_893;34338;228782.05840000004;0.1111111111111111;33929;52911.52542199255;0.3167907461828398;1265;0.0
Meta_947;33754;101680.91484444446;0.3333333333333333;33754;55483.350155238244;0.32563697236326494;1;0.0
Meta_948;33754;101680.91484444446;0.38888888888888884;33795;17045.288800000002;0.3874826348551095;0;0.0
Meta_949;33754;101680.91484444446;0.4444444444444444;34197;0.0;0.4330127018922193;0;1.0E100
Meta_950;33754;101680.91484444446;0.5;34197;0.0;0.4330127018922193;0;1.0E100
Meta_945;33754;101680.91484444446;0.2222222222222222;33855;52162.16957740204;0.31622902529178504;146;1.468763212275721E-7
Meta_943;33754;101680.91484444446;0.1111111111111111;33756;68503.52757740204;0.3162288563774171;193;0.0
Meta_951;33754;127101.14355555558;0.0;33763;54182.32567740205;0.316228482722373;96;0.0
Meta_942;33754;101680.91484444446;0.05555555555555555;33773;54242.19007740204;0.3162285741938852;291;0.0
Meta_944;33754;101680.91484444446;0.16666666666666666;33754;67040.2701218611;0.316228989932751;265;0.0
Meta_952;33754;127101.14355555558;0.05555555555555555;33764;67830.72486632015;0.31622934911823697;99;0.0
Meta_957;33754;127101.14355555558;0.3333333333333333;33762;76065.85335786732;0.33239902717083364;3;1.0E100
Meta_958;33754;127101.14355555558;0.38888888888888884;33754;15966.190200000001;0.3881719869334678;0;0.0
Meta_959;33754;127101.14355555558;0.4444444444444444;34197;0.0;0.4330127018922193;0;1.0E100
Meta_960;33754;127101.14355555558;0.5;34197;0.0;0.4330127018922193;0;1.0E100
Meta_946;33754;101680.91484444446;0.2777777777777778;33810;56743.389677402054;0.3162290910447966;201;0.0
Meta_956;33754;127101.14355555558;0.2777777777777778;33757;68496.054032943;0.31622904045626726;24;0.0
Meta_953;33754;127101.14355555558;0.1111111111111111;33783;55231.57458848394;0.3162288953035007;140;0.0
Meta_955;33754;127101.14355555558;0.2222222222222222;33803;55708.6571218611;0.31622942023012857;159;0.0
Meta_963;33754;152521.37226666667;0.1111111111111111;33763;68001.7023218611;0.3162289586100917;160;2.0481289001655327E-7
Meta_965;33754;152521.37226666667;0.2222222222222222;33761;68328.73837740204;0.3162289929956039;31;0.0
Meta_967;33754;152521.37226666667;0.3333333333333333;33972;93989.69365786732;0.32623089217514073;3;0.0
Meta_968;33754;152521.37226666667;0.38888888888888884;33756;139682.5772;0.3883956487333643;0;0.0
Meta_969;33754;152521.37226666667;0.4444444444444444;34197;0.0;0.4330127018922193;0;1.0E100
Meta_970;33754;152521.37226666667;0.5;34197;0.0;0.4330127018922193;0;1.0E100
Meta_962;33754;152521.37226666667;0.05555555555555555;33820;56077.36536632015;0.3162289943890749;188;0.0
Meta_961;33754;152521.37226666667;0.0;33847;51464.2021218611;0.31622885888768726;205;0.0
Meta_966;33754;152521.37226666667;0.2777777777777778;33814;51323.931888483945;0.3162293004566369;38;0.0
Meta_964;33754;152521.37226666667;0.16666666666666666;33778;50179.72027740205;0.3162293013514662;176;0.0
Meta_881;34338;203361.82968888892;0.0;33929;53000.22582199255;0.3167907461828398;2534;0.0
Meta_892;34338;228782.05840000004;0.05555555555555555;33929;197171.67982199253;0.3167907461828398;1706;0.0
Meta_977;33754;177941.6009777778;0.3333333333333333;33859;176855.38752635464;0.3271440424091274;3;1.0E100
Meta_978;33754;177941.6009777778;0.38888888888888884;38430;147983.0321171131;0.3888727857174683;0;1.0E100
Meta_979;33754;177941.6009777778;0.4444444444444444;34197;0.0;0.4330127018922193;0;1.0E100
Meta_980;33754;177941.6009777778;0.5;34197;0.0;0.4330127018922193;0;1.0E100
Meta_954;33754;127101.14355555558;0.16666666666666666;33787;56262.49717740204;0.31622860657597934;324;0.0
Meta_973;33754;177941.6009777778;0.1111111111111111;33794;55344.900121861094;0.31622915559752546;110;0.0
Meta_976;33754;177941.6009777778;0.2777777777777778;33757;55029.84142186109;0.31622925664184187;101;0.0
Meta_971;33754;177941.6009777778;0.0;33761;55671.39127740204;0.3162286101827281;183;4.469496231837209E-7
Meta_975;33754;177941.6009777778;0.2222222222222222;33757;53922.588532942995;0.3162293151598163;138;0.0
Meta_972;33754;177941.6009777778;0.05555555555555555;33797;55956.8308218611;0.31622855132005606;179;0.0
Meta_987;33754;203361.82968888892;0.3333333333333333;33810;70403.99065786731;0.322897538752294;1;1.0E100
Meta_988;33754;203361.82968888892;0.38888888888888884;33754;14703.9732;0.3888330654329652;0;0.0
Meta_989;33754;203361.82968888892;0.4444444444444444;34197;0.0;0.4330127018922193;0;1.0E100
Meta_974;33754;177941.6009777778;0.16666666666666666;33799;54654.97687740205;0.3162284722232732;165;0.0
Meta_990;33754;203361.82968888892;0.5;34197;0.0;0.4330127018922193;0;1.0E100
Meta_985;33754;203361.82968888892;0.2222222222222222;33755;68734.11877740205;0.31622900574175017;26;0.0
Meta_984;33754;203361.82968888892;0.16666666666666666;33799;199373.41667740207;0.3162284722232732;107;0.0
Meta_986;33754;203361.82968888892;0.2777777777777778;33832;195374.6567218611;0.31622885365619463;93;0.0
Meta_992;33754;228782.05840000004;0.05555555555555555;33779;55927.4728218611;0.3162285356023666;84;0.0
Meta_995;33754;228782.05840000004;0.2222222222222222;33797;54611.5414218611;0.31622855132005606;6;1.8417432590443196E-7
Meta_997;33754;228782.05840000004;0.3333333333333333;33754;163712.4633850903;0.33038246686562706;1;0.0
Meta_998;33754;228782.05840000004;0.38888888888888884;33754;125443.80290644123;0.38873386668911813;0;0.0
Meta_999;33754;228782.05840000004;0.4444444444444444;34197;0.0;0.4330127018922193;0;1.0E100
Meta_1000;33754;228782.05840000004;0.5;34197;0.0;0.4330127018922193;0;1.0E100
Meta_991;33754;228782.05840000004;0.0;33784;200190.8544218611;0.31622853082119523;116;0.0
Meta_996;33754;228782.05840000004;0.2777777777777778;33754;211222.90163294302;0.3162292222754887;58;0.0
Meta_981;33754;203361.82968888892;0.0;33795;200220.32037740207;0.31622863710194793;306;0.0
Meta_982;33754;203361.82968888892;0.05555555555555555;33757;199557.59913294303;0.3162293151598163;344;0.0
Meta_983;33754;203361.82968888892;0.1111111111111111;33754;54768.04247740204;0.3162286498927825;348;0.0
Meta_993;33754;228782.05840000004;0.1111111111111111;33758;199518.3056218611;0.3162292471634189;290;0.0
Meta_994;33754;228782.05840000004;0.16666666666666666;33777;199644.727632943;0.31622868385889175;305;0.0
Meta_872;34338;177941.6009777778;0.05555555555555555;33930;53293.39282199255;0.31681080268871586;3600;0.0014486918435546899
Meta_896;34338;228782.05840000004;0.2777777777777778;33929;198486.6513664516;0.3167908313283503;3312;0.0
